    -0.044444    -0.025185     0.456741     0.670000     0.000931
    -0.044444    -0.025185     0.457235     0.670000     0.000880
    -0.044444    -0.025185     0.457729     0.670000     0.000871
    -0.044444    -0.025185     0.458222     0.670000     0.000903
    -0.044444    -0.025185     0.458716     0.670000     0.000976
    -0.044444    -0.023704     0.457235     0.670000     0.000893
    -0.044444    -0.023704     0.457729     0.670000     0.000780
    -0.044444    -0.023704     0.458222     0.670000     0.000707
    -0.044444    -0.023704     0.458716     0.670000     0.000676
    -0.044444    -0.023704     0.459210     0.670000     0.000687
    -0.044444    -0.023704     0.459704     0.670000     0.000740
    -0.044444    -0.023704     0.460198     0.670000     0.000834
    -0.044444    -0.023704     0.460691     0.670000     0.000970
    -0.044444     0.023704     0.456741     0.670000     0.000996
    -0.044444     0.023704     0.457235     0.670000     0.000834
    -0.044444     0.023704     0.457729     0.670000     0.000714
    -0.044444     0.023704     0.458222     0.670000     0.000634
    -0.044444     0.023704     0.458716     0.670000     0.000596
    -0.044444     0.023704     0.459210     0.670000     0.000599
    -0.044444     0.023704     0.459704     0.670000     0.000644
    -0.044444     0.023704     0.460198     0.670000     0.000730
    -0.044444     0.023704     0.460691     0.670000     0.000857
    -0.044444     0.025185     0.456741     0.670000     0.000978
    -0.044444     0.025185     0.457235     0.670000     0.000920
    -0.044444     0.025185     0.457729     0.670000     0.000903
    -0.044444     0.025185     0.458222     0.670000     0.000926
    -0.044444     0.025185     0.458716     0.670000     0.000990
    -0.042963    -0.026667     0.453778     0.670000     0.000954
    -0.042963    -0.026667     0.454272     0.670000     0.000825
    -0.042963    -0.026667     0.454766     0.670000     0.000737
    -0.042963    -0.026667     0.455259     0.670000     0.000691
    -0.042963    -0.026667     0.455753     0.670000     0.000687
    -0.042963    -0.026667     0.456247     0.670000     0.000725
    -0.042963    -0.026667     0.456741     0.670000     0.000804
    -0.042963    -0.026667     0.457235     0.670000     0.000924
    -0.042963     0.026667     0.453778     0.670000     0.000958
    -0.042963     0.026667     0.454272     0.670000     0.000823
    -0.042963     0.026667     0.454766     0.670000     0.000728
    -0.042963     0.026667     0.455259     0.670000     0.000675
    -0.042963     0.026667     0.455753     0.670000     0.000663
    -0.042963     0.026667     0.456247     0.670000     0.000693
    -0.042963     0.026667     0.456741     0.670000     0.000764
    -0.042963     0.026667     0.457235     0.670000     0.000875
    -0.004444    -0.050370     0.452296     0.670000     0.000970
    -0.004444    -0.050370     0.452790     0.670000     0.000956
    -0.004444    -0.050370     0.453284     0.670000     0.000984
    -0.004444     0.050370     0.452296     0.670000     0.000995
    -0.004444     0.050370     0.452790     0.670000     0.000951
    -0.004444     0.050370     0.453284     0.670000     0.000950
    -0.004444     0.050370     0.453778     0.670000     0.000991
    -0.002963    -0.050370     0.452790     0.670000     0.000876
    -0.002963    -0.050370     0.453284     0.670000     0.000780
    -0.002963    -0.050370     0.453778     0.670000     0.000726
    -0.002963    -0.050370     0.454272     0.670000     0.000715
    -0.002963    -0.050370     0.454766     0.670000     0.000746
    -0.002963    -0.050370     0.455259     0.670000     0.000819
    -0.002963    -0.050370     0.455753     0.670000     0.000934
    -0.002963     0.050370     0.452790     0.670000     0.000957
    -0.002963     0.050370     0.453284     0.670000     0.000832
    -0.002963     0.050370     0.453778     0.670000     0.000748
    -0.002963     0.050370     0.454272     0.670000     0.000707
    -0.002963     0.050370     0.454766     0.670000     0.000709
    -0.002963     0.050370     0.455259     0.670000     0.000752
    -0.002963     0.050370     0.455753     0.670000     0.000837
    -0.002963     0.050370     0.456247     0.670000     0.000965
    -0.001481    -0.050370     0.453778     0.670000     0.000861
    -0.001481    -0.050370     0.454272     0.670000     0.000725
    -0.001481    -0.050370     0.454766     0.670000     0.000632
    -0.001481    -0.050370     0.455259     0.670000     0.000581
    -0.001481    -0.050370     0.455753     0.670000     0.000572
    -0.001481    -0.050370     0.456247     0.670000     0.000606
    -0.001481    -0.050370     0.456741     0.670000     0.000682
    -0.001481    -0.050370     0.457235     0.670000     0.000800
    -0.001481    -0.050370     0.457729     0.670000     0.000960
    -0.001481     0.050370     0.453778     0.670000     0.000973
    -0.001481     0.050370     0.454272     0.670000     0.000809
    -0.001481     0.050370     0.454766     0.670000     0.000686
    -0.001481     0.050370     0.455259     0.670000     0.000605
    -0.001481     0.050370     0.455753     0.670000     0.000566
    -0.001481     0.050370     0.456247     0.670000     0.000570
    -0.001481     0.050370     0.456741     0.670000     0.000616
    -0.001481     0.050370     0.457235     0.670000     0.000704
    -0.001481     0.050370     0.457729     0.670000     0.000834
     0.000000    -0.050370     0.454766     0.670000     0.000977
     0.000000    -0.050370     0.455259     0.670000     0.000802
     0.000000    -0.050370     0.455753     0.670000     0.000670
     0.000000    -0.050370     0.456247     0.670000     0.000579
     0.000000    -0.050370     0.456741     0.670000     0.000530
     0.000000    -0.050370     0.457235     0.670000     0.000524
     0.000000    -0.050370     0.457729     0.670000     0.000561
     0.000000    -0.050370     0.458222     0.670000     0.000639
     0.000000    -0.050370     0.458716     0.670000     0.000760
     0.000000    -0.050370     0.459210     0.670000     0.000922
     0.000000     0.050370     0.455259     0.670000     0.000918
     0.000000     0.050370     0.455753     0.670000     0.000756
     0.000000     0.050370     0.456247     0.670000     0.000636
     0.000000     0.050370     0.456741     0.670000     0.000557
     0.000000     0.050370     0.457235     0.670000     0.000521
     0.000000     0.050370     0.457729     0.670000     0.000527
     0.000000     0.050370     0.458222     0.670000     0.000576
     0.000000     0.050370     0.458716     0.670000     0.000667
     0.000000     0.050370     0.459210     0.670000     0.000799
     0.000000     0.050370     0.459704     0.670000     0.000974
     0.001481    -0.050370     0.456741     0.670000     0.000837
     0.001481    -0.050370     0.457235     0.670000     0.000707
     0.001481    -0.050370     0.457729     0.670000     0.000619
     0.001481    -0.050370     0.458222     0.670000     0.000573
     0.001481    -0.050370     0.458716     0.670000     0.000569
     0.001481    -0.050370     0.459210     0.670000     0.000608
     0.001481    -0.050370     0.459704     0.670000     0.000689
     0.001481    -0.050370     0.460198     0.670000     0.000812
     0.001481    -0.050370     0.460691     0.670000     0.000976
     0.001481     0.050370     0.456741     0.670000     0.000956
     0.001481     0.050370     0.457235     0.670000     0.000797
     0.001481     0.050370     0.457729     0.670000     0.000679
     0.001481     0.050370     0.458222     0.670000     0.000603
     0.001481     0.050370     0.458716     0.670000     0.000569
     0.001481     0.050370     0.459210     0.670000     0.000578
     0.001481     0.050370     0.459704     0.670000     0.000629
     0.001481     0.050370     0.460198     0.670000     0.000722
     0.001481     0.050370     0.460691     0.670000     0.000858
     0.002963    -0.050370     0.458222     0.670000     0.000967
     0.002963    -0.050370     0.458716     0.670000     0.000840
     0.002963    -0.050370     0.459210     0.670000     0.000755
     0.002963    -0.050370     0.459704     0.670000     0.000711
     0.002963    -0.050370     0.460198     0.670000     0.000710
     0.002963    -0.050370     0.460691     0.670000     0.000751
     0.002963    -0.050370     0.461185     0.670000     0.000835
     0.002963    -0.050370     0.461679     0.670000     0.000960
     0.002963     0.050370     0.458716     0.670000     0.000930
     0.002963     0.050370     0.459210     0.670000     0.000815
     0.002963     0.050370     0.459704     0.670000     0.000742
     0.002963     0.050370     0.460198     0.670000     0.000711
     0.002963     0.050370     0.460691     0.670000     0.000723
     0.002963     0.050370     0.461185     0.670000     0.000776
     0.002963     0.050370     0.461679     0.670000     0.000872
     0.004444    -0.050370     0.460691     0.670000     0.000993
     0.004444    -0.050370     0.461185     0.670000     0.000953
     0.004444    -0.050370     0.461679     0.670000     0.000954
     0.004444    -0.050370     0.462173     0.670000     0.000998
     0.004444     0.050370     0.461185     0.670000     0.000980
     0.004444     0.050370     0.461679     0.670000     0.000952
     0.004444     0.050370     0.462173     0.670000     0.000966
     0.042963    -0.026667     0.457235     0.670000     0.000858
     0.042963    -0.026667     0.457729     0.670000     0.000746
     0.042963    -0.026667     0.458222     0.670000     0.000675
     0.042963    -0.026667     0.458716     0.670000     0.000646
     0.042963    -0.026667     0.459210     0.670000     0.000657
     0.042963    -0.026667     0.459704     0.670000     0.000710
     0.042963    -0.026667     0.460198     0.670000     0.000805
     0.042963    -0.026667     0.460691     0.670000     0.000940
     0.042963    -0.025185     0.457235     0.670000     0.001000
     0.042963    -0.025185     0.457729     0.670000     0.000995
     0.042963     0.026667     0.457235     0.670000     0.000904
     0.042963     0.026667     0.457729     0.670000     0.000783
     0.042963     0.026667     0.458222     0.670000     0.000704
     0.042963     0.026667     0.458716     0.670000     0.000666
     0.042963     0.026667     0.459210     0.670000     0.000670
     0.042963     0.026667     0.459704     0.670000     0.000715
     0.042963     0.026667     0.460198     0.670000     0.000803
     0.042963     0.026667     0.460691     0.670000     0.000932
     0.044444    -0.025185     0.455753     0.670000     0.000972
     0.044444    -0.025185     0.456247     0.670000     0.000908
     0.044444    -0.025185     0.456741     0.670000     0.000884
     0.044444    -0.025185     0.457235     0.670000     0.000901
     0.044444    -0.025185     0.457729     0.670000     0.000960
     0.044444    -0.023704     0.453778     0.670000     0.000838
     0.044444    -0.023704     0.454272     0.670000     0.000711
     0.044444    -0.023704     0.454766     0.670000     0.000625
     0.044444    -0.023704     0.455259     0.670000     0.000580
     0.044444    -0.023704     0.455753     0.670000     0.000577
     0.044444    -0.023704     0.456247     0.670000     0.000615
     0.044444    -0.023704     0.456741     0.670000     0.000694
     0.044444    -0.023704     0.457235     0.670000     0.000815
     0.044444    -0.023704     0.457729     0.670000     0.000976
     0.044444     0.023704     0.453778     0.670000     0.000947
     0.044444     0.023704     0.454272     0.670000     0.000811
     0.044444     0.023704     0.454766     0.670000     0.000717
     0.044444     0.023704     0.455259     0.670000     0.000664
     0.044444     0.023704     0.455753     0.670000     0.000652
     0.044444     0.023704     0.456247     0.670000     0.000683
     0.044444     0.023704     0.456741     0.670000     0.000755
     0.044444     0.023704     0.457235     0.670000     0.000868
     0.044444     0.025185     0.455753     0.670000     0.000953
     0.044444     0.025185     0.456247     0.670000     0.000880
     0.044444     0.025185     0.456741     0.670000     0.000847
     0.044444     0.025185     0.457235     0.670000     0.000856
     0.044444     0.025185     0.457729     0.670000     0.000907
     0.044444     0.025185     0.458222     0.670000     0.000998


    -0.044444    -0.025185     0.457235     0.674138     0.000948
    -0.044444    -0.025185     0.457729     0.674138     0.000938
    -0.044444    -0.025185     0.458222     0.674138     0.000971
    -0.044444    -0.023704     0.457235     0.674138     0.000876
    -0.044444    -0.023704     0.457729     0.674138     0.000756
    -0.044444    -0.023704     0.458222     0.674138     0.000680
    -0.044444    -0.023704     0.458716     0.674138     0.000647
    -0.044444    -0.023704     0.459210     0.674138     0.000657
    -0.044444    -0.023704     0.459704     0.674138     0.000711
    -0.044444    -0.023704     0.460198     0.674138     0.000807
    -0.044444    -0.023704     0.460691     0.674138     0.000947
    -0.044444     0.023704     0.456741     0.674138     0.000993
    -0.044444     0.023704     0.457235     0.674138     0.000825
    -0.044444     0.023704     0.457729     0.674138     0.000699
    -0.044444     0.023704     0.458222     0.674138     0.000615
    -0.044444     0.023704     0.458716     0.674138     0.000574
    -0.044444     0.023704     0.459210     0.674138     0.000577
    -0.044444     0.023704     0.459704     0.674138     0.000622
    -0.044444     0.023704     0.460198     0.674138     0.000710
    -0.044444     0.023704     0.460691     0.674138     0.000841
    -0.044444     0.025185     0.457235     0.674138     0.001000
    -0.044444     0.025185     0.457729     0.674138     0.000982
    -0.042963    -0.026667     0.453778     0.674138     0.000951
    -0.042963    -0.026667     0.454272     0.674138     0.000819
    -0.042963    -0.026667     0.454766     0.674138     0.000730
    -0.042963    -0.026667     0.455259     0.674138     0.000683
    -0.042963    -0.026667     0.455753     0.674138     0.000681
    -0.042963    -0.026667     0.456247     0.674138     0.000721
    -0.042963    -0.026667     0.456741     0.674138     0.000805
    -0.042963    -0.026667     0.457235     0.674138     0.000932
    -0.042963     0.025185     0.456247     0.674138     0.000979
    -0.042963     0.025185     0.456741     0.674138     0.000942
    -0.042963     0.025185     0.457235     0.674138     0.000947
    -0.042963     0.025185     0.457729     0.674138     0.000995
    -0.042963     0.026667     0.453778     0.674138     0.000965
    -0.042963     0.026667     0.454272     0.674138     0.000827
    -0.042963     0.026667     0.454766     0.674138     0.000731
    -0.042963     0.026667     0.455259     0.674138     0.000677
    -0.042963     0.026667     0.455753     0.674138     0.000667
    -0.042963     0.026667     0.456247     0.674138     0.000699
    -0.042963     0.026667     0.456741     0.674138     0.000774
    -0.042963     0.026667     0.457235     0.674138     0.000892
    -0.004444    -0.050370     0.452296     0.674138     0.000951
    -0.004444    -0.050370     0.452790     0.674138     0.000941
    -0.004444    -0.050370     0.453284     0.674138     0.000974
    -0.004444     0.050370     0.452296     0.674138     0.000978
    -0.004444     0.050370     0.452790     0.674138     0.000937
    -0.004444     0.050370     0.453284     0.674138     0.000939
    -0.004444     0.050370     0.453778     0.674138     0.000985
    -0.002963    -0.050370     0.452296     0.674138     0.000988
    -0.002963    -0.050370     0.452790     0.674138     0.000848
    -0.002963    -0.050370     0.453284     0.674138     0.000751
    -0.002963    -0.050370     0.453778     0.674138     0.000698
    -0.002963    -0.050370     0.454272     0.674138     0.000689
    -0.002963    -0.050370     0.454766     0.674138     0.000724
    -0.002963    -0.050370     0.455259     0.674138     0.000803
    -0.002963    -0.050370     0.455753     0.674138     0.000925
    -0.002963     0.050370     0.452790     0.674138     0.000933
    -0.002963     0.050370     0.453284     0.674138     0.000806
    -0.002963     0.050370     0.453778     0.674138     0.000722
    -0.002963     0.050370     0.454272     0.674138     0.000682
    -0.002963     0.050370     0.454766     0.674138     0.000686
    -0.002963     0.050370     0.455259     0.674138     0.000733
    -0.002963     0.050370     0.455753     0.674138     0.000824
    -0.002963     0.050370     0.456247     0.674138     0.000959
    -0.001481    -0.050370     0.453778     0.674138     0.000834
    -0.001481    -0.050370     0.454272     0.674138     0.000695
    -0.001481    -0.050370     0.454766     0.674138     0.000600
    -0.001481    -0.050370     0.455259     0.674138     0.000548
    -0.001481    -0.050370     0.455753     0.674138     0.000541
    -0.001481    -0.050370     0.456247     0.674138     0.000577
    -0.001481    -0.050370     0.456741     0.674138     0.000658
    -0.001481    -0.050370     0.457235     0.674138     0.000781
    -0.001481    -0.050370     0.457729     0.674138     0.000948
    -0.001481     0.050370     0.453778     0.674138     0.000952
    -0.001481     0.050370     0.454272     0.674138     0.000783
    -0.001481     0.050370     0.454766     0.674138     0.000656
    -0.001481     0.050370     0.455259     0.674138     0.000574
    -0.001481     0.050370     0.455753     0.674138     0.000535
    -0.001481     0.050370     0.456247     0.674138     0.000540
    -0.001481     0.050370     0.456741     0.674138     0.000588
    -0.001481     0.050370     0.457235     0.674138     0.000681
    -0.001481     0.050370     0.457729     0.674138     0.000817
    -0.001481     0.050370     0.458222     0.674138     0.000996
     0.000000    -0.050370     0.454766     0.674138     0.000959
     0.000000    -0.050370     0.455259     0.674138     0.000779
     0.000000    -0.050370     0.455753     0.674138     0.000641
     0.000000    -0.050370     0.456247     0.674138     0.000547
     0.000000    -0.050370     0.456741     0.674138     0.000497
     0.000000    -0.050370     0.457235     0.674138     0.000491
     0.000000    -0.050370     0.457729     0.674138     0.000528
     0.000000    -0.050370     0.458222     0.674138     0.000610
     0.000000    -0.050370     0.458716     0.674138     0.000735
     0.000000    -0.050370     0.459210     0.674138     0.000904
     0.000000     0.050370     0.455259     0.674138     0.000900
     0.000000     0.050370     0.455753     0.674138     0.000732
     0.000000     0.050370     0.456247     0.674138     0.000607
     0.000000     0.050370     0.456741     0.674138     0.000525
     0.000000     0.050370     0.457235     0.674138     0.000487
     0.000000     0.050370     0.457729     0.674138     0.000494
     0.000000     0.050370     0.458222     0.674138     0.000544
     0.000000     0.050370     0.458716     0.674138     0.000638
     0.000000     0.050370     0.459210     0.674138     0.000776
     0.000000     0.050370     0.459704     0.674138     0.000956
     0.001481    -0.050370     0.456247     0.674138     0.000999
     0.001481    -0.050370     0.456741     0.674138     0.000820
     0.001481    -0.050370     0.457235     0.674138     0.000684
     0.001481    -0.050370     0.457729     0.674138     0.000591
     0.001481    -0.050370     0.458222     0.674138     0.000543
     0.001481    -0.050370     0.458716     0.674138     0.000538
     0.001481    -0.050370     0.459210     0.674138     0.000577
     0.001481    -0.050370     0.459704     0.674138     0.000660
     0.001481    -0.050370     0.460198     0.674138     0.000786
     0.001481    -0.050370     0.460691     0.674138     0.000956
     0.001481     0.050370     0.456741     0.674138     0.000945
     0.001481     0.050370     0.457235     0.674138     0.000778
     0.001481     0.050370     0.457729     0.674138     0.000654
     0.001481     0.050370     0.458222     0.674138     0.000574
     0.001481     0.050370     0.458716     0.674138     0.000537
     0.001481     0.050370     0.459210     0.674138     0.000545
     0.001481     0.050370     0.459704     0.674138     0.000597
     0.001481     0.050370     0.460198     0.674138     0.000692
     0.001481     0.050370     0.460691     0.674138     0.000831
     0.002963    -0.050370     0.458222     0.674138     0.000961
     0.002963    -0.050370     0.458716     0.674138     0.000827
     0.002963    -0.050370     0.459210     0.674138     0.000736
     0.002963    -0.050370     0.459704     0.674138     0.000689
     0.002963    -0.050370     0.460198     0.674138     0.000685
     0.002963    -0.050370     0.460691     0.674138     0.000725
     0.002963    -0.050370     0.461185     0.674138     0.000809
     0.002963    -0.050370     0.461679     0.674138     0.000937
     0.002963     0.050370     0.458716     0.674138     0.000921
     0.002963     0.050370     0.459210     0.674138     0.000799
     0.002963     0.050370     0.459704     0.674138     0.000720
     0.002963     0.050370     0.460198     0.674138     0.000686
     0.002963     0.050370     0.460691     0.674138     0.000695
     0.002963     0.050370     0.461185     0.674138     0.000748
     0.002963     0.050370     0.461679     0.674138     0.000845
     0.002963     0.050370     0.462173     0.674138     0.000985
     0.004444    -0.050370     0.460691     0.674138     0.000988
     0.004444    -0.050370     0.461185     0.674138     0.000942
     0.004444    -0.050370     0.461679     0.674138     0.000940
     0.004444    -0.050370     0.462173     0.674138     0.000981
     0.004444     0.050370     0.461185     0.674138     0.000970
     0.004444     0.050370     0.461679     0.674138     0.000937
     0.004444     0.050370     0.462173     0.674138     0.000948
     0.042963    -0.026667     0.457235     0.674138     0.000874
     0.042963    -0.026667     0.457729     0.674138     0.000757
     0.042963    -0.026667     0.458222     0.674138     0.000681
     0.042963    -0.026667     0.458716     0.674138     0.000649
     0.042963    -0.026667     0.459210     0.674138     0.000659
     0.042963    -0.026667     0.459704     0.674138     0.000713
     0.042963    -0.026667     0.460198     0.674138     0.000809
     0.042963    -0.026667     0.460691     0.674138     0.000947
     0.042963    -0.025185     0.456741     0.674138     0.000977
     0.042963    -0.025185     0.457235     0.674138     0.000929
     0.042963    -0.025185     0.457729     0.674138     0.000923
     0.042963    -0.025185     0.458222     0.674138     0.000960
     0.042963     0.026667     0.457235     0.674138     0.000911
     0.042963     0.026667     0.457729     0.674138     0.000784
     0.042963     0.026667     0.458222     0.674138     0.000700
     0.042963     0.026667     0.458716     0.674138     0.000659
     0.042963     0.026667     0.459210     0.674138     0.000661
     0.042963     0.026667     0.459704     0.674138     0.000707
     0.042963     0.026667     0.460198     0.674138     0.000796
     0.042963     0.026667     0.460691     0.674138     0.000928
     0.044444    -0.025185     0.456247     0.674138     0.000988
     0.044444    -0.025185     0.456741     0.674138     0.000963
     0.044444    -0.025185     0.457235     0.674138     0.000981
     0.044444    -0.023704     0.453284     0.674138     0.000995
     0.044444    -0.023704     0.453778     0.674138     0.000822
     0.044444    -0.023704     0.454272     0.674138     0.000691
     0.044444    -0.023704     0.454766     0.674138     0.000603
     0.044444    -0.023704     0.455259     0.674138     0.000557
     0.044444    -0.023704     0.455753     0.674138     0.000555
     0.044444    -0.023704     0.456247     0.674138     0.000595
     0.044444    -0.023704     0.456741     0.674138     0.000679
     0.044444    -0.023704     0.457235     0.674138     0.000805
     0.044444    -0.023704     0.457729     0.674138     0.000973
     0.044444     0.023704     0.453778     0.674138     0.000924
     0.044444     0.023704     0.454272     0.674138     0.000784
     0.044444     0.023704     0.454766     0.674138     0.000687
     0.044444     0.023704     0.455259     0.674138     0.000633
     0.044444     0.023704     0.455753     0.674138     0.000623
     0.044444     0.023704     0.456247     0.674138     0.000655
     0.044444     0.023704     0.456741     0.674138     0.000731
     0.044444     0.023704     0.457235     0.674138     0.000850
     0.044444     0.025185     0.456247     0.674138     0.000948
     0.044444     0.025185     0.456741     0.674138     0.000914
     0.044444     0.025185     0.457235     0.674138     0.000924
     0.044444     0.025185     0.457729     0.674138     0.000976
     0.045926    -0.020741     0.452296     0.674138     0.000990


    -0.045926     0.020741     0.462173     0.678276     0.000985
    -0.044444    -0.023704     0.457235     0.678276     0.000858
    -0.044444    -0.023704     0.457729     0.678276     0.000733
    -0.044444    -0.023704     0.458222     0.678276     0.000652
    -0.044444    -0.023704     0.458716     0.678276     0.000616
    -0.044444    -0.023704     0.459210     0.678276     0.000626
    -0.044444    -0.023704     0.459704     0.678276     0.000680
    -0.044444    -0.023704     0.460198     0.678276     0.000779
    -0.044444    -0.023704     0.460691     0.678276     0.000923
    -0.044444     0.023704     0.456741     0.678276     0.000991
    -0.044444     0.023704     0.457235     0.678276     0.000815
    -0.044444     0.023704     0.457729     0.678276     0.000683
    -0.044444     0.023704     0.458222     0.678276     0.000595
    -0.044444     0.023704     0.458716     0.678276     0.000552
    -0.044444     0.023704     0.459210     0.678276     0.000553
    -0.044444     0.023704     0.459704     0.678276     0.000599
    -0.044444     0.023704     0.460198     0.678276     0.000689
    -0.044444     0.023704     0.460691     0.678276     0.000824
    -0.042963    -0.026667     0.453778     0.678276     0.000948
    -0.042963    -0.026667     0.454272     0.678276     0.000813
    -0.042963    -0.026667     0.454766     0.678276     0.000722
    -0.042963    -0.026667     0.455259     0.678276     0.000676
    -0.042963    -0.026667     0.455753     0.678276     0.000675
    -0.042963    -0.026667     0.456247     0.678276     0.000719
    -0.042963    -0.026667     0.456741     0.678276     0.000807
    -0.042963    -0.026667     0.457235     0.678276     0.000941
    -0.042963    -0.025185     0.456741     0.678276     0.000999
    -0.042963     0.025185     0.455753     0.678276     0.000986
    -0.042963     0.025185     0.456247     0.678276     0.000903
    -0.042963     0.025185     0.456741     0.678276     0.000865
    -0.042963     0.025185     0.457235     0.678276     0.000871
    -0.042963     0.025185     0.457729     0.678276     0.000922
    -0.042963     0.026667     0.453778     0.678276     0.000974
    -0.042963     0.026667     0.454272     0.678276     0.000832
    -0.042963     0.026667     0.454766     0.678276     0.000734
    -0.042963     0.026667     0.455259     0.678276     0.000681
    -0.042963     0.026667     0.455753     0.678276     0.000671
    -0.042963     0.026667     0.456247     0.678276     0.000707
    -0.042963     0.026667     0.456741     0.678276     0.000787
    -0.042963     0.026667     0.457235     0.678276     0.000910
    -0.041481     0.028148     0.453778     0.678276     0.000996
    -0.004444    -0.050370     0.451803     0.678276     0.000985
    -0.004444    -0.050370     0.452296     0.678276     0.000932
    -0.004444    -0.050370     0.452790     0.678276     0.000925
    -0.004444    -0.050370     0.453284     0.678276     0.000964
    -0.004444     0.050370     0.452296     0.678276     0.000961
    -0.004444     0.050370     0.452790     0.678276     0.000922
    -0.004444     0.050370     0.453284     0.678276     0.000928
    -0.004444     0.050370     0.453778     0.678276     0.000980
    -0.002963    -0.050370     0.452296     0.678276     0.000962
    -0.002963    -0.050370     0.452790     0.678276     0.000819
    -0.002963    -0.050370     0.453284     0.678276     0.000722
    -0.002963    -0.050370     0.453778     0.678276     0.000669
    -0.002963    -0.050370     0.454272     0.678276     0.000663
    -0.002963    -0.050370     0.454766     0.678276     0.000702
    -0.002963    -0.050370     0.455259     0.678276     0.000786
    -0.002963    -0.050370     0.455753     0.678276     0.000916
    -0.002963     0.050370     0.452790     0.678276     0.000909
    -0.002963     0.050370     0.453284     0.678276     0.000780
    -0.002963     0.050370     0.453778     0.678276     0.000695
    -0.002963     0.050370     0.454272     0.678276     0.000656
    -0.002963     0.050370     0.454766     0.678276     0.000662
    -0.002963     0.050370     0.455259     0.678276     0.000714
    -0.002963     0.050370     0.455753     0.678276     0.000811
    -0.002963     0.050370     0.456247     0.678276     0.000953
    -0.001481    -0.050370     0.453284     0.678276     0.000995
    -0.001481    -0.050370     0.453778     0.678276     0.000807
    -0.001481    -0.050370     0.454272     0.678276     0.000664
    -0.001481    -0.050370     0.454766     0.678276     0.000566
    -0.001481    -0.050370     0.455259     0.678276     0.000514
    -0.001481    -0.050370     0.455753     0.678276     0.000508
    -0.001481    -0.050370     0.456247     0.678276     0.000547
    -0.001481    -0.050370     0.456741     0.678276     0.000632
    -0.001481    -0.050370     0.457235     0.678276     0.000762
    -0.001481    -0.050370     0.457729     0.678276     0.000937
    -0.001481     0.050370     0.453778     0.678276     0.000931
    -0.001481     0.050370     0.454272     0.678276     0.000756
    -0.001481     0.050370     0.454766     0.678276     0.000626
    -0.001481     0.050370     0.455259     0.678276     0.000541
    -0.001481     0.050370     0.455753     0.678276     0.000502
    -0.001481     0.050370     0.456247     0.678276     0.000508
    -0.001481     0.050370     0.456741     0.678276     0.000560
    -0.001481     0.050370     0.457235     0.678276     0.000657
    -0.001481     0.050370     0.457729     0.678276     0.000800
    -0.001481     0.050370     0.458222     0.678276     0.000987
     0.000000    -0.050370     0.454766     0.678276     0.000942
     0.000000    -0.050370     0.455259     0.678276     0.000754
     0.000000    -0.050370     0.455753     0.678276     0.000611
     0.000000    -0.050370     0.456247     0.678276     0.000514
     0.000000    -0.050370     0.456741     0.678276     0.000462
     0.000000    -0.050370     0.457235     0.678276     0.000455
     0.000000    -0.050370     0.457729     0.678276     0.000495
     0.000000    -0.050370     0.458222     0.678276     0.000580
     0.000000    -0.050370     0.458716     0.678276     0.000710
     0.000000    -0.050370     0.459210     0.678276     0.000885
     0.000000     0.050370     0.455259     0.678276     0.000882
     0.000000     0.050370     0.455753     0.678276     0.000707
     0.000000     0.050370     0.456247     0.678276     0.000576
     0.000000     0.050370     0.456741     0.678276     0.000491
     0.000000     0.050370     0.457235     0.678276     0.000452
     0.000000     0.050370     0.457729     0.678276     0.000458
     0.000000     0.050370     0.458222     0.678276     0.000511
     0.000000     0.050370     0.458716     0.678276     0.000608
     0.000000     0.050370     0.459210     0.678276     0.000751
     0.000000     0.050370     0.459704     0.678276     0.000939
     0.001481    -0.050370     0.456247     0.678276     0.000990
     0.001481    -0.050370     0.456741     0.678276     0.000803
     0.001481    -0.050370     0.457235     0.678276     0.000661
     0.001481    -0.050370     0.457729     0.678276     0.000563
     0.001481    -0.050370     0.458222     0.678276     0.000511
     0.001481    -0.050370     0.458716     0.678276     0.000505
     0.001481    -0.050370     0.459210     0.678276     0.000544
     0.001481    -0.050370     0.459704     0.678276     0.000629
     0.001481    -0.050370     0.460198     0.678276     0.000759
     0.001481    -0.050370     0.460691     0.678276     0.000934
     0.001481     0.050370     0.456741     0.678276     0.000934
     0.001481     0.050370     0.457235     0.678276     0.000759
     0.001481     0.050370     0.457729     0.678276     0.000628
     0.001481     0.050370     0.458222     0.678276     0.000544
     0.001481     0.050370     0.458716     0.678276     0.000504
     0.001481     0.050370     0.459210     0.678276     0.000511
     0.001481     0.050370     0.459704     0.678276     0.000563
     0.001481     0.050370     0.460198     0.678276     0.000661
     0.001481     0.050370     0.460691     0.678276     0.000804
     0.001481     0.050370     0.461185     0.678276     0.000991
     0.002963    -0.050370     0.458222     0.678276     0.000956
     0.002963    -0.050370     0.458716     0.678276     0.000814
     0.002963    -0.050370     0.459210     0.678276     0.000717
     0.002963    -0.050370     0.459704     0.678276     0.000665
     0.002963    -0.050370     0.460198     0.678276     0.000659
     0.002963    -0.050370     0.460691     0.678276     0.000698
     0.002963    -0.050370     0.461185     0.678276     0.000783
     0.002963    -0.050370     0.461679     0.678276     0.000913
     0.002963     0.050370     0.458716     0.678276     0.000912
     0.002963     0.050370     0.459210     0.678276     0.000783
     0.002963     0.050370     0.459704     0.678276     0.000698
     0.002963     0.050370     0.460198     0.678276     0.000659
     0.002963     0.050370     0.460691     0.678276     0.000666
     0.002963     0.050370     0.461185     0.678276     0.000718
     0.002963     0.050370     0.461679     0.678276     0.000816
     0.002963     0.050370     0.462173     0.678276     0.000959
     0.004444    -0.050370     0.460691     0.678276     0.000982
     0.004444    -0.050370     0.461185     0.678276     0.000931
     0.004444    -0.050370     0.461679     0.678276     0.000925
     0.004444    -0.050370     0.462173     0.678276     0.000964
     0.004444     0.050370     0.461185     0.678276     0.000960
     0.004444     0.050370     0.461679     0.678276     0.000921
     0.004444     0.050370     0.462173     0.678276     0.000929
     0.004444     0.050370     0.462667     0.678276     0.000981
     0.041481    -0.028148     0.460691     0.678276     0.000979
     0.041481    -0.028148     0.461185     0.678276     0.000992
     0.042963    -0.026667     0.457235     0.678276     0.000893
     0.042963    -0.026667     0.457729     0.678276     0.000769
     0.042963    -0.026667     0.458222     0.678276     0.000689
     0.042963    -0.026667     0.458716     0.678276     0.000654
     0.042963    -0.026667     0.459210     0.678276     0.000663
     0.042963    -0.026667     0.459704     0.678276     0.000716
     0.042963    -0.026667     0.460198     0.678276     0.000814
     0.042963    -0.026667     0.460691     0.678276     0.000956
     0.042963    -0.025185     0.456247     0.678276     0.000998
     0.042963    -0.025185     0.456741     0.678276     0.000903
     0.042963    -0.025185     0.457235     0.678276     0.000853
     0.042963    -0.025185     0.457729     0.678276     0.000846
     0.042963    -0.025185     0.458222     0.678276     0.000884
     0.042963    -0.025185     0.458716     0.678276     0.000966
     0.042963     0.025185     0.457235     0.678276     0.000991
     0.042963     0.025185     0.457729     0.678276     0.000977
     0.042963     0.026667     0.457235     0.678276     0.000920
     0.042963     0.026667     0.457729     0.678276     0.000787
     0.042963     0.026667     0.458222     0.678276     0.000697
     0.042963     0.026667     0.458716     0.678276     0.000653
     0.042963     0.026667     0.459210     0.678276     0.000654
     0.042963     0.026667     0.459704     0.678276     0.000699
     0.042963     0.026667     0.460198     0.678276     0.000790
     0.042963     0.026667     0.460691     0.678276     0.000925
     0.044444    -0.023704     0.453284     0.678276     0.000984
     0.044444    -0.023704     0.453778     0.678276     0.000805
     0.044444    -0.023704     0.454272     0.678276     0.000670
     0.044444    -0.023704     0.454766     0.678276     0.000580
     0.044444    -0.023704     0.455259     0.678276     0.000534
     0.044444    -0.023704     0.455753     0.678276     0.000532
     0.044444    -0.023704     0.456247     0.678276     0.000576
     0.044444    -0.023704     0.456741     0.678276     0.000663
     0.044444    -0.023704     0.457235     0.678276     0.000795
     0.044444    -0.023704     0.457729     0.678276     0.000971
     0.044444     0.023704     0.453778     0.678276     0.000900
     0.044444     0.023704     0.454272     0.678276     0.000756
     0.044444     0.023704     0.454766     0.678276     0.000656
     0.044444     0.023704     0.455259     0.678276     0.000601
     0.044444     0.023704     0.455753     0.678276     0.000592
     0.044444     0.023704     0.456247     0.678276     0.000627
     0.044444     0.023704     0.456741     0.678276     0.000707
     0.044444     0.023704     0.457235     0.678276     0.000832
     0.044444     0.025185     0.456741     0.678276     0.000987
     0.044444     0.025185     0.457235     0.678276     0.000997
     0.045926    -0.020741     0.451803     0.678276     0.000983
     0.045926    -0.020741     0.452296     0.678276     0.000964
     0.045926    -0.020741     0.452790     0.678276     0.000989


    -0.045926     0.020741     0.461679     0.682414     0.000988
    -0.045926     0.020741     0.462173     0.682414     0.000957
    -0.045926     0.020741     0.462667     0.682414     0.000973
    -0.044444    -0.023704     0.457235     0.682414     0.000838
    -0.044444    -0.023704     0.457729     0.682414     0.000707
    -0.044444    -0.023704     0.458222     0.682414     0.000622
    -0.044444    -0.023704     0.458716     0.682414     0.000583
    -0.044444    -0.023704     0.459210     0.682414     0.000592
    -0.044444    -0.023704     0.459704     0.682414     0.000647
    -0.044444    -0.023704     0.460198     0.682414     0.000749
    -0.044444    -0.023704     0.460691     0.682414     0.000897
    -0.044444     0.023704     0.456741     0.682414     0.000990
    -0.044444     0.023704     0.457235     0.682414     0.000806
    -0.044444     0.023704     0.457729     0.682414     0.000667
    -0.044444     0.023704     0.458222     0.682414     0.000574
    -0.044444     0.023704     0.458716     0.682414     0.000528
    -0.044444     0.023704     0.459210     0.682414     0.000528
    -0.044444     0.023704     0.459704     0.682414     0.000574
    -0.044444     0.023704     0.460198     0.682414     0.000667
    -0.044444     0.023704     0.460691     0.682414     0.000806
    -0.044444     0.023704     0.461185     0.682414     0.000990
    -0.042963    -0.026667     0.453778     0.682414     0.000946
    -0.042963    -0.026667     0.454272     0.682414     0.000807
    -0.042963    -0.026667     0.454766     0.682414     0.000714
    -0.042963    -0.026667     0.455259     0.682414     0.000668
    -0.042963    -0.026667     0.455753     0.682414     0.000669
    -0.042963    -0.026667     0.456247     0.682414     0.000716
    -0.042963    -0.026667     0.456741     0.682414     0.000810
    -0.042963    -0.026667     0.457235     0.682414     0.000951
    -0.042963    -0.025185     0.456247     0.682414     0.000943
    -0.042963    -0.025185     0.456741     0.682414     0.000911
    -0.042963    -0.025185     0.457235     0.682414     0.000926
    -0.042963    -0.025185     0.457729     0.682414     0.000987
    -0.042963     0.025185     0.455753     0.682414     0.000906
    -0.042963     0.025185     0.456247     0.682414     0.000821
    -0.042963     0.025185     0.456741     0.682414     0.000782
    -0.042963     0.025185     0.457235     0.682414     0.000789
    -0.042963     0.025185     0.457729     0.682414     0.000842
    -0.042963     0.025185     0.458222     0.682414     0.000942
    -0.042963     0.026667     0.453778     0.682414     0.000984
    -0.042963     0.026667     0.454272     0.682414     0.000838
    -0.042963     0.026667     0.454766     0.682414     0.000738
    -0.042963     0.026667     0.455259     0.682414     0.000684
    -0.042963     0.026667     0.455753     0.682414     0.000677
    -0.042963     0.026667     0.456247     0.682414     0.000716
    -0.042963     0.026667     0.456741     0.682414     0.000800
    -0.042963     0.026667     0.457235     0.682414     0.000931
    -0.041481    -0.028148     0.453778     0.682414     0.001000
    -0.041481     0.028148     0.453284     0.682414     0.000955
    -0.041481     0.028148     0.453778     0.682414     0.000945
    -0.041481     0.028148     0.454272     0.682414     0.000982
    -0.004444    -0.050370     0.451803     0.682414     0.000962
    -0.004444    -0.050370     0.452296     0.682414     0.000912
    -0.004444    -0.050370     0.452790     0.682414     0.000909
    -0.004444    -0.050370     0.453284     0.682414     0.000953
    -0.004444     0.050370     0.452296     0.682414     0.000943
    -0.004444     0.050370     0.452790     0.682414     0.000906
    -0.004444     0.050370     0.453284     0.682414     0.000916
    -0.004444     0.050370     0.453778     0.682414     0.000974
    -0.002963    -0.050370     0.452296     0.682414     0.000934
    -0.002963    -0.050370     0.452790     0.682414     0.000788
    -0.002963    -0.050370     0.453284     0.682414     0.000690
    -0.002963    -0.050370     0.453778     0.682414     0.000638
    -0.002963    -0.050370     0.454272     0.682414     0.000634
    -0.002963    -0.050370     0.454766     0.682414     0.000678
    -0.002963    -0.050370     0.455259     0.682414     0.000769
    -0.002963    -0.050370     0.455753     0.682414     0.000907
    -0.002963     0.050370     0.452790     0.682414     0.000884
    -0.002963     0.050370     0.453284     0.682414     0.000751
    -0.002963     0.050370     0.453778     0.682414     0.000666
    -0.002963     0.050370     0.454272     0.682414     0.000628
    -0.002963     0.050370     0.454766     0.682414     0.000637
    -0.002963     0.050370     0.455259     0.682414     0.000694
    -0.002963     0.050370     0.455753     0.682414     0.000797
    -0.002963     0.050370     0.456247     0.682414     0.000948
    -0.001481    -0.050370     0.453284     0.682414     0.000971
    -0.001481    -0.050370     0.453778     0.682414     0.000778
    -0.001481    -0.050370     0.454272     0.682414     0.000630
    -0.001481    -0.050370     0.454766     0.682414     0.000530
    -0.001481    -0.050370     0.455259     0.682414     0.000478
    -0.001481    -0.050370     0.455753     0.682414     0.000472
    -0.001481    -0.050370     0.456247     0.682414     0.000515
    -0.001481    -0.050370     0.456741     0.682414     0.000605
    -0.001481    -0.050370     0.457235     0.682414     0.000742
    -0.001481    -0.050370     0.457729     0.682414     0.000926
    -0.001481     0.050370     0.453778     0.682414     0.000908
    -0.001481     0.050370     0.454272     0.682414     0.000727
    -0.001481     0.050370     0.454766     0.682414     0.000593
    -0.001481     0.050370     0.455259     0.682414     0.000506
    -0.001481     0.050370     0.455753     0.682414     0.000466
    -0.001481     0.050370     0.456247     0.682414     0.000474
    -0.001481     0.050370     0.456741     0.682414     0.000530
    -0.001481     0.050370     0.457235     0.682414     0.000632
    -0.001481     0.050370     0.457729     0.682414     0.000782
    -0.001481     0.050370     0.458222     0.682414     0.000978
     0.000000    -0.050370     0.454766     0.682414     0.000923
     0.000000    -0.050370     0.455259     0.682414     0.000728
     0.000000    -0.050370     0.455753     0.682414     0.000580
     0.000000    -0.050370     0.456247     0.682414     0.000478
     0.000000    -0.050370     0.456741     0.682414     0.000424
     0.000000    -0.050370     0.457235     0.682414     0.000418
     0.000000    -0.050370     0.457729     0.682414     0.000459
     0.000000    -0.050370     0.458222     0.682414     0.000548
     0.000000    -0.050370     0.458716     0.682414     0.000683
     0.000000    -0.050370     0.459210     0.682414     0.000866
     0.000000     0.050370     0.455259     0.682414     0.000862
     0.000000     0.050370     0.455753     0.682414     0.000680
     0.000000     0.050370     0.456247     0.682414     0.000544
     0.000000     0.050370     0.456741     0.682414     0.000455
     0.000000     0.050370     0.457235     0.682414     0.000414
     0.000000     0.050370     0.457729     0.682414     0.000421
     0.000000     0.050370     0.458222     0.682414     0.000475
     0.000000     0.050370     0.458716     0.682414     0.000576
     0.000000     0.050370     0.459210     0.682414     0.000725
     0.000000     0.050370     0.459704     0.682414     0.000920
     0.001481    -0.050370     0.456247     0.682414     0.000981
     0.001481    -0.050370     0.456741     0.682414     0.000785
     0.001481    -0.050370     0.457235     0.682414     0.000636
     0.001481    -0.050370     0.457729     0.682414     0.000533
     0.001481    -0.050370     0.458222     0.682414     0.000477
     0.001481    -0.050370     0.458716     0.682414     0.000469
     0.001481    -0.050370     0.459210     0.682414     0.000509
     0.001481    -0.050370     0.459704     0.682414     0.000596
     0.001481    -0.050370     0.460198     0.682414     0.000731
     0.001481    -0.050370     0.460691     0.682414     0.000911
     0.001481     0.050370     0.456741     0.682414     0.000922
     0.001481     0.050370     0.457235     0.682414     0.000738
     0.001481     0.050370     0.457729     0.682414     0.000601
     0.001481     0.050370     0.458222     0.682414     0.000511
     0.001481     0.050370     0.458716     0.682414     0.000469
     0.001481     0.050370     0.459210     0.682414     0.000474
     0.001481     0.050370     0.459704     0.682414     0.000527
     0.001481     0.050370     0.460198     0.682414     0.000627
     0.001481     0.050370     0.460691     0.682414     0.000774
     0.001481     0.050370     0.461185     0.682414     0.000968
     0.002963    -0.050370     0.458222     0.682414     0.000951
     0.002963    -0.050370     0.458716     0.682414     0.000800
     0.002963    -0.050370     0.459210     0.682414     0.000697
     0.002963    -0.050370     0.459704     0.682414     0.000640
     0.002963    -0.050370     0.460198     0.682414     0.000631
     0.002963    -0.050370     0.460691     0.682414     0.000669
     0.002963    -0.050370     0.461185     0.682414     0.000754
     0.002963    -0.050370     0.461679     0.682414     0.000887
     0.002963     0.050370     0.458716     0.682414     0.000903
     0.002963     0.050370     0.459210     0.682414     0.000765
     0.002963     0.050370     0.459704     0.682414     0.000674
     0.002963     0.050370     0.460198     0.682414     0.000631
     0.002963     0.050370     0.460691     0.682414     0.000635
     0.002963     0.050370     0.461185     0.682414     0.000686
     0.002963     0.050370     0.461679     0.682414     0.000785
     0.002963     0.050370     0.462173     0.682414     0.000931
     0.004444    -0.050370     0.460691     0.682414     0.000977
     0.004444    -0.050370     0.461185     0.682414     0.000920
     0.004444    -0.050370     0.461679     0.682414     0.000909
     0.004444    -0.050370     0.462173     0.682414     0.000946
     0.004444     0.050370     0.461185     0.682414     0.000949
     0.004444     0.050370     0.461679     0.682414     0.000905
     0.004444     0.050370     0.462173     0.682414     0.000908
     0.004444     0.050370     0.462667     0.682414     0.000958
     0.041481    -0.028148     0.460198     0.682414     0.000965
     0.041481    -0.028148     0.460691     0.682414     0.000928
     0.041481    -0.028148     0.461185     0.682414     0.000938
     0.041481    -0.028148     0.461679     0.682414     0.000994
     0.041481     0.028148     0.460691     0.682414     0.000980
     0.041481     0.028148     0.461185     0.682414     0.000982
     0.042963    -0.026667     0.457235     0.682414     0.000914
     0.042963    -0.026667     0.457729     0.682414     0.000783
     0.042963    -0.026667     0.458222     0.682414     0.000698
     0.042963    -0.026667     0.458716     0.682414     0.000659
     0.042963    -0.026667     0.459210     0.682414     0.000666
     0.042963    -0.026667     0.459704     0.682414     0.000720
     0.042963    -0.026667     0.460198     0.682414     0.000820
     0.042963    -0.026667     0.460691     0.682414     0.000965
     0.042963    -0.025185     0.456247     0.682414     0.000924
     0.042963    -0.025185     0.456741     0.682414     0.000824
     0.042963    -0.025185     0.457235     0.682414     0.000770
     0.042963    -0.025185     0.457729     0.682414     0.000763
     0.042963    -0.025185     0.458222     0.682414     0.000802
     0.042963    -0.025185     0.458716     0.682414     0.000887
     0.042963     0.025185     0.456741     0.682414     0.000966
     0.042963     0.025185     0.457235     0.682414     0.000904
     0.042963     0.025185     0.457729     0.682414     0.000889
     0.042963     0.025185     0.458222     0.682414     0.000920
     0.042963     0.025185     0.458716     0.682414     0.000998
     0.042963     0.026667     0.457235     0.682414     0.000930
     0.042963     0.026667     0.457729     0.682414     0.000789
     0.042963     0.026667     0.458222     0.682414     0.000695
     0.042963     0.026667     0.458716     0.682414     0.000647
     0.042963     0.026667     0.459210     0.682414     0.000646
     0.042963     0.026667     0.459704     0.682414     0.000691
     0.042963     0.026667     0.460198     0.682414     0.000784
     0.042963     0.026667     0.460691     0.682414     0.000922
     0.044444    -0.023704     0.453284     0.682414     0.000972
     0.044444    -0.023704     0.453778     0.682414     0.000787
     0.044444    -0.023704     0.454272     0.682414     0.000648
     0.044444    -0.023704     0.454766     0.682414     0.000555
     0.044444    -0.023704     0.455259     0.682414     0.000508
     0.044444    -0.023704     0.455753     0.682414     0.000508
     0.044444    -0.023704     0.456247     0.682414     0.000554
     0.044444    -0.023704     0.456741     0.682414     0.000647
     0.044444    -0.023704     0.457235     0.682414     0.000785
     0.044444    -0.023704     0.457729     0.682414     0.000969
     0.044444     0.023704     0.453778     0.682414     0.000874
     0.044444     0.023704     0.454272     0.682414     0.000725
     0.044444     0.023704     0.454766     0.682414     0.000623
     0.044444     0.023704     0.455259     0.682414     0.000567
     0.044444     0.023704     0.455753     0.682414     0.000558
     0.044444     0.023704     0.456247     0.682414     0.000596
     0.044444     0.023704     0.456741     0.682414     0.000681
     0.044444     0.023704     0.457235     0.682414     0.000812
     0.044444     0.023704     0.457729     0.682414     0.000989
     0.045926    -0.020741     0.451803     0.682414     0.000952
     0.045926    -0.020741     0.452296     0.682414     0.000936
     0.045926    -0.020741     0.452790     0.682414     0.000966


    -0.045926     0.020741     0.461679     0.686552     0.000964
    -0.045926     0.020741     0.462173     0.686552     0.000928
    -0.045926     0.020741     0.462667     0.686552     0.000940
    -0.045926     0.020741     0.463161     0.686552     0.001000
    -0.044444    -0.023704     0.457235     0.686552     0.000818
    -0.044444    -0.023704     0.457729     0.686552     0.000679
    -0.044444    -0.023704     0.458222     0.686552     0.000589
    -0.044444    -0.023704     0.458716     0.686552     0.000548
    -0.044444    -0.023704     0.459210     0.686552     0.000555
    -0.044444    -0.023704     0.459704     0.686552     0.000612
    -0.044444    -0.023704     0.460198     0.686552     0.000716
    -0.044444    -0.023704     0.460691     0.686552     0.000869
    -0.044444     0.022222     0.459704     0.686552     0.000995
    -0.044444     0.022222     0.460198     0.686552     0.000978
    -0.044444     0.023704     0.456741     0.686552     0.000988
    -0.044444     0.023704     0.457235     0.686552     0.000795
    -0.044444     0.023704     0.457729     0.686552     0.000650
    -0.044444     0.023704     0.458222     0.686552     0.000552
    -0.044444     0.023704     0.458716     0.686552     0.000502
    -0.044444     0.023704     0.459210     0.686552     0.000501
    -0.044444     0.023704     0.459704     0.686552     0.000548
    -0.044444     0.023704     0.460198     0.686552     0.000644
    -0.044444     0.023704     0.460691     0.686552     0.000787
    -0.044444     0.023704     0.461185     0.686552     0.000978
    -0.042963    -0.026667     0.453778     0.686552     0.000943
    -0.042963    -0.026667     0.454272     0.686552     0.000800
    -0.042963    -0.026667     0.454766     0.686552     0.000706
    -0.042963    -0.026667     0.455259     0.686552     0.000660
    -0.042963    -0.026667     0.455753     0.686552     0.000663
    -0.042963    -0.026667     0.456247     0.686552     0.000714
    -0.042963    -0.026667     0.456741     0.686552     0.000814
    -0.042963    -0.026667     0.457235     0.686552     0.000962
    -0.042963    -0.025185     0.455753     0.686552     0.000929
    -0.042963    -0.025185     0.456247     0.686552     0.000848
    -0.042963    -0.025185     0.456741     0.686552     0.000815
    -0.042963    -0.025185     0.457235     0.686552     0.000831
    -0.042963    -0.025185     0.457729     0.686552     0.000896
    -0.042963     0.025185     0.455259     0.686552     0.000956
    -0.042963     0.025185     0.455753     0.686552     0.000820
    -0.042963     0.025185     0.456247     0.686552     0.000732
    -0.042963     0.025185     0.456741     0.686552     0.000692
    -0.042963     0.025185     0.457235     0.686552     0.000700
    -0.042963     0.025185     0.457729     0.686552     0.000757
    -0.042963     0.025185     0.458222     0.686552     0.000861
    -0.042963     0.026667     0.453778     0.686552     0.000994
    -0.042963     0.026667     0.454272     0.686552     0.000845
    -0.042963     0.026667     0.454766     0.686552     0.000743
    -0.042963     0.026667     0.455259     0.686552     0.000689
    -0.042963     0.026667     0.455753     0.686552     0.000683
    -0.042963     0.026667     0.456247     0.686552     0.000725
    -0.042963     0.026667     0.456741     0.686552     0.000816
    -0.042963     0.026667     0.457235     0.686552     0.000954
    -0.041481    -0.028148     0.452790     0.686552     0.000982
    -0.041481    -0.028148     0.453284     0.686552     0.000935
    -0.041481    -0.028148     0.453778     0.686552     0.000936
    -0.041481    -0.028148     0.454272     0.686552     0.000986
    -0.041481     0.028148     0.452790     0.686552     0.000951
    -0.041481     0.028148     0.453284     0.686552     0.000897
    -0.041481     0.028148     0.453778     0.686552     0.000890
    -0.041481     0.028148     0.454272     0.686552     0.000932
    -0.004444    -0.050370     0.451803     0.686552     0.000938
    -0.004444    -0.050370     0.452296     0.686552     0.000890
    -0.004444    -0.050370     0.452790     0.686552     0.000891
    -0.004444    -0.050370     0.453284     0.686552     0.000942
    -0.004444     0.050370     0.452296     0.686552     0.000923
    -0.004444     0.050370     0.452790     0.686552     0.000889
    -0.004444     0.050370     0.453284     0.686552     0.000904
    -0.004444     0.050370     0.453778     0.686552     0.000968
    -0.002963    -0.050370     0.452296     0.686552     0.000904
    -0.002963    -0.050370     0.452790     0.686552     0.000755
    -0.002963    -0.050370     0.453284     0.686552     0.000655
    -0.002963    -0.050370     0.453778     0.686552     0.000605
    -0.002963    -0.050370     0.454272     0.686552     0.000604
    -0.002963    -0.050370     0.454766     0.686552     0.000653
    -0.002963    -0.050370     0.455259     0.686552     0.000751
    -0.002963    -0.050370     0.455753     0.686552     0.000898
    -0.002963     0.050370     0.452790     0.686552     0.000856
    -0.002963     0.050370     0.453284     0.686552     0.000720
    -0.002963     0.050370     0.453778     0.686552     0.000634
    -0.002963     0.050370     0.454272     0.686552     0.000597
    -0.002963     0.050370     0.454766     0.686552     0.000610
    -0.002963     0.050370     0.455259     0.686552     0.000672
    -0.002963     0.050370     0.455753     0.686552     0.000783
    -0.002963     0.050370     0.456247     0.686552     0.000943
    -0.001481    -0.050370     0.453284     0.686552     0.000946
    -0.001481    -0.050370     0.453778     0.686552     0.000746
    -0.001481    -0.050370     0.454272     0.686552     0.000594
    -0.001481    -0.050370     0.454766     0.686552     0.000491
    -0.001481    -0.050370     0.455259     0.686552     0.000438
    -0.001481    -0.050370     0.455753     0.686552     0.000434
    -0.001481    -0.050370     0.456247     0.686552     0.000480
    -0.001481    -0.050370     0.456741     0.686552     0.000576
    -0.001481    -0.050370     0.457235     0.686552     0.000721
    -0.001481    -0.050370     0.457729     0.686552     0.000914
    -0.001481     0.050370     0.453778     0.686552     0.000884
    -0.001481     0.050370     0.454272     0.686552     0.000696
    -0.001481     0.050370     0.454766     0.686552     0.000558
    -0.001481     0.050370     0.455259     0.686552     0.000468
    -0.001481     0.050370     0.455753     0.686552     0.000428
    -0.001481     0.050370     0.456247     0.686552     0.000438
    -0.001481     0.050370     0.456741     0.686552     0.000497
    -0.001481     0.050370     0.457235     0.686552     0.000605
    -0.001481     0.050370     0.457729     0.686552     0.000763
    -0.001481     0.050370     0.458222     0.686552     0.000969
     0.000000    -0.050370     0.454766     0.686552     0.000904
     0.000000    -0.050370     0.455259     0.686552     0.000701
     0.000000    -0.050370     0.455753     0.686552     0.000546
     0.000000    -0.050370     0.456247     0.686552     0.000440
     0.000000    -0.050370     0.456741     0.686552     0.000384
     0.000000    -0.050370     0.457235     0.686552     0.000377
     0.000000    -0.050370     0.457729     0.686552     0.000420
     0.000000    -0.050370     0.458222     0.686552     0.000513
     0.000000    -0.050370     0.458716     0.686552     0.000655
     0.000000    -0.050370     0.459210     0.686552     0.000845
     0.000000     0.050370     0.455259     0.686552     0.000842
     0.000000     0.050370     0.455753     0.686552     0.000651
     0.000000     0.050370     0.456247     0.686552     0.000509
     0.000000     0.050370     0.456741     0.686552     0.000417
     0.000000     0.050370     0.457235     0.686552     0.000374
     0.000000     0.050370     0.457729     0.686552     0.000380
     0.000000     0.050370     0.458222     0.686552     0.000437
     0.000000     0.050370     0.458716     0.686552     0.000542
     0.000000     0.050370     0.459210     0.686552     0.000697
     0.000000     0.050370     0.459704     0.686552     0.000900
     0.001481    -0.050370     0.456247     0.686552     0.000972
     0.001481    -0.050370     0.456741     0.686552     0.000766
     0.001481    -0.050370     0.457235     0.686552     0.000609
     0.001481    -0.050370     0.457729     0.686552     0.000500
     0.001481    -0.050370     0.458222     0.686552     0.000441
     0.001481    -0.050370     0.458716     0.686552     0.000432
     0.001481    -0.050370     0.459210     0.686552     0.000472
     0.001481    -0.050370     0.459704     0.686552     0.000561
     0.001481    -0.050370     0.460198     0.686552     0.000700
     0.001481    -0.050370     0.460691     0.686552     0.000887
     0.001481     0.050370     0.456741     0.686552     0.000910
     0.001481     0.050370     0.457235     0.686552     0.000717
     0.001481     0.050370     0.457729     0.686552     0.000572
     0.001481     0.050370     0.458222     0.686552     0.000477
     0.001481     0.050370     0.458716     0.686552     0.000431
     0.001481     0.050370     0.459210     0.686552     0.000434
     0.001481     0.050370     0.459704     0.686552     0.000488
     0.001481     0.050370     0.460198     0.686552     0.000591
     0.001481     0.050370     0.460691     0.686552     0.000743
     0.001481     0.050370     0.461185     0.686552     0.000943
     0.002963    -0.050370     0.458222     0.686552     0.000946
     0.002963    -0.050370     0.458716     0.686552     0.000786
     0.002963    -0.050370     0.459210     0.686552     0.000675
     0.002963    -0.050370     0.459704     0.686552     0.000613
     0.002963    -0.050370     0.460198     0.686552     0.000601
     0.002963    -0.050370     0.460691     0.686552     0.000638
     0.002963    -0.050370     0.461185     0.686552     0.000724
     0.002963    -0.050370     0.461679     0.686552     0.000859
     0.002963     0.050370     0.458716     0.686552     0.000894
     0.002963     0.050370     0.459210     0.686552     0.000747
     0.002963     0.050370     0.459704     0.686552     0.000649
     0.002963     0.050370     0.460198     0.686552     0.000600
     0.002963     0.050370     0.460691     0.686552     0.000601
     0.002963     0.050370     0.461185     0.686552     0.000652
     0.002963     0.050370     0.461679     0.686552     0.000752
     0.002963     0.050370     0.462173     0.686552     0.000901
     0.004444    -0.050370     0.460691     0.686552     0.000972
     0.004444    -0.050370     0.461185     0.686552     0.000907
     0.004444    -0.050370     0.461679     0.686552     0.000892
     0.004444    -0.050370     0.462173     0.686552     0.000926
     0.004444     0.050370     0.461185     0.686552     0.000938
     0.004444     0.050370     0.461679     0.686552     0.000887
     0.004444     0.050370     0.462173     0.686552     0.000886
     0.004444     0.050370     0.462667     0.686552     0.000934
     0.041481    -0.028148     0.460198     0.686552     0.000915
     0.041481    -0.028148     0.460691     0.686552     0.000873
     0.041481    -0.028148     0.461185     0.686552     0.000879
     0.041481    -0.028148     0.461679     0.686552     0.000933
     0.041481     0.028148     0.460198     0.686552     0.000967
     0.041481     0.028148     0.460691     0.686552     0.000916
     0.041481     0.028148     0.461185     0.686552     0.000914
     0.041481     0.028148     0.461679     0.686552     0.000961
     0.042963    -0.026667     0.457235     0.686552     0.000937
     0.042963    -0.026667     0.457729     0.686552     0.000798
     0.042963    -0.026667     0.458222     0.686552     0.000708
     0.042963    -0.026667     0.458716     0.686552     0.000665
     0.042963    -0.026667     0.459210     0.686552     0.000671
     0.042963    -0.026667     0.459704     0.686552     0.000725
     0.042963    -0.026667     0.460198     0.686552     0.000826
     0.042963    -0.026667     0.460691     0.686552     0.000976
     0.042963    -0.025185     0.455753     0.686552     0.000996
     0.042963    -0.025185     0.456247     0.686552     0.000843
     0.042963    -0.025185     0.456741     0.686552     0.000738
     0.042963    -0.025185     0.457235     0.686552     0.000681
     0.042963    -0.025185     0.457729     0.686552     0.000673
     0.042963    -0.025185     0.458222     0.686552     0.000713
     0.042963    -0.025185     0.458716     0.686552     0.000801
     0.042963    -0.025185     0.459210     0.686552     0.000937
     0.042963     0.025185     0.456247     0.686552     0.000988
     0.042963     0.025185     0.456741     0.686552     0.000874
     0.042963     0.025185     0.457235     0.686552     0.000809
     0.042963     0.025185     0.457729     0.686552     0.000793
     0.042963     0.025185     0.458222     0.686552     0.000825
     0.042963     0.025185     0.458716     0.686552     0.000905
     0.042963     0.026667     0.457235     0.686552     0.000942
     0.042963     0.026667     0.457729     0.686552     0.000793
     0.042963     0.026667     0.458222     0.686552     0.000692
     0.042963     0.026667     0.458716     0.686552     0.000640
     0.042963     0.026667     0.459210     0.686552     0.000637
     0.042963     0.026667     0.459704     0.686552     0.000683
     0.042963     0.026667     0.460198     0.686552     0.000777
     0.042963     0.026667     0.460691     0.686552     0.000920
     0.044444    -0.023704     0.453284     0.686552     0.000959
     0.044444    -0.023704     0.453778     0.686552     0.000768
     0.044444    -0.023704     0.454272     0.686552     0.000625
     0.044444    -0.023704     0.454766     0.686552     0.000529
     0.044444    -0.023704     0.455259     0.686552     0.000481
     0.044444    -0.023704     0.455753     0.686552     0.000482
     0.044444    -0.023704     0.456247     0.686552     0.000532
     0.044444    -0.023704     0.456741     0.686552     0.000629
     0.044444    -0.023704     0.457235     0.686552     0.000775
     0.044444    -0.023704     0.457729     0.686552     0.000968
     0.044444    -0.022222     0.453778     0.686552     0.000988
     0.044444    -0.022222     0.454272     0.686552     0.000957
     0.044444    -0.022222     0.454766     0.686552     0.000975
     0.044444     0.023704     0.453778     0.686552     0.000846
     0.044444     0.023704     0.454272     0.686552     0.000693
     0.044444     0.023704     0.454766     0.686552     0.000587
     0.044444     0.023704     0.455259     0.686552     0.000531
     0.044444     0.023704     0.455753     0.686552     0.000523
     0.044444     0.023704     0.456247     0.686552     0.000564
     0.044444     0.023704     0.456741     0.686552     0.000653
     0.044444     0.023704     0.457235     0.686552     0.000791
     0.044444     0.023704     0.457729     0.686552     0.000977
     0.045926    -0.020741     0.451309     0.686552     0.000979
     0.045926    -0.020741     0.451803     0.686552     0.000918
     0.045926    -0.020741     0.452296     0.686552     0.000906
     0.045926    -0.020741     0.452790     0.686552     0.000942
     0.045926     0.020741     0.452296     0.686552     0.000984


    -0.045926    -0.020741     0.462173     0.690690     0.000971
    -0.045926    -0.020741     0.462667     0.690690     0.000988
    -0.045926     0.020741     0.461679     0.690690     0.000938
    -0.045926     0.020741     0.462173     0.690690     0.000895
    -0.045926     0.020741     0.462667     0.690690     0.000903
    -0.045926     0.020741     0.463161     0.690690     0.000961
    -0.044444    -0.023704     0.456741     0.690690     0.000991
    -0.044444    -0.023704     0.457235     0.690690     0.000796
    -0.044444    -0.023704     0.457729     0.690690     0.000650
    -0.044444    -0.023704     0.458222     0.690690     0.000554
    -0.044444    -0.023704     0.458716     0.690690     0.000510
    -0.044444    -0.023704     0.459210     0.690690     0.000516
    -0.044444    -0.023704     0.459704     0.690690     0.000573
    -0.044444    -0.023704     0.460198     0.690690     0.000681
    -0.044444    -0.023704     0.460691     0.690690     0.000840
    -0.044444     0.022222     0.459210     0.690690     0.000961
    -0.044444     0.022222     0.459704     0.690690     0.000890
    -0.044444     0.022222     0.460198     0.690690     0.000869
    -0.044444     0.022222     0.460691     0.690690     0.000899
    -0.044444     0.022222     0.461185     0.690690     0.000978
    -0.044444     0.023704     0.456741     0.690690     0.000987
    -0.044444     0.023704     0.457235     0.690690     0.000785
    -0.044444     0.023704     0.457729     0.690690     0.000631
    -0.044444     0.023704     0.458222     0.690690     0.000528
    -0.044444     0.023704     0.458716     0.690690     0.000475
    -0.044444     0.023704     0.459210     0.690690     0.000472
    -0.044444     0.023704     0.459704     0.690690     0.000520
    -0.044444     0.023704     0.460198     0.690690     0.000618
    -0.044444     0.023704     0.460691     0.690690     0.000767
    -0.044444     0.023704     0.461185     0.690690     0.000965
    -0.042963    -0.026667     0.453778     0.690690     0.000941
    -0.042963    -0.026667     0.454272     0.690690     0.000794
    -0.042963    -0.026667     0.454766     0.690690     0.000697
    -0.042963    -0.026667     0.455259     0.690690     0.000651
    -0.042963    -0.026667     0.455753     0.690690     0.000656
    -0.042963    -0.026667     0.456247     0.690690     0.000712
    -0.042963    -0.026667     0.456741     0.690690     0.000818
    -0.042963    -0.026667     0.457235     0.690690     0.000975
    -0.042963    -0.025185     0.455259     0.690690     0.000963
    -0.042963    -0.025185     0.455753     0.690690     0.000829
    -0.042963    -0.025185     0.456247     0.690690     0.000744
    -0.042963    -0.025185     0.456741     0.690690     0.000711
    -0.042963    -0.025185     0.457235     0.690690     0.000729
    -0.042963    -0.025185     0.457729     0.690690     0.000797
    -0.042963    -0.025185     0.458222     0.690690     0.000916
    -0.042963     0.025185     0.455259     0.690690     0.000868
    -0.042963     0.025185     0.455753     0.690690     0.000727
    -0.042963     0.025185     0.456247     0.690690     0.000635
    -0.042963     0.025185     0.456741     0.690690     0.000594
    -0.042963     0.025185     0.457235     0.690690     0.000604
    -0.042963     0.025185     0.457729     0.690690     0.000664
    -0.042963     0.025185     0.458222     0.690690     0.000774
    -0.042963     0.025185     0.458716     0.690690     0.000934
    -0.042963     0.026667     0.454272     0.690690     0.000852
    -0.042963     0.026667     0.454766     0.690690     0.000748
    -0.042963     0.026667     0.455259     0.690690     0.000694
    -0.042963     0.026667     0.455753     0.690690     0.000690
    -0.042963     0.026667     0.456247     0.690690     0.000737
    -0.042963     0.026667     0.456741     0.690690     0.000833
    -0.042963     0.026667     0.457235     0.690690     0.000979
    -0.041481    -0.028148     0.452790     0.690690     0.000906
    -0.041481    -0.028148     0.453284     0.690690     0.000861
    -0.041481    -0.028148     0.453778     0.690690     0.000866
    -0.041481    -0.028148     0.454272     0.690690     0.000923
    -0.041481     0.028148     0.452296     0.690690     0.000989
    -0.041481     0.028148     0.452790     0.690690     0.000886
    -0.041481     0.028148     0.453284     0.690690     0.000833
    -0.041481     0.028148     0.453778     0.690690     0.000831
    -0.041481     0.028148     0.454272     0.690690     0.000879
    -0.041481     0.028148     0.454766     0.690690     0.000977
    -0.004444    -0.050370     0.451803     0.690690     0.000911
    -0.004444    -0.050370     0.452296     0.690690     0.000866
    -0.004444    -0.050370     0.452790     0.690690     0.000872
    -0.004444    -0.050370     0.453284     0.690690     0.000930
    -0.004444     0.050370     0.451803     0.690690     0.000984
    -0.004444     0.050370     0.452296     0.690690     0.000901
    -0.004444     0.050370     0.452790     0.690690     0.000871
    -0.004444     0.050370     0.453284     0.690690     0.000891
    -0.004444     0.050370     0.453778     0.690690     0.000963
    -0.002963    -0.050370     0.452296     0.690690     0.000872
    -0.002963    -0.050370     0.452790     0.690690     0.000719
    -0.002963    -0.050370     0.453284     0.690690     0.000618
    -0.002963    -0.050370     0.453778     0.690690     0.000569
    -0.002963    -0.050370     0.454272     0.690690     0.000571
    -0.002963    -0.050370     0.454766     0.690690     0.000625
    -0.002963    -0.050370     0.455259     0.690690     0.000731
    -0.002963    -0.050370     0.455753     0.690690     0.000888
    -0.002963     0.050370     0.452790     0.690690     0.000826
    -0.002963     0.050370     0.453284     0.690690     0.000687
    -0.002963     0.050370     0.453778     0.690690     0.000600
    -0.002963     0.050370     0.454272     0.690690     0.000565
    -0.002963     0.050370     0.454766     0.690690     0.000581
    -0.002963     0.050370     0.455259     0.690690     0.000649
    -0.002963     0.050370     0.455753     0.690690     0.000767
    -0.002963     0.050370     0.456247     0.690690     0.000937
    -0.001481    -0.050370     0.453284     0.690690     0.000920
    -0.001481    -0.050370     0.453778     0.690690     0.000712
    -0.001481    -0.050370     0.454272     0.690690     0.000555
    -0.001481    -0.050370     0.454766     0.690690     0.000450
    -0.001481    -0.050370     0.455259     0.690690     0.000396
    -0.001481    -0.050370     0.455753     0.690690     0.000394
    -0.001481    -0.050370     0.456247     0.690690     0.000443
    -0.001481    -0.050370     0.456741     0.690690     0.000545
    -0.001481    -0.050370     0.457235     0.690690     0.000698
    -0.001481    -0.050370     0.457729     0.690690     0.000901
    -0.001481     0.050370     0.453778     0.690690     0.000857
    -0.001481     0.050370     0.454272     0.690690     0.000663
    -0.001481     0.050370     0.454766     0.690690     0.000520
    -0.001481     0.050370     0.455259     0.690690     0.000428
    -0.001481     0.050370     0.455753     0.690690     0.000387
    -0.001481     0.050370     0.456247     0.690690     0.000399
    -0.001481     0.050370     0.456741     0.690690     0.000462
    -0.001481     0.050370     0.457235     0.690690     0.000577
    -0.001481     0.050370     0.457729     0.690690     0.000742
    -0.001481     0.050370     0.458222     0.690690     0.000959
     0.000000    -0.050370     0.454766     0.690690     0.000883
     0.000000    -0.050370     0.455259     0.690690     0.000671
     0.000000    -0.050370     0.455753     0.690690     0.000509
     0.000000    -0.050370     0.456247     0.690690     0.000399
     0.000000    -0.050370     0.456741     0.690690     0.000340
     0.000000    -0.050370     0.457235     0.690690     0.000334
     0.000000    -0.050370     0.457729     0.690690     0.000379
     0.000000    -0.050370     0.458222     0.690690     0.000476
     0.000000    -0.050370     0.458716     0.690690     0.000624
     0.000000    -0.050370     0.459210     0.690690     0.000823
     0.000000     0.050370     0.455259     0.690690     0.000819
     0.000000     0.050370     0.455753     0.690690     0.000620
     0.000000     0.050370     0.456247     0.690690     0.000472
     0.000000     0.050370     0.456741     0.690690     0.000375
     0.000000     0.050370     0.457235     0.690690     0.000330
     0.000000     0.050370     0.457729     0.690690     0.000337
     0.000000     0.050370     0.458222     0.690690     0.000395
     0.000000     0.050370     0.458716     0.690690     0.000506
     0.000000     0.050370     0.459210     0.690690     0.000667
     0.000000     0.050370     0.459704     0.690690     0.000879
     0.001481    -0.050370     0.456247     0.690690     0.000962
     0.001481    -0.050370     0.456741     0.690690     0.000746
     0.001481    -0.050370     0.457235     0.690690     0.000580
     0.001481    -0.050370     0.457729     0.690690     0.000465
     0.001481    -0.050370     0.458222     0.690690     0.000402
     0.001481    -0.050370     0.458716     0.690690     0.000391
     0.001481    -0.050370     0.459210     0.690690     0.000431
     0.001481    -0.050370     0.459704     0.690690     0.000523
     0.001481    -0.050370     0.460198     0.690690     0.000667
     0.001481    -0.050370     0.460691     0.690690     0.000861
     0.001481     0.050370     0.456741     0.690690     0.000897
     0.001481     0.050370     0.457235     0.690690     0.000694
     0.001481     0.050370     0.457729     0.690690     0.000541
     0.001481     0.050370     0.458222     0.690690     0.000440
     0.001481     0.050370     0.458716     0.690690     0.000390
     0.001481     0.050370     0.459210     0.690690     0.000392
     0.001481     0.050370     0.459704     0.690690     0.000446
     0.001481     0.050370     0.460198     0.690690     0.000552
     0.001481     0.050370     0.460691     0.690690     0.000708
     0.001481     0.050370     0.461185     0.690690     0.000916
     0.002963    -0.050370     0.458222     0.690690     0.000940
     0.002963    -0.050370     0.458716     0.690690     0.000771
     0.002963    -0.050370     0.459210     0.690690     0.000652
     0.002963    -0.050370     0.459704     0.690690     0.000584
     0.002963    -0.050370     0.460198     0.690690     0.000568
     0.002963    -0.050370     0.460691     0.690690     0.000604
     0.002963    -0.050370     0.461185     0.690690     0.000691
     0.002963    -0.050370     0.461679     0.690690     0.000829
     0.002963     0.050370     0.458716     0.690690     0.000884
     0.002963     0.050370     0.459210     0.690690     0.000727
     0.002963     0.050370     0.459704     0.690690     0.000622
     0.002963     0.050370     0.460198     0.690690     0.000567
     0.002963     0.050370     0.460691     0.690690     0.000565
     0.002963     0.050370     0.461185     0.690690     0.000614
     0.002963     0.050370     0.461679     0.690690     0.000716
     0.002963     0.050370     0.462173     0.690690     0.000868
     0.004444    -0.050370     0.460691     0.690690     0.000966
     0.004444    -0.050370     0.461185     0.690690     0.000894
     0.004444    -0.050370     0.461679     0.690690     0.000874
     0.004444    -0.050370     0.462173     0.690690     0.000905
     0.004444    -0.050370     0.462667     0.690690     0.000987
     0.004444     0.050370     0.461185     0.690690     0.000926
     0.004444     0.050370     0.461679     0.690690     0.000868
     0.004444     0.050370     0.462173     0.690690     0.000862
     0.004444     0.050370     0.462667     0.690690     0.000907
     0.041481    -0.028148     0.459704     0.690690     0.000960
     0.041481    -0.028148     0.460198     0.690690     0.000861
     0.041481    -0.028148     0.460691     0.690690     0.000813
     0.041481    -0.028148     0.461185     0.690690     0.000815
     0.041481    -0.028148     0.461679     0.690690     0.000868
     0.041481    -0.028148     0.462173     0.690690     0.000971
     0.041481     0.028148     0.460198     0.690690     0.000904
     0.041481     0.028148     0.460691     0.690690     0.000847
     0.041481     0.028148     0.461185     0.690690     0.000840
     0.041481     0.028148     0.461679     0.690690     0.000885
     0.041481     0.028148     0.462173     0.690690     0.000981
     0.042963    -0.026667     0.457235     0.690690     0.000962
     0.042963    -0.026667     0.457729     0.690690     0.000816
     0.042963    -0.026667     0.458222     0.690690     0.000719
     0.042963    -0.026667     0.458716     0.690690     0.000672
     0.042963    -0.026667     0.459210     0.690690     0.000676
     0.042963    -0.026667     0.459704     0.690690     0.000730
     0.042963    -0.026667     0.460198     0.690690     0.000834
     0.042963    -0.026667     0.460691     0.690690     0.000988
     0.042963    -0.025185     0.455753     0.690690     0.000916
     0.042963    -0.025185     0.456247     0.690690     0.000755
     0.042963    -0.025185     0.456741     0.690690     0.000645
     0.042963    -0.025185     0.457235     0.690690     0.000585
     0.042963    -0.025185     0.457729     0.690690     0.000575
     0.042963    -0.025185     0.458222     0.690690     0.000616
     0.042963    -0.025185     0.458716     0.690690     0.000707
     0.042963    -0.025185     0.459210     0.690690     0.000848
     0.042963     0.025185     0.456247     0.690690     0.000895
     0.042963     0.025185     0.456741     0.690690     0.000775
     0.042963     0.025185     0.457235     0.690690     0.000706
     0.042963     0.025185     0.457729     0.690690     0.000688
     0.042963     0.025185     0.458222     0.690690     0.000721
     0.042963     0.025185     0.458716     0.690690     0.000805
     0.042963     0.025185     0.459210     0.690690     0.000939
     0.042963     0.026667     0.457235     0.690690     0.000954
     0.042963     0.026667     0.457729     0.690690     0.000797
     0.042963     0.026667     0.458222     0.690690     0.000690
     0.042963     0.026667     0.458716     0.690690     0.000634
     0.042963     0.026667     0.459210     0.690690     0.000628
     0.042963     0.026667     0.459704     0.690690     0.000674
     0.042963     0.026667     0.460198     0.690690     0.000770
     0.042963     0.026667     0.460691     0.690690     0.000917
     0.044444    -0.023704     0.453284     0.690690     0.000946
     0.044444    -0.023704     0.453778     0.690690     0.000748
     0.044444    -0.023704     0.454272     0.690690     0.000599
     0.044444    -0.023704     0.454766     0.690690     0.000501
     0.044444    -0.023704     0.455259     0.690690     0.000452
     0.044444    -0.023704     0.455753     0.690690     0.000455
     0.044444    -0.023704     0.456247     0.690690     0.000508
     0.044444    -0.023704     0.456741     0.690690     0.000611
     0.044444    -0.023704     0.457235     0.690690     0.000764
     0.044444    -0.023704     0.457729     0.690690     0.000967
     0.044444    -0.022222     0.453284     0.690690     0.000959
     0.044444    -0.022222     0.453778     0.690690     0.000879
     0.044444    -0.022222     0.454272     0.690690     0.000849
     0.044444    -0.022222     0.454766     0.690690     0.000869
     0.044444    -0.022222     0.455259     0.690690     0.000940
     0.044444     0.023704     0.453778     0.690690     0.000817
     0.044444     0.023704     0.454272     0.690690     0.000658
     0.044444     0.023704     0.454766     0.690690     0.000549
     0.044444     0.023704     0.455259     0.690690     0.000491
     0.044444     0.023704     0.455753     0.690690     0.000484
     0.044444     0.023704     0.456247     0.690690     0.000528
     0.044444     0.023704     0.456741     0.690690     0.000623
     0.044444     0.023704     0.457235     0.690690     0.000769
     0.044444     0.023704     0.457729     0.690690     0.000964
     0.045926    -0.020741     0.451309     0.690690     0.000940
     0.045926    -0.020741     0.451803     0.690690     0.000882
     0.045926    -0.020741     0.452296     0.690690     0.000874
     0.045926    -0.020741     0.452790     0.690690     0.000916
     0.045926     0.020741     0.451803     0.690690     0.000961
     0.045926     0.020741     0.452296     0.690690     0.000943
     0.045926     0.020741     0.452790     0.690690     0.000976


    -0.045926    -0.020741     0.461679     0.694828     0.000967
    -0.045926    -0.020741     0.462173     0.694828     0.000927
    -0.045926    -0.020741     0.462667     0.694828     0.000939
    -0.045926     0.020741     0.461679     0.694828     0.000910
    -0.045926     0.020741     0.462173     0.694828     0.000860
    -0.045926     0.020741     0.462667     0.694828     0.000864
    -0.045926     0.020741     0.463161     0.694828     0.000920
    -0.044444    -0.023704     0.456741     0.694828     0.000978
    -0.044444    -0.023704     0.457235     0.694828     0.000772
    -0.044444    -0.023704     0.457729     0.694828     0.000618
    -0.044444    -0.023704     0.458222     0.694828     0.000517
    -0.044444    -0.023704     0.458716     0.694828     0.000468
    -0.044444    -0.023704     0.459210     0.694828     0.000473
    -0.044444    -0.023704     0.459704     0.694828     0.000532
    -0.044444    -0.023704     0.460198     0.694828     0.000644
    -0.044444    -0.023704     0.460691     0.694828     0.000808
    -0.044444    -0.022222     0.459210     0.694828     0.000994
    -0.044444    -0.022222     0.459704     0.694828     0.000924
    -0.044444    -0.022222     0.460198     0.694828     0.000908
    -0.044444    -0.022222     0.460691     0.694828     0.000945
    -0.044444     0.022222     0.458716     0.694828     0.000982
    -0.044444     0.022222     0.459210     0.694828     0.000852
    -0.044444     0.022222     0.459704     0.694828     0.000775
    -0.044444     0.022222     0.460198     0.694828     0.000751
    -0.044444     0.022222     0.460691     0.694828     0.000779
    -0.044444     0.022222     0.461185     0.694828     0.000860
    -0.044444     0.022222     0.461679     0.694828     0.000993
    -0.044444     0.023704     0.456741     0.694828     0.000987
    -0.044444     0.023704     0.457235     0.694828     0.000774
    -0.044444     0.023704     0.457729     0.694828     0.000612
    -0.044444     0.023704     0.458222     0.694828     0.000502
    -0.044444     0.023704     0.458716     0.694828     0.000445
    -0.044444     0.023704     0.459210     0.694828     0.000441
    -0.044444     0.023704     0.459704     0.694828     0.000490
    -0.044444     0.023704     0.460198     0.694828     0.000591
    -0.044444     0.023704     0.460691     0.694828     0.000745
    -0.044444     0.023704     0.461185     0.694828     0.000951
    -0.042963    -0.026667     0.453778     0.694828     0.000939
    -0.042963    -0.026667     0.454272     0.694828     0.000787
    -0.042963    -0.026667     0.454766     0.694828     0.000688
    -0.042963    -0.026667     0.455259     0.694828     0.000642
    -0.042963    -0.026667     0.455753     0.694828     0.000650
    -0.042963    -0.026667     0.456247     0.694828     0.000710
    -0.042963    -0.026667     0.456741     0.694828     0.000824
    -0.042963    -0.026667     0.457235     0.694828     0.000989
    -0.042963    -0.025185     0.455259     0.694828     0.000859
    -0.042963    -0.025185     0.455753     0.694828     0.000719
    -0.042963    -0.025185     0.456247     0.694828     0.000632
    -0.042963    -0.025185     0.456741     0.694828     0.000597
    -0.042963    -0.025185     0.457235     0.694828     0.000617
    -0.042963    -0.025185     0.457729     0.694828     0.000689
    -0.042963    -0.025185     0.458222     0.694828     0.000814
    -0.042963    -0.025185     0.458716     0.694828     0.000992
    -0.042963     0.025185     0.454766     0.694828     0.000971
    -0.042963     0.025185     0.455259     0.694828     0.000772
    -0.042963     0.025185     0.455753     0.694828     0.000625
    -0.042963     0.025185     0.456247     0.694828     0.000530
    -0.042963     0.025185     0.456741     0.694828     0.000487
    -0.042963     0.025185     0.457235     0.694828     0.000498
    -0.042963     0.025185     0.457729     0.694828     0.000562
    -0.042963     0.025185     0.458222     0.694828     0.000678
    -0.042963     0.025185     0.458716     0.694828     0.000847
    -0.042963     0.026667     0.454272     0.694828     0.000861
    -0.042963     0.026667     0.454766     0.694828     0.000755
    -0.042963     0.026667     0.455259     0.694828     0.000700
    -0.042963     0.026667     0.455753     0.694828     0.000699
    -0.042963     0.026667     0.456247     0.694828     0.000749
    -0.042963     0.026667     0.456741     0.694828     0.000852
    -0.041481    -0.028148     0.452296     0.694828     0.000920
    -0.041481    -0.028148     0.452790     0.694828     0.000824
    -0.041481    -0.028148     0.453284     0.694828     0.000780
    -0.041481    -0.028148     0.453778     0.694828     0.000791
    -0.041481    -0.028148     0.454272     0.694828     0.000854
    -0.041481    -0.028148     0.454766     0.694828     0.000971
    -0.041481     0.028148     0.452296     0.694828     0.000918
    -0.041481     0.028148     0.452790     0.694828     0.000814
    -0.041481     0.028148     0.453284     0.694828     0.000764
    -0.041481     0.028148     0.453778     0.694828     0.000766
    -0.041481     0.028148     0.454272     0.694828     0.000820
    -0.041481     0.028148     0.454766     0.694828     0.000927
    -0.004444    -0.050370     0.451309     0.694828     0.000978
    -0.004444    -0.050370     0.451803     0.694828     0.000882
    -0.004444    -0.050370     0.452296     0.694828     0.000840
    -0.004444    -0.050370     0.452790     0.694828     0.000852
    -0.004444    -0.050370     0.453284     0.694828     0.000918
    -0.004444     0.050370     0.451803     0.694828     0.000960
    -0.004444     0.050370     0.452296     0.694828     0.000879
    -0.004444     0.050370     0.452790     0.694828     0.000851
    -0.004444     0.050370     0.453284     0.694828     0.000877
    -0.004444     0.050370     0.453778     0.694828     0.000957
    -0.002963    -0.050370     0.452296     0.694828     0.000836
    -0.002963    -0.050370     0.452790     0.694828     0.000681
    -0.002963    -0.050370     0.453284     0.694828     0.000578
    -0.002963    -0.050370     0.453778     0.694828     0.000530
    -0.002963    -0.050370     0.454272     0.694828     0.000536
    -0.002963    -0.050370     0.454766     0.694828     0.000596
    -0.002963    -0.050370     0.455259     0.694828     0.000710
    -0.002963    -0.050370     0.455753     0.694828     0.000878
    -0.002963     0.050370     0.452296     0.694828     0.000988
    -0.002963     0.050370     0.452790     0.694828     0.000793
    -0.002963     0.050370     0.453284     0.694828     0.000652
    -0.002963     0.050370     0.453778     0.694828     0.000564
    -0.002963     0.050370     0.454272     0.694828     0.000530
    -0.002963     0.050370     0.454766     0.694828     0.000550
    -0.002963     0.050370     0.455259     0.694828     0.000624
    -0.002963     0.050370     0.455753     0.694828     0.000751
    -0.002963     0.050370     0.456247     0.694828     0.000932
    -0.001481    -0.050370     0.453284     0.694828     0.000891
    -0.001481    -0.050370     0.453778     0.694828     0.000676
    -0.001481    -0.050370     0.454272     0.694828     0.000513
    -0.001481    -0.050370     0.454766     0.694828     0.000404
    -0.001481    -0.050370     0.455259     0.694828     0.000350
    -0.001481    -0.050370     0.455753     0.694828     0.000349
    -0.001481    -0.050370     0.456247     0.694828     0.000403
    -0.001481    -0.050370     0.456741     0.694828     0.000512
    -0.001481    -0.050370     0.457235     0.694828     0.000673
    -0.001481    -0.050370     0.457729     0.694828     0.000888
    -0.001481     0.050370     0.453778     0.694828     0.000829
    -0.001481     0.050370     0.454272     0.694828     0.000628
    -0.001481     0.050370     0.454766     0.694828     0.000479
    -0.001481     0.050370     0.455259     0.694828     0.000384
    -0.001481     0.050370     0.455753     0.694828     0.000343
    -0.001481     0.050370     0.456247     0.694828     0.000356
    -0.001481     0.050370     0.456741     0.694828     0.000424
    -0.001481     0.050370     0.457235     0.694828     0.000546
    -0.001481     0.050370     0.457729     0.694828     0.000721
    -0.001481     0.050370     0.458222     0.694828     0.000948
     0.000000    -0.050370     0.454766     0.694828     0.000860
     0.000000    -0.050370     0.455259     0.694828     0.000639
     0.000000    -0.050370     0.455753     0.694828     0.000470
     0.000000    -0.050370     0.456247     0.694828     0.000355
     0.000000    -0.050370     0.456741     0.694828     0.000293
     0.000000    -0.050370     0.457235     0.694828     0.000287
     0.000000    -0.050370     0.457729     0.694828     0.000334
     0.000000    -0.050370     0.458222     0.694828     0.000436
     0.000000    -0.050370     0.458716     0.694828     0.000591
     0.000000    -0.050370     0.459210     0.694828     0.000800
     0.000000     0.050370     0.455259     0.694828     0.000796
     0.000000     0.050370     0.455753     0.694828     0.000588
     0.000000     0.050370     0.456247     0.694828     0.000432
     0.000000     0.050370     0.456741     0.694828     0.000330
     0.000000     0.050370     0.457235     0.694828     0.000283
     0.000000     0.050370     0.457729     0.694828     0.000290
     0.000000     0.050370     0.458222     0.694828     0.000351
     0.000000     0.050370     0.458716     0.694828     0.000466
     0.000000     0.050370     0.459210     0.694828     0.000635
     0.000000     0.050370     0.459704     0.694828     0.000857
     0.001481    -0.050370     0.456247     0.694828     0.000952
     0.001481    -0.050370     0.456741     0.694828     0.000725
     0.001481    -0.050370     0.457235     0.694828     0.000550
     0.001481    -0.050370     0.457729     0.694828     0.000428
     0.001481    -0.050370     0.458222     0.694828     0.000360
     0.001481    -0.050370     0.458716     0.694828     0.000347
     0.001481    -0.050370     0.459210     0.694828     0.000388
     0.001481    -0.050370     0.459704     0.694828     0.000482
     0.001481    -0.050370     0.460198     0.694828     0.000631
     0.001481    -0.050370     0.460691     0.694828     0.000833
     0.001481     0.050370     0.456741     0.694828     0.000884
     0.001481     0.050370     0.457235     0.694828     0.000669
     0.001481     0.050370     0.457729     0.694828     0.000508
     0.001481     0.050370     0.458222     0.694828     0.000400
     0.001481     0.050370     0.458716     0.694828     0.000345
     0.001481     0.050370     0.459210     0.694828     0.000346
     0.001481     0.050370     0.459704     0.694828     0.000400
     0.001481     0.050370     0.460198     0.694828     0.000509
     0.001481     0.050370     0.460691     0.694828     0.000672
     0.001481     0.050370     0.461185     0.694828     0.000887
     0.002963    -0.050370     0.458222     0.694828     0.000935
     0.002963    -0.050370     0.458716     0.694828     0.000755
     0.002963    -0.050370     0.459210     0.694828     0.000627
     0.002963    -0.050370     0.459704     0.694828     0.000553
     0.002963    -0.050370     0.460198     0.694828     0.000533
     0.002963    -0.050370     0.460691     0.694828     0.000567
     0.002963    -0.050370     0.461185     0.694828     0.000655
     0.002963    -0.050370     0.461679     0.694828     0.000797
     0.002963    -0.050370     0.462173     0.694828     0.000991
     0.002963     0.050370     0.458716     0.694828     0.000874
     0.002963     0.050370     0.459210     0.694828     0.000706
     0.002963     0.050370     0.459704     0.694828     0.000592
     0.002963     0.050370     0.460198     0.694828     0.000532
     0.002963     0.050370     0.460691     0.694828     0.000526
     0.002963     0.050370     0.461185     0.694828     0.000574
     0.002963     0.050370     0.461679     0.694828     0.000677
     0.002963     0.050370     0.462173     0.694828     0.000833
     0.004444    -0.050370     0.460691     0.694828     0.000960
     0.004444    -0.050370     0.461185     0.694828     0.000881
     0.004444    -0.050370     0.461679     0.694828     0.000855
     0.004444    -0.050370     0.462173     0.694828     0.000882
     0.004444    -0.050370     0.462667     0.694828     0.000963
     0.004444     0.050370     0.461185     0.694828     0.000914
     0.004444     0.050370     0.461679     0.694828     0.000848
     0.004444     0.050370     0.462173     0.694828     0.000836
     0.004444     0.050370     0.462667     0.694828     0.000878
     0.004444     0.050370     0.463161     0.694828     0.000974
     0.041481    -0.028148     0.459704     0.694828     0.000911
     0.041481    -0.028148     0.460198     0.694828     0.000803
     0.041481    -0.028148     0.460691     0.694828     0.000748
     0.041481    -0.028148     0.461185     0.694828     0.000746
     0.041481    -0.028148     0.461679     0.694828     0.000797
     0.041481    -0.028148     0.462173     0.694828     0.000900
     0.041481     0.028148     0.459704     0.694828     0.000952
     0.041481     0.028148     0.460198     0.694828     0.000835
     0.041481     0.028148     0.460691     0.694828     0.000771
     0.041481     0.028148     0.461185     0.694828     0.000760
     0.041481     0.028148     0.461679     0.694828     0.000803
     0.041481     0.028148     0.462173     0.694828     0.000898
     0.042963    -0.026667     0.457235     0.694828     0.000990
     0.042963    -0.026667     0.457729     0.694828     0.000835
     0.042963    -0.026667     0.458222     0.694828     0.000732
     0.042963    -0.026667     0.458716     0.694828     0.000681
     0.042963    -0.026667     0.459210     0.694828     0.000682
     0.042963    -0.026667     0.459704     0.694828     0.000736
     0.042963    -0.026667     0.460198     0.694828     0.000843
     0.042963    -0.025185     0.455753     0.694828     0.000829
     0.042963    -0.025185     0.456247     0.694828     0.000660
     0.042963    -0.025185     0.456741     0.694828     0.000543
     0.042963    -0.025185     0.457235     0.694828     0.000479
     0.042963    -0.025185     0.457729     0.694828     0.000468
     0.042963    -0.025185     0.458222     0.694828     0.000510
     0.042963    -0.025185     0.458716     0.694828     0.000605
     0.042963    -0.025185     0.459210     0.694828     0.000752
     0.042963    -0.025185     0.459704     0.694828     0.000951
     0.042963     0.025185     0.455753     0.694828     0.000972
     0.042963     0.025185     0.456247     0.694828     0.000793
     0.042963     0.025185     0.456741     0.694828     0.000667
     0.042963     0.025185     0.457235     0.694828     0.000594
     0.042963     0.025185     0.457729     0.694828     0.000574
     0.042963     0.025185     0.458222     0.694828     0.000608
     0.042963     0.025185     0.458716     0.694828     0.000695
     0.042963     0.025185     0.459210     0.694828     0.000835
     0.042963     0.026667     0.457235     0.694828     0.000969
     0.042963     0.026667     0.457729     0.694828     0.000803
     0.042963     0.026667     0.458222     0.694828     0.000689
     0.042963     0.026667     0.458716     0.694828     0.000627
     0.042963     0.026667     0.459210     0.694828     0.000619
     0.042963     0.026667     0.459704     0.694828     0.000665
     0.042963     0.026667     0.460198     0.694828     0.000763
     0.042963     0.026667     0.460691     0.694828     0.000914
     0.044444    -0.023704     0.453284     0.694828     0.000932
     0.044444    -0.023704     0.453778     0.694828     0.000726
     0.044444    -0.023704     0.454272     0.694828     0.000572
     0.044444    -0.023704     0.454766     0.694828     0.000470
     0.044444    -0.023704     0.455259     0.694828     0.000421
     0.044444    -0.023704     0.455753     0.694828     0.000425
     0.044444    -0.023704     0.456247     0.694828     0.000482
     0.044444    -0.023704     0.456741     0.694828     0.000591
     0.044444    -0.023704     0.457235     0.694828     0.000753
     0.044444    -0.023704     0.457729     0.694828     0.000966
     0.044444    -0.022222     0.452790     0.694828     0.000973
     0.044444    -0.022222     0.453284     0.694828     0.000840
     0.044444    -0.022222     0.453778     0.694828     0.000759
     0.044444    -0.022222     0.454272     0.694828     0.000730
     0.044444    -0.022222     0.454766     0.694828     0.000754
     0.044444    -0.022222     0.455259     0.694828     0.000831
     0.044444    -0.022222     0.455753     0.694828     0.000960
     0.044444     0.022222     0.453778     0.694828     0.000920
     0.044444     0.022222     0.454272     0.694828     0.000883
     0.044444     0.022222     0.454766     0.694828     0.000899
     0.044444     0.022222     0.455259     0.694828     0.000967
     0.044444     0.023704     0.453778     0.694828     0.000785
     0.044444     0.023704     0.454272     0.694828     0.000620
     0.044444     0.023704     0.454766     0.694828     0.000507
     0.044444     0.023704     0.455259     0.694828     0.000448
     0.044444     0.023704     0.455753     0.694828     0.000443
     0.044444     0.023704     0.456247     0.694828     0.000490
     0.044444     0.023704     0.456741     0.694828     0.000591
     0.044444     0.023704     0.457235     0.694828     0.000745
     0.044444     0.023704     0.457729     0.694828     0.000951
     0.045926    -0.020741     0.451309     0.694828     0.000898
     0.045926    -0.020741     0.451803     0.694828     0.000842
     0.045926    -0.020741     0.452296     0.694828     0.000839
     0.045926    -0.020741     0.452790     0.694828     0.000888
     0.045926    -0.020741     0.453284     0.694828     0.000989
     0.045926     0.020741     0.451309     0.694828     0.000978
     0.045926     0.020741     0.451803     0.694828     0.000911
     0.045926     0.020741     0.452296     0.694828     0.000898
     0.045926     0.020741     0.452790     0.694828     0.000938


    -0.045926    -0.020741     0.461679     0.698966     0.000969
    -0.045926    -0.020741     0.462173     0.698966     0.000921
    -0.045926    -0.020741     0.462667     0.698966     0.000929
    -0.045926    -0.020741     0.463161     0.698966     0.000992
    -0.045926     0.020741     0.461679     0.698966     0.000922
    -0.045926     0.020741     0.462173     0.698966     0.000865
    -0.045926     0.020741     0.462667     0.698966     0.000864
    -0.045926     0.020741     0.463161     0.698966     0.000917
    -0.044444    -0.023704     0.457235     0.698966     0.000790
    -0.044444    -0.023704     0.457729     0.698966     0.000627
    -0.044444    -0.023704     0.458222     0.698966     0.000519
    -0.044444    -0.023704     0.458716     0.698966     0.000467
    -0.044444    -0.023704     0.459210     0.698966     0.000470
    -0.044444    -0.023704     0.459704     0.698966     0.000530
    -0.044444    -0.023704     0.460198     0.698966     0.000646
    -0.044444    -0.023704     0.460691     0.698966     0.000816
    -0.044444    -0.022222     0.459210     0.698966     0.000912
    -0.044444    -0.022222     0.459704     0.698966     0.000836
    -0.044444    -0.022222     0.460198     0.698966     0.000816
    -0.044444    -0.022222     0.460691     0.698966     0.000851
    -0.044444    -0.022222     0.461185     0.698966     0.000942
    -0.044444     0.022222     0.458716     0.698966     0.000915
    -0.044444     0.022222     0.459210     0.698966     0.000776
    -0.044444     0.022222     0.459704     0.698966     0.000693
    -0.044444     0.022222     0.460198     0.698966     0.000664
    -0.044444     0.022222     0.460691     0.698966     0.000691
    -0.044444     0.022222     0.461185     0.698966     0.000773
    -0.044444     0.022222     0.461679     0.698966     0.000910
    -0.044444     0.023704     0.457235     0.698966     0.000805
    -0.044444     0.023704     0.457729     0.698966     0.000634
    -0.044444     0.023704     0.458222     0.698966     0.000518
    -0.044444     0.023704     0.458716     0.698966     0.000456
    -0.044444     0.023704     0.459210     0.698966     0.000451
    -0.044444     0.023704     0.459704     0.698966     0.000500
    -0.044444     0.023704     0.460198     0.698966     0.000605
    -0.044444     0.023704     0.460691     0.698966     0.000765
    -0.044444     0.023704     0.461185     0.698966     0.000979
    -0.042963    -0.026667     0.453778     0.698966     0.000980
    -0.042963    -0.026667     0.454272     0.698966     0.000823
    -0.042963    -0.026667     0.454766     0.698966     0.000722
    -0.042963    -0.026667     0.455259     0.698966     0.000676
    -0.042963    -0.026667     0.455753     0.698966     0.000686
    -0.042963    -0.026667     0.456247     0.698966     0.000752
    -0.042963    -0.026667     0.456741     0.698966     0.000873
    -0.042963    -0.025185     0.454766     0.698966     0.000990
    -0.042963    -0.025185     0.455259     0.698966     0.000789
    -0.042963    -0.025185     0.455753     0.698966     0.000642
    -0.042963    -0.025185     0.456247     0.698966     0.000551
    -0.042963    -0.025185     0.456741     0.698966     0.000516
    -0.042963    -0.025185     0.457235     0.698966     0.000537
    -0.042963    -0.025185     0.457729     0.698966     0.000614
    -0.042963    -0.025185     0.458222     0.698966     0.000746
    -0.042963    -0.025185     0.458716     0.698966     0.000934
    -0.042963     0.025185     0.454766     0.698966     0.000918
    -0.042963     0.025185     0.455259     0.698966     0.000710
    -0.042963     0.025185     0.455753     0.698966     0.000556
    -0.042963     0.025185     0.456247     0.698966     0.000457
    -0.042963     0.025185     0.456741     0.698966     0.000414
    -0.042963     0.025185     0.457235     0.698966     0.000426
    -0.042963     0.025185     0.457729     0.698966     0.000494
    -0.042963     0.025185     0.458222     0.698966     0.000617
    -0.042963     0.025185     0.458716     0.698966     0.000795
    -0.042963     0.026667     0.454272     0.698966     0.000914
    -0.042963     0.026667     0.454766     0.698966     0.000805
    -0.042963     0.026667     0.455259     0.698966     0.000751
    -0.042963     0.026667     0.455753     0.698966     0.000751
    -0.042963     0.026667     0.456247     0.698966     0.000807
    -0.042963     0.026667     0.456741     0.698966     0.000917
    -0.041481    -0.028148     0.452296     0.698966     0.000873
    -0.041481    -0.028148     0.452790     0.698966     0.000776
    -0.041481    -0.028148     0.453284     0.698966     0.000735
    -0.041481    -0.028148     0.453778     0.698966     0.000751
    -0.041481    -0.028148     0.454272     0.698966     0.000822
    -0.041481    -0.028148     0.454766     0.698966     0.000949
    -0.041481     0.028148     0.452296     0.698966     0.000883
    -0.041481     0.028148     0.452790     0.698966     0.000779
    -0.041481     0.028148     0.453284     0.698966     0.000731
    -0.041481     0.028148     0.453778     0.698966     0.000738
    -0.041481     0.028148     0.454272     0.698966     0.000800
    -0.041481     0.028148     0.454766     0.698966     0.000917
    -0.004444    -0.050370     0.451309     0.698966     0.000989
    -0.004444    -0.050370     0.451803     0.698966     0.000894
    -0.004444    -0.050370     0.452296     0.698966     0.000856
    -0.004444    -0.050370     0.452790     0.698966     0.000873
    -0.004444    -0.050370     0.453284     0.698966     0.000948
    -0.004444     0.050370     0.451803     0.698966     0.000977
    -0.004444     0.050370     0.452296     0.698966     0.000897
    -0.004444     0.050370     0.452790     0.698966     0.000873
    -0.004444     0.050370     0.453284     0.698966     0.000905
    -0.004444     0.050370     0.453778     0.698966     0.000994
    -0.002963    -0.050370     0.452296     0.698966     0.000841
    -0.002963    -0.050370     0.452790     0.698966     0.000681
    -0.002963    -0.050370     0.453284     0.698966     0.000578
    -0.002963    -0.050370     0.453778     0.698966     0.000531
    -0.002963    -0.050370     0.454272     0.698966     0.000541
    -0.002963    -0.050370     0.454766     0.698966     0.000608
    -0.002963    -0.050370     0.455259     0.698966     0.000731
    -0.002963    -0.050370     0.455753     0.698966     0.000910
    -0.002963     0.050370     0.452790     0.698966     0.000801
    -0.002963     0.050370     0.453284     0.698966     0.000656
    -0.002963     0.050370     0.453778     0.698966     0.000567
    -0.002963     0.050370     0.454272     0.698966     0.000535
    -0.002963     0.050370     0.454766     0.698966     0.000559
    -0.002963     0.050370     0.455259     0.698966     0.000640
    -0.002963     0.050370     0.455753     0.698966     0.000777
    -0.002963     0.050370     0.456247     0.698966     0.000970
    -0.001481    -0.050370     0.453284     0.698966     0.000903
    -0.001481    -0.050370     0.453778     0.698966     0.000679
    -0.001481    -0.050370     0.454272     0.698966     0.000511
    -0.001481    -0.050370     0.454766     0.698966     0.000398
    -0.001481    -0.050370     0.455259     0.698966     0.000343
    -0.001481    -0.050370     0.455753     0.698966     0.000345
    -0.001481    -0.050370     0.456247     0.698966     0.000403
    -0.001481    -0.050370     0.456741     0.698966     0.000519
    -0.001481    -0.050370     0.457235     0.698966     0.000690
    -0.001481    -0.050370     0.457729     0.698966     0.000917
    -0.001481     0.050370     0.453778     0.698966     0.000842
    -0.001481     0.050370     0.454272     0.698966     0.000632
    -0.001481     0.050370     0.454766     0.698966     0.000478
    -0.001481     0.050370     0.455259     0.698966     0.000379
    -0.001481     0.050370     0.455753     0.698966     0.000338
    -0.001481     0.050370     0.456247     0.698966     0.000354
    -0.001481     0.050370     0.456741     0.698966     0.000427
    -0.001481     0.050370     0.457235     0.698966     0.000556
    -0.001481     0.050370     0.457729     0.698966     0.000741
    -0.001481     0.050370     0.458222     0.698966     0.000981
     0.000000    -0.050370     0.454766     0.698966     0.000880
     0.000000    -0.050370     0.455259     0.698966     0.000648
     0.000000    -0.050370     0.455753     0.698966     0.000471
     0.000000    -0.050370     0.456247     0.698966     0.000350
     0.000000    -0.050370     0.456741     0.698966     0.000286
     0.000000    -0.050370     0.457235     0.698966     0.000279
     0.000000    -0.050370     0.457729     0.698966     0.000329
     0.000000    -0.050370     0.458222     0.698966     0.000436
     0.000000    -0.050370     0.458716     0.698966     0.000599
     0.000000    -0.050370     0.459210     0.698966     0.000817
     0.000000     0.050370     0.455259     0.698966     0.000814
     0.000000     0.050370     0.455753     0.698966     0.000595
     0.000000     0.050370     0.456247     0.698966     0.000432
     0.000000     0.050370     0.456741     0.698966     0.000325
     0.000000     0.050370     0.457235     0.698966     0.000275
     0.000000     0.050370     0.457729     0.698966     0.000282
     0.000000     0.050370     0.458222     0.698966     0.000346
     0.000000     0.050370     0.458716     0.698966     0.000467
     0.000000     0.050370     0.459210     0.698966     0.000644
     0.000000     0.050370     0.459704     0.698966     0.000876
     0.001481    -0.050370     0.456247     0.698966     0.000985
     0.001481    -0.050370     0.456741     0.698966     0.000745
     0.001481    -0.050370     0.457235     0.698966     0.000560
     0.001481    -0.050370     0.457729     0.698966     0.000430
     0.001481    -0.050370     0.458222     0.698966     0.000358
     0.001481    -0.050370     0.458716     0.698966     0.000342
     0.001481    -0.050370     0.459210     0.698966     0.000383
     0.001481    -0.050370     0.459704     0.698966     0.000481
     0.001481    -0.050370     0.460198     0.698966     0.000636
     0.001481    -0.050370     0.460691     0.698966     0.000845
     0.001481     0.050370     0.456741     0.698966     0.000913
     0.001481     0.050370     0.457235     0.698966     0.000686
     0.001481     0.050370     0.457729     0.698966     0.000515
     0.001481     0.050370     0.458222     0.698966     0.000399
     0.001481     0.050370     0.458716     0.698966     0.000341
     0.001481     0.050370     0.459210     0.698966     0.000339
     0.001481     0.050370     0.459704     0.698966     0.000394
     0.001481     0.050370     0.460198     0.698966     0.000507
     0.001481     0.050370     0.460691     0.698966     0.000675
     0.001481     0.050370     0.461185     0.698966     0.000899
     0.002963    -0.050370     0.458222     0.698966     0.000973
     0.002963    -0.050370     0.458716     0.698966     0.000781
     0.002963    -0.050370     0.459210     0.698966     0.000644
     0.002963    -0.050370     0.459704     0.698966     0.000563
     0.002963    -0.050370     0.460198     0.698966     0.000539
     0.002963    -0.050370     0.460691     0.698966     0.000571
     0.002963    -0.050370     0.461185     0.698966     0.000660
     0.002963    -0.050370     0.461679     0.698966     0.000805
     0.002963     0.050370     0.458716     0.698966     0.000906
     0.002963     0.050370     0.459210     0.698966     0.000727
     0.002963     0.050370     0.459704     0.698966     0.000604
     0.002963     0.050370     0.460198     0.698966     0.000537
     0.002963     0.050370     0.460691     0.698966     0.000527
     0.002963     0.050370     0.461185     0.698966     0.000574
     0.002963     0.050370     0.461679     0.698966     0.000677
     0.002963     0.050370     0.462173     0.698966     0.000837
     0.004444    -0.050370     0.460691     0.698966     0.000998
     0.004444    -0.050370     0.461185     0.698966     0.000909
     0.004444    -0.050370     0.461679     0.698966     0.000877
     0.004444    -0.050370     0.462173     0.698966     0.000900
     0.004444    -0.050370     0.462667     0.698966     0.000980
     0.004444     0.050370     0.461185     0.698966     0.000944
     0.004444     0.050370     0.461679     0.698966     0.000869
     0.004444     0.050370     0.462173     0.698966     0.000851
     0.004444     0.050370     0.462667     0.698966     0.000890
     0.004444     0.050370     0.463161     0.698966     0.000985
     0.041481    -0.028148     0.459704     0.698966     0.000900
     0.041481    -0.028148     0.460198     0.698966     0.000783
     0.041481    -0.028148     0.460691     0.698966     0.000720
     0.041481    -0.028148     0.461185     0.698966     0.000713
     0.041481    -0.028148     0.461679     0.698966     0.000761
     0.041481    -0.028148     0.462173     0.698966     0.000865
     0.041481     0.028148     0.459704     0.698966     0.000930
     0.041481     0.028148     0.460198     0.698966     0.000803
     0.041481     0.028148     0.460691     0.698966     0.000731
     0.041481     0.028148     0.461185     0.698966     0.000715
     0.041481     0.028148     0.461679     0.698966     0.000755
     0.041481     0.028148     0.462173     0.698966     0.000851
     0.042963    -0.026667     0.457729     0.698966     0.000900
     0.042963    -0.026667     0.458222     0.698966     0.000789
     0.042963    -0.026667     0.458716     0.698966     0.000734
     0.042963    -0.026667     0.459210     0.698966     0.000733
     0.042963    -0.026667     0.459704     0.698966     0.000787
     0.042963    -0.026667     0.460198     0.698966     0.000896
     0.042963    -0.025185     0.455753     0.698966     0.000777
     0.042963    -0.025185     0.456247     0.698966     0.000599
     0.042963    -0.025185     0.456741     0.698966     0.000475
     0.042963    -0.025185     0.457235     0.698966     0.000407
     0.042963    -0.025185     0.457729     0.698966     0.000394
     0.042963    -0.025185     0.458222     0.698966     0.000437
     0.042963    -0.025185     0.458716     0.698966     0.000536
     0.042963    -0.025185     0.459210     0.698966     0.000690
     0.042963    -0.025185     0.459704     0.698966     0.000898
     0.042963     0.025185     0.455753     0.698966     0.000913
     0.042963     0.025185     0.456247     0.698966     0.000725
     0.042963     0.025185     0.456741     0.698966     0.000592
     0.042963     0.025185     0.457235     0.698966     0.000514
     0.042963     0.025185     0.457729     0.698966     0.000492
     0.042963     0.025185     0.458222     0.698966     0.000527
     0.042963     0.025185     0.458716     0.698966     0.000618
     0.042963     0.025185     0.459210     0.698966     0.000764
     0.042963     0.025185     0.459704     0.698966     0.000965
     0.042963     0.026667     0.457729     0.698966     0.000852
     0.042963     0.026667     0.458222     0.698966     0.000730
     0.042963     0.026667     0.458716     0.698966     0.000664
     0.042963     0.026667     0.459210     0.698966     0.000653
     0.042963     0.026667     0.459704     0.698966     0.000698
     0.042963     0.026667     0.460198     0.698966     0.000799
     0.042963     0.026667     0.460691     0.698966     0.000955
     0.044444    -0.023704     0.453284     0.698966     0.000960
     0.044444    -0.023704     0.453778     0.698966     0.000746
     0.044444    -0.023704     0.454272     0.698966     0.000586
     0.044444    -0.023704     0.454766     0.698966     0.000481
     0.044444    -0.023704     0.455259     0.698966     0.000431
     0.044444    -0.023704     0.455753     0.698966     0.000436
     0.044444    -0.023704     0.456247     0.698966     0.000497
     0.044444    -0.023704     0.456741     0.698966     0.000614
     0.044444    -0.023704     0.457235     0.698966     0.000784
     0.044444    -0.022222     0.452790     0.698966     0.000890
     0.044444    -0.022222     0.453284     0.698966     0.000753
     0.044444    -0.022222     0.453778     0.698966     0.000670
     0.044444    -0.022222     0.454272     0.698966     0.000643
     0.044444    -0.022222     0.454766     0.698966     0.000671
     0.044444    -0.022222     0.455259     0.698966     0.000755
     0.044444    -0.022222     0.455753     0.698966     0.000893
     0.044444     0.022222     0.453284     0.698966     0.000918
     0.044444     0.022222     0.453778     0.698966     0.000827
     0.044444     0.022222     0.454272     0.698966     0.000790
     0.044444     0.022222     0.454766     0.698966     0.000810
     0.044444     0.022222     0.455259     0.698966     0.000885
     0.044444     0.023704     0.453778     0.698966     0.000793
     0.044444     0.023704     0.454272     0.698966     0.000622
     0.044444     0.023704     0.454766     0.698966     0.000505
     0.044444     0.023704     0.455259     0.698966     0.000445
     0.044444     0.023704     0.455753     0.698966     0.000440
     0.044444     0.023704     0.456247     0.698966     0.000492
     0.044444     0.023704     0.456741     0.698966     0.000600
     0.044444     0.023704     0.457235     0.698966     0.000762
     0.044444     0.023704     0.457729     0.698966     0.000979
     0.045926    -0.020741     0.451309     0.698966     0.000896
     0.045926    -0.020741     0.451803     0.698966     0.000842
     0.045926    -0.020741     0.452296     0.698966     0.000843
     0.045926    -0.020741     0.452790     0.698966     0.000900
     0.045926     0.020741     0.451309     0.698966     0.000965
     0.045926     0.020741     0.451803     0.698966     0.000901
     0.045926     0.020741     0.452296     0.698966     0.000892
     0.045926     0.020741     0.452790     0.698966     0.000939


    -0.045926    -0.020741     0.462173     0.703103     0.000949
    -0.045926    -0.020741     0.462667     0.703103     0.000952
    -0.045926     0.020741     0.461679     0.703103     0.000971
    -0.045926     0.020741     0.462173     0.703103     0.000906
    -0.045926     0.020741     0.462667     0.703103     0.000898
    -0.045926     0.020741     0.463161     0.703103     0.000949
    -0.044444    -0.023704     0.457235     0.703103     0.000845
    -0.044444    -0.023704     0.457729     0.703103     0.000671
    -0.044444    -0.023704     0.458222     0.703103     0.000556
    -0.044444    -0.023704     0.458716     0.703103     0.000500
    -0.044444    -0.023704     0.459210     0.703103     0.000502
    -0.044444    -0.023704     0.459704     0.703103     0.000563
    -0.044444    -0.023704     0.460198     0.703103     0.000683
    -0.044444    -0.023704     0.460691     0.703103     0.000860
    -0.044444    -0.022222     0.458716     0.703103     0.000997
    -0.044444    -0.022222     0.459210     0.703103     0.000856
    -0.044444    -0.022222     0.459704     0.703103     0.000773
    -0.044444    -0.022222     0.460198     0.703103     0.000748
    -0.044444    -0.022222     0.460691     0.703103     0.000783
    -0.044444    -0.022222     0.461185     0.703103     0.000876
    -0.044444     0.022222     0.458716     0.703103     0.000876
    -0.044444     0.022222     0.459210     0.703103     0.000727
    -0.044444     0.022222     0.459704     0.703103     0.000636
    -0.044444     0.022222     0.460198     0.703103     0.000602
    -0.044444     0.022222     0.460691     0.703103     0.000628
    -0.044444     0.022222     0.461185     0.703103     0.000711
    -0.044444     0.022222     0.461679     0.703103     0.000852
    -0.044444     0.023704     0.457235     0.703103     0.000875
    -0.044444     0.023704     0.457729     0.703103     0.000694
    -0.044444     0.023704     0.458222     0.703103     0.000570
    -0.044444     0.023704     0.458716     0.703103     0.000504
    -0.044444     0.023704     0.459210     0.703103     0.000496
    -0.044444     0.023704     0.459704     0.703103     0.000547
    -0.044444     0.023704     0.460198     0.703103     0.000655
    -0.044444     0.023704     0.460691     0.703103     0.000822
    -0.042963    -0.026667     0.454272     0.703103     0.000898
    -0.042963    -0.026667     0.454766     0.703103     0.000794
    -0.042963    -0.026667     0.455259     0.703103     0.000748
    -0.042963    -0.026667     0.455753     0.703103     0.000762
    -0.042963    -0.026667     0.456247     0.703103     0.000833
    -0.042963    -0.026667     0.456741     0.703103     0.000963
    -0.042963    -0.025185     0.454766     0.703103     0.000957
    -0.042963    -0.025185     0.455259     0.703103     0.000745
    -0.042963    -0.025185     0.455753     0.703103     0.000592
    -0.042963    -0.025185     0.456247     0.703103     0.000496
    -0.042963    -0.025185     0.456741     0.703103     0.000460
    -0.042963    -0.025185     0.457235     0.703103     0.000483
    -0.042963    -0.025185     0.457729     0.703103     0.000565
    -0.042963    -0.025185     0.458222     0.703103     0.000706
    -0.042963    -0.025185     0.458716     0.703103     0.000904
    -0.042963     0.025185     0.454766     0.703103     0.000895
    -0.042963     0.025185     0.455259     0.703103     0.000676
    -0.042963     0.025185     0.455753     0.703103     0.000515
    -0.042963     0.025185     0.456247     0.703103     0.000411
    -0.042963     0.025185     0.456741     0.703103     0.000367
    -0.042963     0.025185     0.457235     0.703103     0.000380
    -0.042963     0.025185     0.457729     0.703103     0.000453
    -0.042963     0.025185     0.458222     0.703103     0.000584
    -0.042963     0.025185     0.458716     0.703103     0.000772
    -0.042963     0.026667     0.454766     0.703103     0.000896
    -0.042963     0.026667     0.455259     0.703103     0.000841
    -0.042963     0.026667     0.455753     0.703103     0.000845
    -0.042963     0.026667     0.456247     0.703103     0.000905
    -0.041481    -0.028148     0.452296     0.703103     0.000855
    -0.041481    -0.028148     0.452790     0.703103     0.000758
    -0.041481    -0.028148     0.453284     0.703103     0.000720
    -0.041481    -0.028148     0.453778     0.703103     0.000741
    -0.041481    -0.028148     0.454272     0.703103     0.000821
    -0.041481    -0.028148     0.454766     0.703103     0.000960
    -0.041481     0.028148     0.452296     0.703103     0.000879
    -0.041481     0.028148     0.452790     0.703103     0.000775
    -0.041481     0.028148     0.453284     0.703103     0.000729
    -0.041481     0.028148     0.453778     0.703103     0.000741
    -0.041481     0.028148     0.454272     0.703103     0.000812
    -0.041481     0.028148     0.454766     0.703103     0.000940
    -0.004444    -0.050370     0.451803     0.703103     0.000942
    -0.004444    -0.050370     0.452296     0.703103     0.000907
    -0.004444    -0.050370     0.452790     0.703103     0.000932
    -0.004444     0.050370     0.452296     0.703103     0.000951
    -0.004444     0.050370     0.452790     0.703103     0.000932
    -0.004444     0.050370     0.453284     0.703103     0.000971
    -0.002963    -0.050370     0.452296     0.703103     0.000881
    -0.002963    -0.050370     0.452790     0.703103     0.000717
    -0.002963    -0.050370     0.453284     0.703103     0.000612
    -0.002963    -0.050370     0.453778     0.703103     0.000567
    -0.002963    -0.050370     0.454272     0.703103     0.000582
    -0.002963    -0.050370     0.454766     0.703103     0.000656
    -0.002963    -0.050370     0.455259     0.703103     0.000789
    -0.002963    -0.050370     0.455753     0.703103     0.000981
    -0.002963     0.050370     0.452790     0.703103     0.000845
    -0.002963     0.050370     0.453284     0.703103     0.000696
    -0.002963     0.050370     0.453778     0.703103     0.000606
    -0.002963     0.050370     0.454272     0.703103     0.000576
    -0.002963     0.050370     0.454766     0.703103     0.000605
    -0.002963     0.050370     0.455259     0.703103     0.000693
    -0.002963     0.050370     0.455753     0.703103     0.000841
    -0.001481    -0.050370     0.453284     0.703103     0.000951
    -0.001481    -0.050370     0.453778     0.703103     0.000718
    -0.001481    -0.050370     0.454272     0.703103     0.000543
    -0.001481    -0.050370     0.454766     0.703103     0.000427
    -0.001481    -0.050370     0.455259     0.703103     0.000371
    -0.001481    -0.050370     0.455753     0.703103     0.000374
    -0.001481    -0.050370     0.456247     0.703103     0.000438
    -0.001481    -0.050370     0.456741     0.703103     0.000562
    -0.001481    -0.050370     0.457235     0.703103     0.000744
    -0.001481    -0.050370     0.457729     0.703103     0.000984
    -0.001481     0.050370     0.453778     0.703103     0.000891
    -0.001481     0.050370     0.454272     0.703103     0.000672
    -0.001481     0.050370     0.454766     0.703103     0.000511
    -0.001481     0.050370     0.455259     0.703103     0.000410
    -0.001481     0.050370     0.455753     0.703103     0.000368
    -0.001481     0.050370     0.456247     0.703103     0.000386
    -0.001481     0.050370     0.456741     0.703103     0.000464
    -0.001481     0.050370     0.457235     0.703103     0.000602
    -0.001481     0.050370     0.457729     0.703103     0.000798
     0.000000    -0.050370     0.454766     0.703103     0.000936
     0.000000    -0.050370     0.455259     0.703103     0.000692
     0.000000    -0.050370     0.455753     0.703103     0.000506
     0.000000    -0.050370     0.456247     0.703103     0.000379
     0.000000    -0.050370     0.456741     0.703103     0.000312
     0.000000    -0.050370     0.457235     0.703103     0.000305
     0.000000    -0.050370     0.457729     0.703103     0.000358
     0.000000    -0.050370     0.458222     0.703103     0.000470
     0.000000    -0.050370     0.458716     0.703103     0.000642
     0.000000    -0.050370     0.459210     0.703103     0.000872
     0.000000     0.050370     0.455259     0.703103     0.000868
     0.000000     0.050370     0.455753     0.703103     0.000638
     0.000000     0.050370     0.456247     0.703103     0.000467
     0.000000     0.050370     0.456741     0.703103     0.000354
     0.000000     0.050370     0.457235     0.703103     0.000301
     0.000000     0.050370     0.457729     0.703103     0.000308
     0.000000     0.050370     0.458222     0.703103     0.000375
     0.000000     0.050370     0.458716     0.703103     0.000502
     0.000000     0.050370     0.459210     0.703103     0.000688
     0.000000     0.050370     0.459704     0.703103     0.000932
     0.001481    -0.050370     0.456741     0.703103     0.000802
     0.001481    -0.050370     0.457235     0.703103     0.000606
     0.001481    -0.050370     0.457729     0.703103     0.000468
     0.001481    -0.050370     0.458222     0.703103     0.000390
     0.001481    -0.050370     0.458716     0.703103     0.000372
     0.001481    -0.050370     0.459210     0.703103     0.000414
     0.001481    -0.050370     0.459704     0.703103     0.000515
     0.001481    -0.050370     0.460198     0.703103     0.000676
     0.001481    -0.050370     0.460691     0.703103     0.000894
     0.001481     0.050370     0.456741     0.703103     0.000980
     0.001481     0.050370     0.457235     0.703103     0.000740
     0.001481     0.050370     0.457729     0.703103     0.000558
     0.001481     0.050370     0.458222     0.703103     0.000434
     0.001481     0.050370     0.458716     0.703103     0.000370
     0.001481     0.050370     0.459210     0.703103     0.000366
     0.001481     0.050370     0.459704     0.703103     0.000423
     0.001481     0.050370     0.460198     0.703103     0.000539
     0.001481     0.050370     0.460691     0.703103     0.000714
     0.001481     0.050370     0.461185     0.703103     0.000947
     0.002963    -0.050370     0.458716     0.703103     0.000845
     0.002963    -0.050370     0.459210     0.703103     0.000697
     0.002963    -0.050370     0.459704     0.703103     0.000609
     0.002963    -0.050370     0.460198     0.703103     0.000579
     0.002963    -0.050370     0.460691     0.703103     0.000610
     0.002963    -0.050370     0.461185     0.703103     0.000700
     0.002963    -0.050370     0.461679     0.703103     0.000849
     0.002963     0.050370     0.458716     0.703103     0.000977
     0.002963     0.050370     0.459210     0.703103     0.000785
     0.002963     0.050370     0.459704     0.703103     0.000652
     0.002963     0.050370     0.460198     0.703103     0.000577
     0.002963     0.050370     0.460691     0.703103     0.000563
     0.002963     0.050370     0.461185     0.703103     0.000608
     0.002963     0.050370     0.461679     0.703103     0.000713
     0.002963     0.050370     0.462173     0.703103     0.000877
     0.004444    -0.050370     0.461185     0.703103     0.000975
     0.004444    -0.050370     0.461679     0.703103     0.000936
     0.004444    -0.050370     0.462173     0.703103     0.000955
     0.004444     0.050370     0.461679     0.703103     0.000927
     0.004444     0.050370     0.462173     0.703103     0.000903
     0.004444     0.050370     0.462667     0.703103     0.000938
     0.041481    -0.028148     0.459704     0.703103     0.000923
     0.041481    -0.028148     0.460198     0.703103     0.000795
     0.041481    -0.028148     0.460691     0.703103     0.000724
     0.041481    -0.028148     0.461185     0.703103     0.000711
     0.041481    -0.028148     0.461679     0.703103     0.000757
     0.041481    -0.028148     0.462173     0.703103     0.000861
     0.041481     0.028148     0.459704     0.703103     0.000941
     0.041481     0.028148     0.460198     0.703103     0.000802
     0.041481     0.028148     0.460691     0.703103     0.000721
     0.041481     0.028148     0.461185     0.703103     0.000699
     0.041481     0.028148     0.461679     0.703103     0.000737
     0.041481     0.028148     0.462173     0.703103     0.000833
     0.041481     0.028148     0.462667     0.703103     0.000987
     0.042963    -0.026667     0.458222     0.703103     0.000888
     0.042963    -0.026667     0.458716     0.703103     0.000827
     0.042963    -0.026667     0.459210     0.703103     0.000823
     0.042963    -0.026667     0.459704     0.703103     0.000878
     0.042963    -0.026667     0.460198     0.703103     0.000989
     0.042963    -0.025185     0.455259     0.703103     0.001000
     0.042963    -0.025185     0.455753     0.703103     0.000754
     0.042963    -0.025185     0.456247     0.703103     0.000566
     0.042963    -0.025185     0.456741     0.703103     0.000434
     0.042963    -0.025185     0.457235     0.703103     0.000361
     0.042963    -0.025185     0.457729     0.703103     0.000347
     0.042963    -0.025185     0.458222     0.703103     0.000392
     0.042963    -0.025185     0.458716     0.703103     0.000495
     0.042963    -0.025185     0.459210     0.703103     0.000656
     0.042963    -0.025185     0.459704     0.703103     0.000874
     0.042963     0.025185     0.455753     0.703103     0.000883
     0.042963     0.025185     0.456247     0.703103     0.000684
     0.042963     0.025185     0.456741     0.703103     0.000543
     0.042963     0.025185     0.457235     0.703103     0.000460
     0.042963     0.025185     0.457729     0.703103     0.000436
     0.042963     0.025185     0.458222     0.703103     0.000472
     0.042963     0.025185     0.458716     0.703103     0.000567
     0.042963     0.025185     0.459210     0.703103     0.000720
     0.042963     0.025185     0.459704     0.703103     0.000931
     0.042963     0.026667     0.457729     0.703103     0.000941
     0.042963     0.026667     0.458222     0.703103     0.000811
     0.042963     0.026667     0.458716     0.703103     0.000739
     0.042963     0.026667     0.459210     0.703103     0.000725
     0.042963     0.026667     0.459704     0.703103     0.000770
     0.042963     0.026667     0.460198     0.703103     0.000873
     0.044444    -0.023704     0.453778     0.703103     0.000803
     0.044444    -0.023704     0.454272     0.703103     0.000636
     0.044444    -0.023704     0.454766     0.703103     0.000527
     0.044444    -0.023704     0.455259     0.703103     0.000476
     0.044444    -0.023704     0.455753     0.703103     0.000484
     0.044444    -0.023704     0.456247     0.703103     0.000549
     0.044444    -0.023704     0.456741     0.703103     0.000673
     0.044444    -0.023704     0.457235     0.703103     0.000854
     0.044444    -0.022222     0.452790     0.703103     0.000833
     0.044444    -0.022222     0.453284     0.703103     0.000691
     0.044444    -0.022222     0.453778     0.703103     0.000607
     0.044444    -0.022222     0.454272     0.703103     0.000582
     0.044444    -0.022222     0.454766     0.703103     0.000614
     0.044444    -0.022222     0.455259     0.703103     0.000706
     0.044444    -0.022222     0.455753     0.703103     0.000854
     0.044444     0.022222     0.453284     0.703103     0.000851
     0.044444     0.022222     0.453778     0.703103     0.000758
     0.044444     0.022222     0.454272     0.703103     0.000723
     0.044444     0.022222     0.454766     0.703103     0.000746
     0.044444     0.022222     0.455259     0.703103     0.000828
     0.044444     0.022222     0.455753     0.703103     0.000969
     0.044444     0.023704     0.453778     0.703103     0.000837
     0.044444     0.023704     0.454272     0.703103     0.000659
     0.044444     0.023704     0.454766     0.703103     0.000538
     0.044444     0.023704     0.455259     0.703103     0.000476
     0.044444     0.023704     0.455753     0.703103     0.000473
     0.044444     0.023704     0.456247     0.703103     0.000529
     0.044444     0.023704     0.456741     0.703103     0.000644
     0.044444     0.023704     0.457235     0.703103     0.000816
     0.045926    -0.020741     0.451309     0.703103     0.000927
     0.045926    -0.020741     0.451803     0.703103     0.000876
     0.045926    -0.020741     0.452296     0.703103     0.000883
     0.045926    -0.020741     0.452790     0.703103     0.000949
     0.045926     0.020741     0.451309     0.703103     0.000985
     0.045926     0.020741     0.451803     0.703103     0.000923
     0.045926     0.020741     0.452296     0.703103     0.000920
     0.045926     0.020741     0.452790     0.703103     0.000975


    -0.045926    -0.020741     0.462173     0.707241     0.000981
    -0.045926    -0.020741     0.462667     0.707241     0.000977
    -0.045926     0.020741     0.462173     0.707241     0.000950
    -0.045926     0.020741     0.462667     0.707241     0.000936
    -0.045926     0.020741     0.463161     0.707241     0.000984
    -0.044444    -0.023704     0.457235     0.707241     0.000905
    -0.044444    -0.023704     0.457729     0.707241     0.000721
    -0.044444    -0.023704     0.458222     0.707241     0.000598
    -0.044444    -0.023704     0.458716     0.707241     0.000536
    -0.044444    -0.023704     0.459210     0.707241     0.000537
    -0.044444    -0.023704     0.459704     0.707241     0.000600
    -0.044444    -0.023704     0.460198     0.707241     0.000724
    -0.044444    -0.023704     0.460691     0.707241     0.000909
    -0.044444    -0.022222     0.458716     0.707241     0.000946
    -0.044444    -0.022222     0.459210     0.707241     0.000793
    -0.044444    -0.022222     0.459704     0.707241     0.000702
    -0.044444    -0.022222     0.460198     0.707241     0.000673
    -0.044444    -0.022222     0.460691     0.707241     0.000706
    -0.044444    -0.022222     0.461185     0.707241     0.000801
    -0.044444    -0.022222     0.461679     0.707241     0.000957
    -0.044444     0.022222     0.458716     0.707241     0.000833
    -0.044444     0.022222     0.459210     0.707241     0.000672
    -0.044444     0.022222     0.459704     0.707241     0.000572
    -0.044444     0.022222     0.460198     0.707241     0.000534
    -0.044444     0.022222     0.460691     0.707241     0.000557
    -0.044444     0.022222     0.461185     0.707241     0.000642
    -0.044444     0.022222     0.461679     0.707241     0.000789
    -0.044444     0.022222     0.462173     0.707241     0.000995
    -0.044444     0.023704     0.457235     0.707241     0.000953
    -0.044444     0.023704     0.457729     0.707241     0.000760
    -0.044444     0.023704     0.458222     0.707241     0.000628
    -0.044444     0.023704     0.458716     0.707241     0.000557
    -0.044444     0.023704     0.459210     0.707241     0.000547
    -0.044444     0.023704     0.459704     0.707241     0.000599
    -0.044444     0.023704     0.460198     0.707241     0.000711
    -0.044444     0.023704     0.460691     0.707241     0.000885
    -0.042963    -0.026667     0.454272     0.707241     0.000981
    -0.042963    -0.026667     0.454766     0.707241     0.000874
    -0.042963    -0.026667     0.455259     0.707241     0.000829
    -0.042963    -0.026667     0.455753     0.707241     0.000845
    -0.042963    -0.026667     0.456247     0.707241     0.000923
    -0.042963    -0.025185     0.454766     0.707241     0.000919
    -0.042963    -0.025185     0.455259     0.707241     0.000697
    -0.042963    -0.025185     0.455753     0.707241     0.000535
    -0.042963    -0.025185     0.456247     0.707241     0.000435
    -0.042963    -0.025185     0.456741     0.707241     0.000398
    -0.042963    -0.025185     0.457235     0.707241     0.000423
    -0.042963    -0.025185     0.457729     0.707241     0.000511
    -0.042963    -0.025185     0.458222     0.707241     0.000661
    -0.042963    -0.025185     0.458716     0.707241     0.000871
    -0.042963     0.025185     0.454766     0.707241     0.000868
    -0.042963     0.025185     0.455259     0.707241     0.000639
    -0.042963     0.025185     0.455753     0.707241     0.000469
    -0.042963     0.025185     0.456247     0.707241     0.000361
    -0.042963     0.025185     0.456741     0.707241     0.000314
    -0.042963     0.025185     0.457235     0.707241     0.000330
    -0.042963     0.025185     0.457729     0.707241     0.000408
    -0.042963     0.025185     0.458222     0.707241     0.000547
    -0.042963     0.025185     0.458716     0.707241     0.000747
    -0.042963     0.026667     0.454766     0.707241     0.000997
    -0.042963     0.026667     0.455259     0.707241     0.000942
    -0.042963     0.026667     0.455753     0.707241     0.000948
    -0.041481    -0.028148     0.451803     0.707241     0.000993
    -0.041481    -0.028148     0.452296     0.707241     0.000835
    -0.041481    -0.028148     0.452790     0.707241     0.000738
    -0.041481    -0.028148     0.453284     0.707241     0.000703
    -0.041481    -0.028148     0.453778     0.707241     0.000731
    -0.041481    -0.028148     0.454272     0.707241     0.000820
    -0.041481    -0.028148     0.454766     0.707241     0.000971
    -0.041481     0.028148     0.452296     0.707241     0.000875
    -0.041481     0.028148     0.452790     0.707241     0.000770
    -0.041481     0.028148     0.453284     0.707241     0.000727
    -0.041481     0.028148     0.453778     0.707241     0.000745
    -0.041481     0.028148     0.454272     0.707241     0.000825
    -0.041481     0.028148     0.454766     0.707241     0.000965
    -0.004444    -0.050370     0.451803     0.707241     0.000995
    -0.004444    -0.050370     0.452296     0.707241     0.000964
    -0.004444    -0.050370     0.452790     0.707241     0.000996
    -0.004444     0.050370     0.452790     0.707241     0.000997
    -0.002963    -0.050370     0.452296     0.707241     0.000926
    -0.002963    -0.050370     0.452790     0.707241     0.000757
    -0.002963    -0.050370     0.453284     0.707241     0.000651
    -0.002963    -0.050370     0.453778     0.707241     0.000607
    -0.002963    -0.050370     0.454272     0.707241     0.000627
    -0.002963    -0.050370     0.454766     0.707241     0.000709
    -0.002963    -0.050370     0.455259     0.707241     0.000854
    -0.002963     0.050370     0.452790     0.707241     0.000894
    -0.002963     0.050370     0.453284     0.707241     0.000740
    -0.002963     0.050370     0.453778     0.707241     0.000649
    -0.002963     0.050370     0.454272     0.707241     0.000621
    -0.002963     0.050370     0.454766     0.707241     0.000655
    -0.002963     0.050370     0.455259     0.707241     0.000752
    -0.002963     0.050370     0.455753     0.707241     0.000912
    -0.001481    -0.050370     0.453778     0.707241     0.000761
    -0.001481    -0.050370     0.454272     0.707241     0.000579
    -0.001481    -0.050370     0.454766     0.707241     0.000459
    -0.001481    -0.050370     0.455259     0.707241     0.000402
    -0.001481    -0.050370     0.455753     0.707241     0.000408
    -0.001481    -0.050370     0.456247     0.707241     0.000478
    -0.001481    -0.050370     0.456741     0.707241     0.000610
    -0.001481    -0.050370     0.457235     0.707241     0.000804
    -0.001481     0.050370     0.453778     0.707241     0.000945
    -0.001481     0.050370     0.454272     0.707241     0.000716
    -0.001481     0.050370     0.454766     0.707241     0.000549
    -0.001481     0.050370     0.455259     0.707241     0.000444
    -0.001481     0.050370     0.455753     0.707241     0.000401
    -0.001481     0.050370     0.456247     0.707241     0.000422
    -0.001481     0.050370     0.456741     0.707241     0.000507
    -0.001481     0.050370     0.457235     0.707241     0.000653
    -0.001481     0.050370     0.457729     0.707241     0.000862
     0.000000    -0.050370     0.454766     0.707241     0.000998
     0.000000    -0.050370     0.455259     0.707241     0.000742
     0.000000    -0.050370     0.455753     0.707241     0.000546
     0.000000    -0.050370     0.456247     0.707241     0.000413
     0.000000    -0.050370     0.456741     0.707241     0.000342
     0.000000    -0.050370     0.457235     0.707241     0.000334
     0.000000    -0.050370     0.457729     0.707241     0.000390
     0.000000    -0.050370     0.458222     0.707241     0.000510
     0.000000    -0.050370     0.458716     0.707241     0.000691
     0.000000    -0.050370     0.459210     0.707241     0.000933
     0.000000     0.050370     0.455259     0.707241     0.000929
     0.000000     0.050370     0.455753     0.707241     0.000687
     0.000000     0.050370     0.456247     0.707241     0.000506
     0.000000     0.050370     0.456741     0.707241     0.000386
     0.000000     0.050370     0.457235     0.707241     0.000330
     0.000000     0.050370     0.457729     0.707241     0.000338
     0.000000     0.050370     0.458222     0.707241     0.000408
     0.000000     0.050370     0.458716     0.707241     0.000542
     0.000000     0.050370     0.459210     0.707241     0.000738
     0.000000     0.050370     0.459704     0.707241     0.000994
     0.001481    -0.050370     0.456741     0.707241     0.000866
     0.001481    -0.050370     0.457235     0.707241     0.000658
     0.001481    -0.050370     0.457729     0.707241     0.000511
     0.001481    -0.050370     0.458222     0.707241     0.000427
     0.001481    -0.050370     0.458716     0.707241     0.000405
     0.001481    -0.050370     0.459210     0.707241     0.000448
     0.001481    -0.050370     0.459704     0.707241     0.000553
     0.001481    -0.050370     0.460198     0.707241     0.000720
     0.001481    -0.050370     0.460691     0.707241     0.000949
     0.001481     0.050370     0.457235     0.707241     0.000800
     0.001481     0.050370     0.457729     0.707241     0.000606
     0.001481     0.050370     0.458222     0.707241     0.000473
     0.001481     0.050370     0.458716     0.707241     0.000404
     0.001481     0.050370     0.459210     0.707241     0.000397
     0.001481     0.050370     0.459704     0.707241     0.000454
     0.001481     0.050370     0.460198     0.707241     0.000574
     0.001481     0.050370     0.460691     0.707241     0.000757
     0.002963    -0.050370     0.458716     0.707241     0.000916
     0.002963    -0.050370     0.459210     0.707241     0.000757
     0.002963    -0.050370     0.459704     0.707241     0.000660
     0.002963    -0.050370     0.460198     0.707241     0.000625
     0.002963    -0.050370     0.460691     0.707241     0.000653
     0.002963    -0.050370     0.461185     0.707241     0.000744
     0.002963    -0.050370     0.461679     0.707241     0.000897
     0.002963     0.050370     0.459210     0.707241     0.000850
     0.002963     0.050370     0.459704     0.707241     0.000705
     0.002963     0.050370     0.460198     0.707241     0.000622
     0.002963     0.050370     0.460691     0.707241     0.000603
     0.002963     0.050370     0.461185     0.707241     0.000646
     0.002963     0.050370     0.461679     0.707241     0.000753
     0.002963     0.050370     0.462173     0.707241     0.000921
     0.004444     0.050370     0.461679     0.707241     0.000992
     0.004444     0.050370     0.462173     0.707241     0.000960
     0.004444     0.050370     0.462667     0.707241     0.000991
     0.041481    -0.028148     0.459704     0.707241     0.000949
     0.041481    -0.028148     0.460198     0.707241     0.000808
     0.041481    -0.028148     0.460691     0.707241     0.000728
     0.041481    -0.028148     0.461185     0.707241     0.000709
     0.041481    -0.028148     0.461679     0.707241     0.000752
     0.041481    -0.028148     0.462173     0.707241     0.000857
     0.041481     0.028148     0.459704     0.707241     0.000953
     0.041481     0.028148     0.460198     0.707241     0.000801
     0.041481     0.028148     0.460691     0.707241     0.000710
     0.041481     0.028148     0.461185     0.707241     0.000682
     0.041481     0.028148     0.461679     0.707241     0.000716
     0.041481     0.028148     0.462173     0.707241     0.000813
     0.041481     0.028148     0.462667     0.707241     0.000971
     0.042963    -0.026667     0.458222     0.707241     0.000998
     0.042963    -0.026667     0.458716     0.707241     0.000930
     0.042963    -0.026667     0.459210     0.707241     0.000924
     0.042963    -0.026667     0.459704     0.707241     0.000978
     0.042963    -0.025185     0.455259     0.707241     0.000989
     0.042963    -0.025185     0.455753     0.707241     0.000729
     0.042963    -0.025185     0.456247     0.707241     0.000529
     0.042963    -0.025185     0.456741     0.707241     0.000389
     0.042963    -0.025185     0.457235     0.707241     0.000311
     0.042963    -0.025185     0.457729     0.707241     0.000295
     0.042963    -0.025185     0.458222     0.707241     0.000341
     0.042963    -0.025185     0.458716     0.707241     0.000449
     0.042963    -0.025185     0.459210     0.707241     0.000618
     0.042963    -0.025185     0.459704     0.707241     0.000848
     0.042963     0.025185     0.455753     0.707241     0.000851
     0.042963     0.025185     0.456247     0.707241     0.000639
     0.042963     0.025185     0.456741     0.707241     0.000489
     0.042963     0.025185     0.457235     0.707241     0.000400
     0.042963     0.025185     0.457729     0.707241     0.000374
     0.042963     0.025185     0.458222     0.707241     0.000411
     0.042963     0.025185     0.458716     0.707241     0.000510
     0.042963     0.025185     0.459210     0.707241     0.000671
     0.042963     0.025185     0.459704     0.707241     0.000893
     0.042963     0.026667     0.458222     0.707241     0.000901
     0.042963     0.026667     0.458716     0.707241     0.000823
     0.042963     0.026667     0.459210     0.707241     0.000805
     0.042963     0.026667     0.459704     0.707241     0.000850
     0.042963     0.026667     0.460198     0.707241     0.000956
     0.044444    -0.023704     0.453778     0.707241     0.000866
     0.044444    -0.023704     0.454272     0.707241     0.000692
     0.044444    -0.023704     0.454766     0.707241     0.000579
     0.044444    -0.023704     0.455259     0.707241     0.000527
     0.044444    -0.023704     0.455753     0.707241     0.000536
     0.044444    -0.023704     0.456247     0.707241     0.000607
     0.044444    -0.023704     0.456741     0.707241     0.000739
     0.044444    -0.023704     0.457235     0.707241     0.000931
     0.044444    -0.022222     0.452296     0.707241     0.000976
     0.044444    -0.022222     0.452790     0.707241     0.000769
     0.044444    -0.022222     0.453284     0.707241     0.000622
     0.044444    -0.022222     0.453778     0.707241     0.000537
     0.044444    -0.022222     0.454272     0.707241     0.000513
     0.044444    -0.022222     0.454766     0.707241     0.000551
     0.044444    -0.022222     0.455259     0.707241     0.000651
     0.044444    -0.022222     0.455753     0.707241     0.000811
     0.044444     0.022222     0.452790     0.707241     0.000933
     0.044444     0.022222     0.453284     0.707241     0.000776
     0.044444     0.022222     0.453778     0.707241     0.000681
     0.044444     0.022222     0.454272     0.707241     0.000647
     0.044444     0.022222     0.454766     0.707241     0.000675
     0.044444     0.022222     0.455259     0.707241     0.000766
     0.044444     0.022222     0.455753     0.707241     0.000917
     0.044444     0.023704     0.453778     0.707241     0.000886
     0.044444     0.023704     0.454272     0.707241     0.000700
     0.044444     0.023704     0.454766     0.707241     0.000575
     0.044444     0.023704     0.455259     0.707241     0.000511
     0.044444     0.023704     0.455753     0.707241     0.000510
     0.044444     0.023704     0.456247     0.707241     0.000571
     0.044444     0.023704     0.456741     0.707241     0.000693
     0.044444     0.023704     0.457235     0.707241     0.000877
     0.045926    -0.020741     0.451309     0.707241     0.000962
     0.045926    -0.020741     0.451803     0.707241     0.000914
     0.045926    -0.020741     0.452296     0.707241     0.000928
     0.045926     0.020741     0.451803     0.707241     0.000949
     0.045926     0.020741     0.452296     0.707241     0.000951


    -0.045926     0.020741     0.462173     0.711379     0.001000
    -0.045926     0.020741     0.462667     0.711379     0.000979
    -0.044444    -0.023704     0.457235     0.711379     0.000973
    -0.044444    -0.023704     0.457729     0.711379     0.000777
    -0.044444    -0.023704     0.458222     0.711379     0.000645
    -0.044444    -0.023704     0.458716     0.711379     0.000578
    -0.044444    -0.023704     0.459210     0.711379     0.000576
    -0.044444    -0.023704     0.459704     0.711379     0.000641
    -0.044444    -0.023704     0.460198     0.711379     0.000770
    -0.044444    -0.023704     0.460691     0.711379     0.000964
    -0.044444    -0.022222     0.458716     0.711379     0.000889
    -0.044444    -0.022222     0.459210     0.711379     0.000723
    -0.044444    -0.022222     0.459704     0.711379     0.000623
    -0.044444    -0.022222     0.460198     0.711379     0.000589
    -0.044444    -0.022222     0.460691     0.711379     0.000620
    -0.044444    -0.022222     0.461185     0.711379     0.000717
    -0.044444    -0.022222     0.461679     0.711379     0.000879
    -0.044444     0.022222     0.458716     0.711379     0.000785
    -0.044444     0.022222     0.459210     0.711379     0.000611
    -0.044444     0.022222     0.459704     0.711379     0.000501
    -0.044444     0.022222     0.460198     0.711379     0.000457
    -0.044444     0.022222     0.460691     0.711379     0.000478
    -0.044444     0.022222     0.461185     0.711379     0.000565
    -0.044444     0.022222     0.461679     0.711379     0.000717
    -0.044444     0.022222     0.462173     0.711379     0.000932
    -0.044444     0.023704     0.457729     0.711379     0.000835
    -0.044444     0.023704     0.458222     0.711379     0.000693
    -0.044444     0.023704     0.458716     0.711379     0.000616
    -0.044444     0.023704     0.459210     0.711379     0.000604
    -0.044444     0.023704     0.459704     0.711379     0.000657
    -0.044444     0.023704     0.460198     0.711379     0.000774
    -0.044444     0.023704     0.460691     0.711379     0.000955
    -0.042963    -0.026667     0.454766     0.711379     0.000963
    -0.042963    -0.026667     0.455259     0.711379     0.000918
    -0.042963    -0.026667     0.455753     0.711379     0.000939
    -0.042963    -0.025185     0.454766     0.711379     0.000878
    -0.042963    -0.025185     0.455259     0.711379     0.000643
    -0.042963    -0.025185     0.455753     0.711379     0.000472
    -0.042963    -0.025185     0.456247     0.711379     0.000367
    -0.042963    -0.025185     0.456741     0.711379     0.000329
    -0.042963    -0.025185     0.457235     0.711379     0.000356
    -0.042963    -0.025185     0.457729     0.711379     0.000450
    -0.042963    -0.025185     0.458222     0.711379     0.000610
    -0.042963    -0.025185     0.458716     0.711379     0.000834
    -0.042963     0.025185     0.454766     0.711379     0.000839
    -0.042963     0.025185     0.455259     0.711379     0.000597
    -0.042963     0.025185     0.455753     0.711379     0.000418
    -0.042963     0.025185     0.456247     0.711379     0.000304
    -0.042963     0.025185     0.456741     0.711379     0.000256
    -0.042963     0.025185     0.457235     0.711379     0.000274
    -0.042963     0.025185     0.457729     0.711379     0.000357
    -0.042963     0.025185     0.458222     0.711379     0.000506
    -0.042963     0.025185     0.458716     0.711379     0.000720
    -0.042963     0.025185     0.459210     0.711379     0.000995
    -0.041481    -0.028148     0.451803     0.711379     0.000974
    -0.041481    -0.028148     0.452296     0.711379     0.000812
    -0.041481    -0.028148     0.452790     0.711379     0.000715
    -0.041481    -0.028148     0.453284     0.711379     0.000684
    -0.041481    -0.028148     0.453778     0.711379     0.000719
    -0.041481    -0.028148     0.454272     0.711379     0.000819
    -0.041481    -0.028148     0.454766     0.711379     0.000985
    -0.041481     0.026667     0.454766     0.711379     0.000988
    -0.041481     0.028148     0.452296     0.711379     0.000870
    -0.041481     0.028148     0.452790     0.711379     0.000765
    -0.041481     0.028148     0.453284     0.711379     0.000725
    -0.041481     0.028148     0.453778     0.711379     0.000750
    -0.041481     0.028148     0.454272     0.711379     0.000840
    -0.041481     0.028148     0.454766     0.711379     0.000994
    -0.002963    -0.050370     0.452296     0.711379     0.000975
    -0.002963    -0.050370     0.452790     0.711379     0.000802
    -0.002963    -0.050370     0.453284     0.711379     0.000694
    -0.002963    -0.050370     0.453778     0.711379     0.000652
    -0.002963    -0.050370     0.454272     0.711379     0.000677
    -0.002963    -0.050370     0.454766     0.711379     0.000769
    -0.002963    -0.050370     0.455259     0.711379     0.000926
    -0.002963     0.050370     0.452790     0.711379     0.000948
    -0.002963     0.050370     0.453284     0.711379     0.000790
    -0.002963     0.050370     0.453778     0.711379     0.000698
    -0.002963     0.050370     0.454272     0.711379     0.000672
    -0.002963     0.050370     0.454766     0.711379     0.000712
    -0.002963     0.050370     0.455259     0.711379     0.000819
    -0.002963     0.050370     0.455753     0.711379     0.000991
    -0.001481    -0.050370     0.453778     0.711379     0.000810
    -0.001481    -0.050370     0.454272     0.711379     0.000619
    -0.001481    -0.050370     0.454766     0.711379     0.000495
    -0.001481    -0.050370     0.455259     0.711379     0.000437
    -0.001481    -0.050370     0.455753     0.711379     0.000446
    -0.001481    -0.050370     0.456247     0.711379     0.000522
    -0.001481    -0.050370     0.456741     0.711379     0.000664
    -0.001481    -0.050370     0.457235     0.711379     0.000872
    -0.001481     0.050370     0.454272     0.711379     0.000766
    -0.001481     0.050370     0.454766     0.711379     0.000591
    -0.001481     0.050370     0.455259     0.711379     0.000482
    -0.001481     0.050370     0.455753     0.711379     0.000439
    -0.001481     0.050370     0.456247     0.711379     0.000463
    -0.001481     0.050370     0.456741     0.711379     0.000554
    -0.001481     0.050370     0.457235     0.711379     0.000711
    -0.001481     0.050370     0.457729     0.711379     0.000933
     0.000000    -0.050370     0.455259     0.711379     0.000798
     0.000000    -0.050370     0.455753     0.711379     0.000591
     0.000000    -0.050370     0.456247     0.711379     0.000450
     0.000000    -0.050370     0.456741     0.711379     0.000376
     0.000000    -0.050370     0.457235     0.711379     0.000368
     0.000000    -0.050370     0.457729     0.711379     0.000427
     0.000000    -0.050370     0.458222     0.711379     0.000554
     0.000000    -0.050370     0.458716     0.711379     0.000745
     0.000000     0.050370     0.455259     0.711379     0.000998
     0.000000     0.050370     0.455753     0.711379     0.000741
     0.000000     0.050370     0.456247     0.711379     0.000549
     0.000000     0.050370     0.456741     0.711379     0.000423
     0.000000     0.050370     0.457235     0.711379     0.000364
     0.000000     0.050370     0.457729     0.711379     0.000371
     0.000000     0.050370     0.458222     0.711379     0.000446
     0.000000     0.050370     0.458716     0.711379     0.000587
     0.000000     0.050370     0.459210     0.711379     0.000793
     0.001481    -0.050370     0.456741     0.711379     0.000938
     0.001481    -0.050370     0.457235     0.711379     0.000716
     0.001481    -0.050370     0.457729     0.711379     0.000559
     0.001481    -0.050370     0.458222     0.711379     0.000468
     0.001481    -0.050370     0.458716     0.711379     0.000443
     0.001481    -0.050370     0.459210     0.711379     0.000486
     0.001481    -0.050370     0.459704     0.711379     0.000595
     0.001481    -0.050370     0.460198     0.711379     0.000770
     0.001481     0.050370     0.457235     0.711379     0.000867
     0.001481     0.050370     0.457729     0.711379     0.000660
     0.001481     0.050370     0.458222     0.711379     0.000517
     0.001481     0.050370     0.458716     0.711379     0.000441
     0.001481     0.050370     0.459210     0.711379     0.000432
     0.001481     0.050370     0.459704     0.711379     0.000490
     0.001481     0.050370     0.460198     0.711379     0.000615
     0.001481     0.050370     0.460691     0.711379     0.000805
     0.002963    -0.050370     0.458716     0.711379     0.000995
     0.002963    -0.050370     0.459210     0.711379     0.000823
     0.002963    -0.050370     0.459704     0.711379     0.000717
     0.002963    -0.050370     0.460198     0.711379     0.000676
     0.002963    -0.050370     0.460691     0.711379     0.000702
     0.002963    -0.050370     0.461185     0.711379     0.000794
     0.002963    -0.050370     0.461679     0.711379     0.000952
     0.002963     0.050370     0.459210     0.711379     0.000922
     0.002963     0.050370     0.459704     0.711379     0.000765
     0.002963     0.050370     0.460198     0.711379     0.000673
     0.002963     0.050370     0.460691     0.711379     0.000648
     0.002963     0.050370     0.461185     0.711379     0.000689
     0.002963     0.050370     0.461679     0.711379     0.000797
     0.002963     0.050370     0.462173     0.711379     0.000971
     0.041481    -0.028148     0.459704     0.711379     0.000978
     0.041481    -0.028148     0.460198     0.711379     0.000823
     0.041481    -0.028148     0.460691     0.711379     0.000733
     0.041481    -0.028148     0.461185     0.711379     0.000707
     0.041481    -0.028148     0.461679     0.711379     0.000747
     0.041481    -0.028148     0.462173     0.711379     0.000852
     0.041481    -0.026667     0.459210     0.711379     0.000996
     0.041481    -0.026667     0.459704     0.711379     0.000970
     0.041481     0.028148     0.459704     0.711379     0.000966
     0.041481     0.028148     0.460198     0.711379     0.000800
     0.041481     0.028148     0.460691     0.711379     0.000698
     0.041481     0.028148     0.461185     0.711379     0.000663
     0.041481     0.028148     0.461679     0.711379     0.000693
     0.041481     0.028148     0.462173     0.711379     0.000790
     0.041481     0.028148     0.462667     0.711379     0.000951
     0.042963    -0.025185     0.455259     0.711379     0.000978
     0.042963    -0.025185     0.455753     0.711379     0.000702
     0.042963    -0.025185     0.456247     0.711379     0.000488
     0.042963    -0.025185     0.456741     0.711379     0.000339
     0.042963    -0.025185     0.457235     0.711379     0.000254
     0.042963    -0.025185     0.457729     0.711379     0.000236
     0.042963    -0.025185     0.458222     0.711379     0.000284
     0.042963    -0.025185     0.458716     0.711379     0.000397
     0.042963    -0.025185     0.459210     0.711379     0.000576
     0.042963    -0.025185     0.459704     0.711379     0.000818
     0.042963     0.025185     0.455753     0.711379     0.000814
     0.042963     0.025185     0.456247     0.711379     0.000589
     0.042963     0.025185     0.456741     0.711379     0.000428
     0.042963     0.025185     0.457235     0.711379     0.000333
     0.042963     0.025185     0.457729     0.711379     0.000305
     0.042963     0.025185     0.458222     0.711379     0.000343
     0.042963     0.025185     0.458716     0.711379     0.000447
     0.042963     0.025185     0.459210     0.711379     0.000617
     0.042963     0.025185     0.459704     0.711379     0.000851
     0.042963     0.026667     0.458716     0.711379     0.000916
     0.042963     0.026667     0.459210     0.711379     0.000895
     0.042963     0.026667     0.459704     0.711379     0.000939
     0.044444    -0.023704     0.453778     0.711379     0.000937
     0.044444    -0.023704     0.454272     0.711379     0.000755
     0.044444    -0.023704     0.454766     0.711379     0.000637
     0.044444    -0.023704     0.455259     0.711379     0.000584
     0.044444    -0.023704     0.455753     0.711379     0.000596
     0.044444    -0.023704     0.456247     0.711379     0.000672
     0.044444    -0.023704     0.456741     0.711379     0.000814
     0.044444    -0.022222     0.452296     0.711379     0.000913
     0.044444    -0.022222     0.452790     0.711379     0.000697
     0.044444    -0.022222     0.453284     0.711379     0.000545
     0.044444    -0.022222     0.453778     0.711379     0.000458
     0.044444    -0.022222     0.454272     0.711379     0.000436
     0.044444    -0.022222     0.454766     0.711379     0.000480
     0.044444    -0.022222     0.455259     0.711379     0.000589
     0.044444    -0.022222     0.455753     0.711379     0.000763
     0.044444    -0.022222     0.456247     0.711379     0.001000
     0.044444     0.022222     0.452790     0.711379     0.000855
     0.044444     0.022222     0.453284     0.711379     0.000692
     0.044444     0.022222     0.453778     0.711379     0.000594
     0.044444     0.022222     0.454272     0.711379     0.000562
     0.044444     0.022222     0.454766     0.711379     0.000596
     0.044444     0.022222     0.455259     0.711379     0.000695
     0.044444     0.022222     0.455753     0.711379     0.000860
     0.044444     0.023704     0.453778     0.711379     0.000941
     0.044444     0.023704     0.454272     0.711379     0.000746
     0.044444     0.023704     0.454766     0.711379     0.000616
     0.044444     0.023704     0.455259     0.711379     0.000550
     0.044444     0.023704     0.455753     0.711379     0.000551
     0.044444     0.023704     0.456247     0.711379     0.000617
     0.044444     0.023704     0.456741     0.711379     0.000748
     0.044444     0.023704     0.457235     0.711379     0.000944
     0.045926    -0.020741     0.451803     0.711379     0.000957
     0.045926    -0.020741     0.452296     0.711379     0.000977
     0.045926     0.020741     0.451803     0.711379     0.000976
     0.045926     0.020741     0.452296     0.711379     0.000986


    -0.044444    -0.023704     0.457729     0.715517     0.000866
    -0.044444    -0.023704     0.458222     0.715517     0.000724
    -0.044444    -0.023704     0.458716     0.715517     0.000651
    -0.044444    -0.023704     0.459210     0.715517     0.000648
    -0.044444    -0.023704     0.459704     0.715517     0.000714
    -0.044444    -0.023704     0.460198     0.715517     0.000849
    -0.044444    -0.022222     0.458716     0.715517     0.000851
    -0.044444    -0.022222     0.459210     0.715517     0.000671
    -0.044444    -0.022222     0.459704     0.715517     0.000561
    -0.044444    -0.022222     0.460198     0.715517     0.000520
    -0.044444    -0.022222     0.460691     0.715517     0.000549
    -0.044444    -0.022222     0.461185     0.715517     0.000649
    -0.044444    -0.022222     0.461679     0.715517     0.000818
    -0.044444     0.022222     0.458716     0.715517     0.000758
    -0.044444     0.022222     0.459210     0.715517     0.000569
    -0.044444     0.022222     0.459704     0.715517     0.000448
    -0.044444     0.022222     0.460198     0.715517     0.000397
    -0.044444     0.022222     0.460691     0.715517     0.000416
    -0.044444     0.022222     0.461185     0.715517     0.000505
    -0.044444     0.022222     0.461679     0.715517     0.000663
    -0.044444     0.022222     0.462173     0.715517     0.000888
    -0.044444     0.023704     0.457729     0.715517     0.000945
    -0.044444     0.023704     0.458222     0.715517     0.000793
    -0.044444     0.023704     0.458716     0.715517     0.000710
    -0.044444     0.023704     0.459210     0.715517     0.000695
    -0.044444     0.023704     0.459704     0.715517     0.000749
    -0.044444     0.023704     0.460198     0.715517     0.000871
    -0.042963    -0.025185     0.454766     0.715517     0.000857
    -0.042963    -0.025185     0.455259     0.715517     0.000609
    -0.042963    -0.025185     0.455753     0.715517     0.000428
    -0.042963    -0.025185     0.456247     0.715517     0.000317
    -0.042963    -0.025185     0.456741     0.715517     0.000277
    -0.042963    -0.025185     0.457235     0.715517     0.000308
    -0.042963    -0.025185     0.457729     0.715517     0.000409
    -0.042963    -0.025185     0.458222     0.715517     0.000580
    -0.042963    -0.025185     0.458716     0.715517     0.000820
    -0.042963     0.025185     0.454766     0.715517     0.000832
    -0.042963     0.025185     0.455259     0.715517     0.000576
    -0.042963     0.025185     0.455753     0.715517     0.000387
    -0.042963     0.025185     0.456247     0.715517     0.000267
    -0.042963     0.025185     0.456741     0.715517     0.000217
    -0.042963     0.025185     0.457235     0.715517     0.000237
    -0.042963     0.025185     0.457729     0.715517     0.000327
    -0.042963     0.025185     0.458222     0.715517     0.000487
    -0.042963     0.025185     0.458716     0.715517     0.000715
    -0.041481    -0.028148     0.451803     0.715517     0.000979
    -0.041481    -0.028148     0.452296     0.715517     0.000813
    -0.041481    -0.028148     0.452790     0.715517     0.000716
    -0.041481    -0.028148     0.453284     0.715517     0.000689
    -0.041481    -0.028148     0.453778     0.715517     0.000732
    -0.041481    -0.028148     0.454272     0.715517     0.000845
    -0.041481     0.026667     0.454272     0.715517     0.000930
    -0.041481     0.026667     0.454766     0.715517     0.000893
    -0.041481     0.026667     0.455259     0.715517     0.000925
    -0.041481     0.028148     0.452296     0.715517     0.000890
    -0.041481     0.028148     0.452790     0.715517     0.000785
    -0.041481     0.028148     0.453284     0.715517     0.000749
    -0.041481     0.028148     0.453778     0.715517     0.000781
    -0.041481     0.028148     0.454272     0.715517     0.000883
    -0.002963    -0.050370     0.452790     0.715517     0.000879
    -0.002963    -0.050370     0.453284     0.715517     0.000769
    -0.002963    -0.050370     0.453778     0.715517     0.000730
    -0.002963    -0.050370     0.454272     0.715517     0.000761
    -0.002963    -0.050370     0.454766     0.715517     0.000863
    -0.002963     0.050370     0.453284     0.715517     0.000872
    -0.002963     0.050370     0.453778     0.715517     0.000779
    -0.002963     0.050370     0.454272     0.715517     0.000756
    -0.002963     0.050370     0.454766     0.715517     0.000803
    -0.002963     0.050370     0.455259     0.715517     0.000920
    -0.001481    -0.050370     0.453778     0.715517     0.000891
    -0.001481    -0.050370     0.454272     0.715517     0.000692
    -0.001481    -0.050370     0.454766     0.715517     0.000562
    -0.001481    -0.050370     0.455259     0.715517     0.000503
    -0.001481    -0.050370     0.455753     0.715517     0.000515
    -0.001481    -0.050370     0.456247     0.715517     0.000599
    -0.001481    -0.050370     0.456741     0.715517     0.000752
    -0.001481    -0.050370     0.457235     0.715517     0.000974
    -0.001481     0.050370     0.454272     0.715517     0.000849
    -0.001481     0.050370     0.454766     0.715517     0.000666
    -0.001481     0.050370     0.455259     0.715517     0.000552
    -0.001481     0.050370     0.455753     0.715517     0.000509
    -0.001481     0.050370     0.456247     0.715517     0.000536
    -0.001481     0.050370     0.456741     0.715517     0.000635
    -0.001481     0.050370     0.457235     0.715517     0.000803
     0.000000    -0.050370     0.455259     0.715517     0.000888
     0.000000    -0.050370     0.455753     0.715517     0.000669
     0.000000    -0.050370     0.456247     0.715517     0.000520
     0.000000    -0.050370     0.456741     0.715517     0.000441
     0.000000    -0.050370     0.457235     0.715517     0.000433
     0.000000    -0.050370     0.457729     0.715517     0.000496
     0.000000    -0.050370     0.458222     0.715517     0.000630
     0.000000    -0.050370     0.458716     0.715517     0.000834
     0.000000     0.050370     0.455753     0.715517     0.000830
     0.000000     0.050370     0.456247     0.715517     0.000626
     0.000000     0.050370     0.456741     0.715517     0.000492
     0.000000     0.050370     0.457235     0.715517     0.000428
     0.000000     0.050370     0.457729     0.715517     0.000436
     0.000000     0.050370     0.458222     0.715517     0.000515
     0.000000     0.050370     0.458716     0.715517     0.000664
     0.000000     0.050370     0.459210     0.715517     0.000883
     0.001481    -0.050370     0.457235     0.715517     0.000808
     0.001481    -0.050370     0.457729     0.715517     0.000640
     0.001481    -0.050370     0.458222     0.715517     0.000541
     0.001481    -0.050370     0.458716     0.715517     0.000513
     0.001481    -0.050370     0.459210     0.715517     0.000556
     0.001481    -0.050370     0.459704     0.715517     0.000670
     0.001481    -0.050370     0.460198     0.715517     0.000854
     0.001481     0.050370     0.457235     0.715517     0.000970
     0.001481     0.050370     0.457729     0.715517     0.000748
     0.001481     0.050370     0.458222     0.715517     0.000594
     0.001481     0.050370     0.458716     0.715517     0.000511
     0.001481     0.050370     0.459210     0.715517     0.000499
     0.001481     0.050370     0.459704     0.715517     0.000557
     0.001481     0.050370     0.460198     0.715517     0.000687
     0.001481     0.050370     0.460691     0.715517     0.000886
     0.002963    -0.050370     0.459210     0.715517     0.000925
     0.002963    -0.050370     0.459704     0.715517     0.000808
     0.002963    -0.050370     0.460198     0.715517     0.000760
     0.002963    -0.050370     0.460691     0.715517     0.000783
     0.002963    -0.050370     0.461185     0.715517     0.000877
     0.002963     0.050370     0.459704     0.715517     0.000859
     0.002963     0.050370     0.460198     0.715517     0.000757
     0.002963     0.050370     0.460691     0.715517     0.000725
     0.002963     0.050370     0.461185     0.715517     0.000764
     0.002963     0.050370     0.461679     0.715517     0.000874
     0.041481    -0.028148     0.460198     0.715517     0.000866
     0.041481    -0.028148     0.460691     0.715517     0.000764
     0.041481    -0.028148     0.461185     0.715517     0.000731
     0.041481    -0.028148     0.461679     0.715517     0.000767
     0.041481    -0.028148     0.462173     0.715517     0.000872
     0.041481    -0.026667     0.459210     0.715517     0.000907
     0.041481    -0.026667     0.459704     0.715517     0.000874
     0.041481    -0.026667     0.460198     0.715517     0.000910
     0.041481     0.028148     0.460198     0.715517     0.000825
     0.041481     0.028148     0.460691     0.715517     0.000712
     0.041481     0.028148     0.461185     0.715517     0.000668
     0.041481     0.028148     0.461679     0.715517     0.000694
     0.041481     0.028148     0.462173     0.715517     0.000790
     0.041481     0.028148     0.462667     0.715517     0.000956
     0.042963    -0.025185     0.455259     0.715517     0.000992
     0.042963    -0.025185     0.455753     0.715517     0.000698
     0.042963    -0.025185     0.456247     0.715517     0.000469
     0.042963    -0.025185     0.456741     0.715517     0.000309
     0.042963    -0.025185     0.457235     0.715517     0.000218
     0.042963    -0.025185     0.457729     0.715517     0.000197
     0.042963    -0.025185     0.458222     0.715517     0.000247
     0.042963    -0.025185     0.458716     0.715517     0.000366
     0.042963    -0.025185     0.459210     0.715517     0.000555
     0.042963    -0.025185     0.459704     0.715517     0.000811
     0.042963     0.025185     0.455753     0.715517     0.000799
     0.042963     0.025185     0.456247     0.715517     0.000559
     0.042963     0.025185     0.456741     0.715517     0.000387
     0.042963     0.025185     0.457235     0.715517     0.000284
     0.042963     0.025185     0.457729     0.715517     0.000253
     0.042963     0.025185     0.458222     0.715517     0.000292
     0.042963     0.025185     0.458716     0.715517     0.000402
     0.042963     0.025185     0.459210     0.715517     0.000582
     0.042963     0.025185     0.459704     0.715517     0.000830
     0.044444    -0.023704     0.454272     0.715517     0.000853
     0.044444    -0.023704     0.454766     0.715517     0.000730
     0.044444    -0.023704     0.455259     0.715517     0.000675
     0.044444    -0.023704     0.455753     0.715517     0.000689
     0.044444    -0.023704     0.456247     0.715517     0.000773
     0.044444    -0.023704     0.456741     0.715517     0.000924
     0.044444    -0.022222     0.452296     0.715517     0.000869
     0.044444    -0.022222     0.452790     0.715517     0.000643
     0.044444    -0.022222     0.453284     0.715517     0.000484
     0.044444    -0.022222     0.453778     0.715517     0.000395
     0.044444    -0.022222     0.454272     0.715517     0.000376
     0.044444    -0.022222     0.454766     0.715517     0.000426
     0.044444    -0.022222     0.455259     0.715517     0.000546
     0.044444    -0.022222     0.455753     0.715517     0.000735
     0.044444    -0.022222     0.456247     0.715517     0.000991
     0.044444     0.022222     0.452790     0.715517     0.000794
     0.044444     0.022222     0.453284     0.715517     0.000624
     0.044444     0.022222     0.453778     0.715517     0.000523
     0.044444     0.022222     0.454272     0.715517     0.000493
     0.044444     0.022222     0.454766     0.715517     0.000533
     0.044444     0.022222     0.455259     0.715517     0.000643
     0.044444     0.022222     0.455753     0.715517     0.000822
     0.044444     0.023704     0.454272     0.715517     0.000825
     0.044444     0.023704     0.454766     0.715517     0.000689
     0.044444     0.023704     0.455259     0.715517     0.000621
     0.044444     0.023704     0.455753     0.715517     0.000624
     0.044444     0.023704     0.456247     0.715517     0.000696
     0.044444     0.023704     0.456741     0.715517     0.000838


    -0.045926     0.019259     0.463654     0.719655     0.000995
    -0.044444    -0.023704     0.457729     0.719655     0.000981
    -0.044444    -0.023704     0.458222     0.719655     0.000828
    -0.044444    -0.023704     0.458716     0.719655     0.000748
    -0.044444    -0.023704     0.459210     0.719655     0.000742
    -0.044444    -0.023704     0.459704     0.719655     0.000810
    -0.044444    -0.023704     0.460198     0.719655     0.000952
    -0.044444    -0.022222     0.458716     0.719655     0.000822
    -0.044444    -0.022222     0.459210     0.719655     0.000625
    -0.044444    -0.022222     0.459704     0.719655     0.000503
    -0.044444    -0.022222     0.460198     0.719655     0.000455
    -0.044444    -0.022222     0.460691     0.719655     0.000482
    -0.044444    -0.022222     0.461185     0.719655     0.000585
    -0.044444    -0.022222     0.461679     0.719655     0.000761
    -0.044444     0.022222     0.458716     0.719655     0.000740
    -0.044444     0.022222     0.459210     0.719655     0.000534
    -0.044444     0.022222     0.459704     0.719655     0.000401
    -0.044444     0.022222     0.460198     0.719655     0.000342
    -0.044444     0.022222     0.460691     0.719655     0.000358
    -0.044444     0.022222     0.461185     0.719655     0.000449
    -0.044444     0.022222     0.461679     0.719655     0.000614
    -0.044444     0.022222     0.462173     0.719655     0.000852
    -0.044444     0.023704     0.458222     0.719655     0.000920
    -0.044444     0.023704     0.458716     0.719655     0.000830
    -0.044444     0.023704     0.459210     0.719655     0.000812
    -0.044444     0.023704     0.459704     0.719655     0.000867
    -0.044444     0.023704     0.460198     0.719655     0.000995
    -0.042963    -0.025185     0.454766     0.719655     0.000848
    -0.042963    -0.025185     0.455259     0.719655     0.000583
    -0.042963    -0.025185     0.455753     0.719655     0.000391
    -0.042963    -0.025185     0.456247     0.719655     0.000274
    -0.042963    -0.025185     0.456741     0.719655     0.000232
    -0.042963    -0.025185     0.457235     0.719655     0.000266
    -0.042963    -0.025185     0.457729     0.719655     0.000375
    -0.042963    -0.025185     0.458222     0.719655     0.000560
    -0.042963    -0.025185     0.458716     0.719655     0.000817
    -0.042963     0.025185     0.454766     0.719655     0.000838
    -0.042963     0.025185     0.455259     0.719655     0.000566
    -0.042963     0.025185     0.455753     0.719655     0.000365
    -0.042963     0.025185     0.456247     0.719655     0.000238
    -0.042963     0.025185     0.456741     0.719655     0.000186
    -0.042963     0.025185     0.457235     0.719655     0.000209
    -0.042963     0.025185     0.457729     0.719655     0.000307
    -0.042963     0.025185     0.458222     0.719655     0.000479
    -0.042963     0.025185     0.458716     0.719655     0.000724
    -0.041481    -0.028148     0.451803     0.719655     0.000998
    -0.041481    -0.028148     0.452296     0.719655     0.000827
    -0.041481    -0.028148     0.452790     0.719655     0.000730
    -0.041481    -0.028148     0.453284     0.719655     0.000708
    -0.041481    -0.028148     0.453778     0.719655     0.000760
    -0.041481    -0.028148     0.454272     0.719655     0.000887
    -0.041481    -0.026667     0.454272     0.719655     0.000997
    -0.041481    -0.026667     0.454766     0.719655     0.000971
    -0.041481     0.026667     0.453778     0.719655     0.000941
    -0.041481     0.026667     0.454272     0.719655     0.000833
    -0.041481     0.026667     0.454766     0.719655     0.000798
    -0.041481     0.026667     0.455259     0.719655     0.000836
    -0.041481     0.026667     0.455753     0.719655     0.000949
    -0.041481     0.028148     0.452296     0.719655     0.000927
    -0.041481     0.028148     0.452790     0.719655     0.000821
    -0.041481     0.028148     0.453284     0.719655     0.000789
    -0.041481     0.028148     0.453778     0.719655     0.000831
    -0.041481     0.028148     0.454272     0.719655     0.000946
    -0.002963    -0.050370     0.452790     0.719655     0.000979
    -0.002963    -0.050370     0.453284     0.719655     0.000868
    -0.002963    -0.050370     0.453778     0.719655     0.000831
    -0.002963    -0.050370     0.454272     0.719655     0.000870
    -0.002963    -0.050370     0.454766     0.719655     0.000983
    -0.002963     0.050370     0.453284     0.719655     0.000979
    -0.002963     0.050370     0.453778     0.719655     0.000885
    -0.002963     0.050370     0.454272     0.719655     0.000865
    -0.002963     0.050370     0.454766     0.719655     0.000920
    -0.001481    -0.050370     0.453778     0.719655     0.000997
    -0.001481    -0.050370     0.454272     0.719655     0.000788
    -0.001481    -0.050370     0.454766     0.719655     0.000653
    -0.001481    -0.050370     0.455259     0.719655     0.000593
    -0.001481    -0.050370     0.455753     0.719655     0.000608
    -0.001481    -0.050370     0.456247     0.719655     0.000700
    -0.001481    -0.050370     0.456741     0.719655     0.000865
    -0.001481     0.050370     0.454272     0.719655     0.000957
    -0.001481     0.050370     0.454766     0.719655     0.000764
    -0.001481     0.050370     0.455259     0.719655     0.000645
    -0.001481     0.050370     0.455753     0.719655     0.000601
    -0.001481     0.050370     0.456247     0.719655     0.000633
    -0.001481     0.050370     0.456741     0.719655     0.000740
    -0.001481     0.050370     0.457235     0.719655     0.000921
     0.000000    -0.050370     0.455753     0.719655     0.000771
     0.000000    -0.050370     0.456247     0.719655     0.000612
     0.000000    -0.050370     0.456741     0.719655     0.000529
     0.000000    -0.050370     0.457235     0.719655     0.000521
     0.000000    -0.050370     0.457729     0.719655     0.000588
     0.000000    -0.050370     0.458222     0.719655     0.000731
     0.000000    -0.050370     0.458716     0.719655     0.000948
     0.000000     0.050370     0.455753     0.719655     0.000943
     0.000000     0.050370     0.456247     0.719655     0.000727
     0.000000     0.050370     0.456741     0.719655     0.000584
     0.000000     0.050370     0.457235     0.719655     0.000516
     0.000000     0.050370     0.457729     0.719655     0.000524
     0.000000     0.050370     0.458222     0.719655     0.000607
     0.000000     0.050370     0.458716     0.719655     0.000766
     0.000000     0.050370     0.459210     0.719655     0.000998
     0.001481    -0.050370     0.457235     0.719655     0.000927
     0.001481    -0.050370     0.457729     0.719655     0.000745
     0.001481    -0.050370     0.458222     0.719655     0.000638
     0.001481    -0.050370     0.458716     0.719655     0.000606
     0.001481    -0.050370     0.459210     0.719655     0.000650
     0.001481    -0.050370     0.459704     0.719655     0.000769
     0.001481    -0.050370     0.460198     0.719655     0.000961
     0.001481     0.050370     0.457729     0.719655     0.000861
     0.001481     0.050370     0.458222     0.719655     0.000695
     0.001481     0.050370     0.458716     0.719655     0.000604
     0.001481     0.050370     0.459210     0.719655     0.000588
     0.001481     0.050370     0.459704     0.719655     0.000648
     0.001481     0.050370     0.460198     0.719655     0.000783
     0.001481     0.050370     0.460691     0.719655     0.000992
     0.002963    -0.050370     0.459704     0.719655     0.000925
     0.002963    -0.050370     0.460198     0.719655     0.000870
     0.002963    -0.050370     0.460691     0.719655     0.000889
     0.002963    -0.050370     0.461185     0.719655     0.000984
     0.002963     0.050370     0.459704     0.719655     0.000979
     0.002963     0.050370     0.460198     0.719655     0.000865
     0.002963     0.050370     0.460691     0.719655     0.000826
     0.002963     0.050370     0.461185     0.719655     0.000863
     0.002963     0.050370     0.461679     0.719655     0.000974
     0.041481    -0.028148     0.460198     0.719655     0.000929
     0.041481    -0.028148     0.460691     0.719655     0.000814
     0.041481    -0.028148     0.461185     0.719655     0.000772
     0.041481    -0.028148     0.461679     0.719655     0.000804
     0.041481    -0.028148     0.462173     0.719655     0.000909
     0.041481    -0.026667     0.458716     0.719655     0.000931
     0.041481    -0.026667     0.459210     0.719655     0.000818
     0.041481    -0.026667     0.459704     0.719655     0.000779
     0.041481    -0.026667     0.460198     0.719655     0.000813
     0.041481    -0.026667     0.460691     0.719655     0.000921
     0.041481     0.026667     0.459210     0.719655     0.000999
     0.041481     0.026667     0.459704     0.719655     0.000950
     0.041481     0.026667     0.460198     0.719655     0.000975
     0.041481     0.028148     0.460198     0.719655     0.000868
     0.041481     0.028148     0.460691     0.719655     0.000740
     0.041481     0.028148     0.461185     0.719655     0.000686
     0.041481     0.028148     0.461679     0.719655     0.000708
     0.041481     0.028148     0.462173     0.719655     0.000804
     0.041481     0.028148     0.462667     0.719655     0.000974
     0.042963    -0.025185     0.455753     0.719655     0.000707
     0.042963    -0.025185     0.456247     0.719655     0.000461
     0.042963    -0.025185     0.456741     0.719655     0.000288
     0.042963    -0.025185     0.457235     0.719655     0.000189
     0.042963    -0.025185     0.457729     0.719655     0.000166
     0.042963    -0.025185     0.458222     0.719655     0.000218
     0.042963    -0.025185     0.458716     0.719655     0.000344
     0.042963    -0.025185     0.459210     0.719655     0.000545
     0.042963    -0.025185     0.459704     0.719655     0.000817
     0.042963     0.025185     0.455753     0.719655     0.000797
     0.042963     0.025185     0.456247     0.719655     0.000538
     0.042963     0.025185     0.456741     0.719655     0.000353
     0.042963     0.025185     0.457235     0.719655     0.000242
     0.042963     0.025185     0.457729     0.719655     0.000207
     0.042963     0.025185     0.458222     0.719655     0.000248
     0.042963     0.025185     0.458716     0.719655     0.000365
     0.042963     0.025185     0.459210     0.719655     0.000556
     0.042963     0.025185     0.459704     0.719655     0.000820
     0.044444    -0.023704     0.454272     0.719655     0.000976
     0.044444    -0.023704     0.454766     0.719655     0.000848
     0.044444    -0.023704     0.455259     0.719655     0.000792
     0.044444    -0.023704     0.455753     0.719655     0.000809
     0.044444    -0.023704     0.456247     0.719655     0.000900
     0.044444    -0.022222     0.452296     0.719655     0.000833
     0.044444    -0.022222     0.452790     0.719655     0.000595
     0.044444    -0.022222     0.453284     0.719655     0.000429
     0.044444    -0.022222     0.453778     0.719655     0.000337
     0.044444    -0.022222     0.454272     0.719655     0.000320
     0.044444    -0.022222     0.454766     0.719655     0.000379
     0.044444    -0.022222     0.455259     0.719655     0.000511
     0.044444    -0.022222     0.455753     0.719655     0.000717
     0.044444    -0.022222     0.456247     0.719655     0.000994
     0.044444     0.022222     0.452296     0.719655     0.000987
     0.044444     0.022222     0.452790     0.719655     0.000737
     0.044444     0.022222     0.453284     0.719655     0.000559
     0.044444     0.022222     0.453778     0.719655     0.000456
     0.044444     0.022222     0.454272     0.719655     0.000428
     0.044444     0.022222     0.454766     0.719655     0.000474
     0.044444     0.022222     0.455259     0.719655     0.000596
     0.044444     0.022222     0.455753     0.719655     0.000792
     0.044444     0.023704     0.454272     0.719655     0.000928
     0.044444     0.023704     0.454766     0.719655     0.000785
     0.044444     0.023704     0.455259     0.719655     0.000716
     0.044444     0.023704     0.455753     0.719655     0.000721
     0.044444     0.023704     0.456247     0.719655     0.000800
     0.044444     0.023704     0.456741     0.719655     0.000952
     0.045926    -0.019259     0.450321     0.719655     0.000996
     0.045926    -0.019259     0.450815     0.719655     0.000972


    -0.045926     0.019259     0.463654     0.723793     0.000945
    -0.045926     0.019259     0.464148     0.723793     0.000961
    -0.044444    -0.023704     0.458222     0.723793     0.000952
    -0.044444    -0.023704     0.458716     0.723793     0.000865
    -0.044444    -0.023704     0.459210     0.723793     0.000856
    -0.044444    -0.023704     0.459704     0.723793     0.000926
    -0.044444    -0.022222     0.458716     0.723793     0.000794
    -0.044444    -0.022222     0.459210     0.723793     0.000578
    -0.044444    -0.022222     0.459704     0.723793     0.000442
    -0.044444    -0.022222     0.460198     0.723793     0.000385
    -0.044444    -0.022222     0.460691     0.723793     0.000410
    -0.044444    -0.022222     0.461185     0.723793     0.000516
    -0.044444    -0.022222     0.461679     0.723793     0.000701
    -0.044444    -0.022222     0.462173     0.723793     0.000964
    -0.044444     0.022222     0.458716     0.723793     0.000726
    -0.044444     0.022222     0.459210     0.723793     0.000500
    -0.044444     0.022222     0.459704     0.723793     0.000352
    -0.044444     0.022222     0.460198     0.723793     0.000285
    -0.044444     0.022222     0.460691     0.723793     0.000298
    -0.044444     0.022222     0.461185     0.723793     0.000391
    -0.044444     0.022222     0.461679     0.723793     0.000564
    -0.044444     0.022222     0.462173     0.723793     0.000815
    -0.044444     0.023704     0.458716     0.723793     0.000972
    -0.044444     0.023704     0.459210     0.723793     0.000951
    -0.042963    -0.025185     0.454766     0.723793     0.000842
    -0.042963    -0.025185     0.455259     0.723793     0.000560
    -0.042963    -0.025185     0.455753     0.723793     0.000354
    -0.042963    -0.025185     0.456247     0.723793     0.000229
    -0.042963    -0.025185     0.456741     0.723793     0.000185
    -0.042963    -0.025185     0.457235     0.723793     0.000223
    -0.042963    -0.025185     0.457729     0.723793     0.000343
    -0.042963    -0.025185     0.458222     0.723793     0.000542
    -0.042963    -0.025185     0.458716     0.723793     0.000819
    -0.042963     0.023704     0.458222     0.723793     0.000987
    -0.042963     0.025185     0.454766     0.723793     0.000851
    -0.042963     0.025185     0.455259     0.723793     0.000560
    -0.042963     0.025185     0.455753     0.723793     0.000346
    -0.042963     0.025185     0.456247     0.723793     0.000211
    -0.042963     0.025185     0.456741     0.723793     0.000156
    -0.042963     0.025185     0.457235     0.723793     0.000182
    -0.042963     0.025185     0.457729     0.723793     0.000289
    -0.042963     0.025185     0.458222     0.723793     0.000476
    -0.042963     0.025185     0.458716     0.723793     0.000740
    -0.041481    -0.028148     0.452296     0.723793     0.000848
    -0.041481    -0.028148     0.452790     0.723793     0.000752
    -0.041481    -0.028148     0.453284     0.723793     0.000735
    -0.041481    -0.028148     0.453778     0.723793     0.000798
    -0.041481    -0.028148     0.454272     0.723793     0.000941
    -0.041481    -0.026667     0.453778     0.723793     0.000988
    -0.041481    -0.026667     0.454272     0.723793     0.000885
    -0.041481    -0.026667     0.454766     0.723793     0.000862
    -0.041481    -0.026667     0.455259     0.723793     0.000918
    -0.041481     0.026667     0.453778     0.723793     0.000838
    -0.041481     0.026667     0.454272     0.723793     0.000726
    -0.041481     0.026667     0.454766     0.723793     0.000693
    -0.041481     0.026667     0.455259     0.723793     0.000740
    -0.041481     0.026667     0.455753     0.723793     0.000865
    -0.041481     0.028148     0.452296     0.723793     0.000974
    -0.041481     0.028148     0.452790     0.723793     0.000868
    -0.041481     0.028148     0.453284     0.723793     0.000841
    -0.041481     0.028148     0.453778     0.723793     0.000893
    -0.002963    -0.050370     0.453284     0.723793     0.000986
    -0.002963    -0.050370     0.453778     0.723793     0.000953
    -0.002963    -0.050370     0.454272     0.723793     0.001000
    -0.002963     0.050370     0.454272     0.723793     0.000995
    -0.001481    -0.050370     0.454272     0.723793     0.000903
    -0.001481    -0.050370     0.454766     0.723793     0.000762
    -0.001481    -0.050370     0.455259     0.723793     0.000701
    -0.001481    -0.050370     0.455753     0.723793     0.000721
    -0.001481    -0.050370     0.456247     0.723793     0.000821
    -0.001481     0.050370     0.454766     0.723793     0.000882
    -0.001481     0.050370     0.455259     0.723793     0.000758
    -0.001481     0.050370     0.455753     0.723793     0.000713
    -0.001481     0.050370     0.456247     0.723793     0.000750
    -0.001481     0.050370     0.456741     0.723793     0.000866
     0.000000    -0.050370     0.455753     0.723793     0.000894
     0.000000    -0.050370     0.456247     0.723793     0.000724
     0.000000    -0.050370     0.456741     0.723793     0.000635
     0.000000    -0.050370     0.457235     0.723793     0.000627
     0.000000    -0.050370     0.457729     0.723793     0.000700
     0.000000    -0.050370     0.458222     0.723793     0.000852
     0.000000     0.050370     0.456247     0.723793     0.000848
     0.000000     0.050370     0.456741     0.723793     0.000695
     0.000000     0.050370     0.457235     0.723793     0.000622
     0.000000     0.050370     0.457729     0.723793     0.000630
     0.000000     0.050370     0.458222     0.723793     0.000719
     0.000000     0.050370     0.458716     0.723793     0.000888
     0.001481    -0.050370     0.457729     0.723793     0.000872
     0.001481    -0.050370     0.458222     0.723793     0.000755
     0.001481    -0.050370     0.458716     0.723793     0.000719
     0.001481    -0.050370     0.459210     0.723793     0.000763
     0.001481    -0.050370     0.459704     0.723793     0.000887
     0.001481     0.050370     0.457729     0.723793     0.000996
     0.001481     0.050370     0.458222     0.723793     0.000816
     0.001481     0.050370     0.458716     0.723793     0.000716
     0.001481     0.050370     0.459210     0.723793     0.000696
     0.001481     0.050370     0.459704     0.723793     0.000757
     0.001481     0.050370     0.460198     0.723793     0.000898
     0.002963    -0.050370     0.460198     0.723793     0.001000
     0.002963     0.050370     0.460198     0.723793     0.000995
     0.002963     0.050370     0.460691     0.723793     0.000948
     0.002963     0.050370     0.461185     0.723793     0.000981
     0.041481    -0.028148     0.460691     0.723793     0.000876
     0.041481    -0.028148     0.461185     0.723793     0.000824
     0.041481    -0.028148     0.461679     0.723793     0.000850
     0.041481    -0.028148     0.462173     0.723793     0.000956
     0.041481    -0.026667     0.458716     0.723793     0.000848
     0.041481    -0.026667     0.459210     0.723793     0.000721
     0.041481    -0.026667     0.459704     0.723793     0.000674
     0.041481    -0.026667     0.460198     0.723793     0.000706
     0.041481    -0.026667     0.460691     0.723793     0.000818
     0.041481     0.026667     0.459210     0.723793     0.000898
     0.041481     0.026667     0.459704     0.723793     0.000840
     0.041481     0.026667     0.460198     0.723793     0.000863
     0.041481     0.026667     0.460691     0.723793     0.000965
     0.041481     0.028148     0.460198     0.723793     0.000922
     0.041481     0.028148     0.460691     0.723793     0.000778
     0.041481     0.028148     0.461185     0.723793     0.000714
     0.041481     0.028148     0.461679     0.723793     0.000729
     0.041481     0.028148     0.462173     0.723793     0.000825
     0.042963    -0.025185     0.455753     0.723793     0.000723
     0.042963    -0.025185     0.456247     0.723793     0.000458
     0.042963    -0.025185     0.456741     0.723793     0.000271
     0.042963    -0.025185     0.457235     0.723793     0.000163
     0.042963    -0.025185     0.457729     0.723793     0.000136
     0.042963    -0.025185     0.458222     0.723793     0.000190
     0.042963    -0.025185     0.458716     0.723793     0.000325
     0.042963    -0.025185     0.459210     0.723793     0.000539
     0.042963    -0.025185     0.459704     0.723793     0.000829
     0.042963    -0.023704     0.456247     0.723793     0.000967
     0.042963    -0.023704     0.456741     0.723793     0.000995
     0.042963     0.025185     0.455753     0.723793     0.000799
     0.042963     0.025185     0.456247     0.723793     0.000521
     0.042963     0.025185     0.456741     0.723793     0.000320
     0.042963     0.025185     0.457235     0.723793     0.000200
     0.042963     0.025185     0.457729     0.723793     0.000161
     0.042963     0.025185     0.458222     0.723793     0.000203
     0.042963     0.025185     0.458716     0.723793     0.000328
     0.042963     0.025185     0.459210     0.723793     0.000532
     0.042963     0.025185     0.459704     0.723793     0.000814
     0.044444    -0.023704     0.454766     0.723793     0.000989
     0.044444    -0.023704     0.455259     0.723793     0.000931
     0.044444    -0.023704     0.455753     0.723793     0.000952
     0.044444    -0.022222     0.452296     0.723793     0.000796
     0.044444    -0.022222     0.452790     0.723793     0.000544
     0.044444    -0.022222     0.453284     0.723793     0.000371
     0.044444    -0.022222     0.453778     0.723793     0.000276
     0.044444    -0.022222     0.454272     0.723793     0.000263
     0.044444    -0.022222     0.454766     0.723793     0.000330
     0.044444    -0.022222     0.455259     0.723793     0.000477
     0.044444    -0.022222     0.455753     0.723793     0.000702
     0.044444     0.022222     0.452296     0.723793     0.000942
     0.044444     0.022222     0.452790     0.723793     0.000677
     0.044444     0.022222     0.453284     0.723793     0.000491
     0.044444     0.022222     0.453778     0.723793     0.000384
     0.044444     0.022222     0.454272     0.723793     0.000358
     0.044444     0.022222     0.454766     0.723793     0.000413
     0.044444     0.022222     0.455259     0.723793     0.000549
     0.044444     0.022222     0.455753     0.723793     0.000763
     0.044444     0.023704     0.454766     0.723793     0.000901
     0.044444     0.023704     0.455259     0.723793     0.000830
     0.044444     0.023704     0.455753     0.723793     0.000837
     0.044444     0.023704     0.456247     0.723793     0.000924
     0.045926    -0.019259     0.450321     0.723793     0.000938
     0.045926    -0.019259     0.450815     0.723793     0.000922
     0.045926    -0.019259     0.451309     0.723793     0.000984


    -0.045926     0.019259     0.463654     0.727931     0.000929
    -0.045926     0.019259     0.464148     0.727931     0.000935
    -0.044444    -0.022222     0.458716     0.727931     0.000803
    -0.044444    -0.022222     0.459210     0.727931     0.000565
    -0.044444    -0.022222     0.459704     0.727931     0.000412
    -0.044444    -0.022222     0.460198     0.727931     0.000346
    -0.044444    -0.022222     0.460691     0.727931     0.000368
    -0.044444    -0.022222     0.461185     0.727931     0.000478
    -0.044444    -0.022222     0.461679     0.727931     0.000673
    -0.044444    -0.022222     0.462173     0.727931     0.000952
    -0.044444     0.022222     0.458716     0.727931     0.000750
    -0.044444     0.022222     0.459210     0.727931     0.000502
    -0.044444     0.022222     0.459704     0.727931     0.000337
    -0.044444     0.022222     0.460198     0.727931     0.000259
    -0.044444     0.022222     0.460691     0.727931     0.000268
    -0.044444     0.022222     0.461185     0.727931     0.000365
    -0.044444     0.022222     0.461679     0.727931     0.000547
    -0.044444     0.022222     0.462173     0.727931     0.000813
    -0.042963    -0.025185     0.454766     0.727931     0.000877
    -0.042963    -0.025185     0.455259     0.727931     0.000574
    -0.042963    -0.025185     0.455753     0.727931     0.000353
    -0.042963    -0.025185     0.456247     0.727931     0.000219
    -0.042963    -0.025185     0.456741     0.727931     0.000173
    -0.042963    -0.025185     0.457235     0.727931     0.000216
    -0.042963    -0.025185     0.457729     0.727931     0.000346
    -0.042963    -0.025185     0.458222     0.727931     0.000563
    -0.042963    -0.025185     0.458716     0.727931     0.000863
    -0.042963     0.023704     0.457729     0.727931     0.000924
    -0.042963     0.023704     0.458222     0.727931     0.000892
    -0.042963     0.023704     0.458716     0.727931     0.000945
    -0.042963     0.025185     0.454766     0.727931     0.000907
    -0.042963     0.025185     0.455259     0.727931     0.000595
    -0.042963     0.025185     0.455753     0.727931     0.000366
    -0.042963     0.025185     0.456247     0.727931     0.000221
    -0.042963     0.025185     0.456741     0.727931     0.000163
    -0.042963     0.025185     0.457235     0.727931     0.000193
    -0.042963     0.025185     0.457729     0.727931     0.000311
    -0.042963     0.025185     0.458222     0.727931     0.000514
    -0.042963     0.025185     0.458716     0.727931     0.000800
    -0.041481    -0.028148     0.452296     0.727931     0.000914
    -0.041481    -0.028148     0.452790     0.727931     0.000818
    -0.041481    -0.028148     0.453284     0.727931     0.000807
    -0.041481    -0.028148     0.453778     0.727931     0.000883
    -0.041481    -0.026667     0.453778     0.727931     0.000902
    -0.041481    -0.026667     0.454272     0.727931     0.000796
    -0.041481    -0.026667     0.454766     0.727931     0.000776
    -0.041481    -0.026667     0.455259     0.727931     0.000842
    -0.041481    -0.026667     0.455753     0.727931     0.000994
    -0.041481     0.026667     0.453284     0.727931     0.000959
    -0.041481     0.026667     0.453778     0.727931     0.000759
    -0.041481     0.026667     0.454272     0.727931     0.000643
    -0.041481     0.026667     0.454766     0.727931     0.000613
    -0.041481     0.026667     0.455259     0.727931     0.000669
    -0.041481     0.026667     0.455753     0.727931     0.000810
    -0.041481     0.028148     0.452790     0.727931     0.000963
    -0.041481     0.028148     0.453284     0.727931     0.000942
    -0.001481    -0.050370     0.454766     0.727931     0.000929
    -0.001481    -0.050370     0.455259     0.727931     0.000867
    -0.001481    -0.050370     0.455753     0.727931     0.000892
    -0.001481     0.050370     0.455259     0.727931     0.000929
    -0.001481     0.050370     0.455753     0.727931     0.000884
    -0.001481     0.050370     0.456247     0.727931     0.000926
     0.000000    -0.050370     0.456247     0.727931     0.000895
     0.000000    -0.050370     0.456741     0.727931     0.000800
     0.000000    -0.050370     0.457235     0.727931     0.000791
     0.000000    -0.050370     0.457729     0.727931     0.000870
     0.000000     0.050370     0.456741     0.727931     0.000864
     0.000000     0.050370     0.457235     0.727931     0.000786
     0.000000     0.050370     0.457729     0.727931     0.000795
     0.000000     0.050370     0.458222     0.727931     0.000890
     0.001481    -0.050370     0.458222     0.727931     0.000931
     0.001481    -0.050370     0.458716     0.727931     0.000890
     0.001481    -0.050370     0.459210     0.727931     0.000934
     0.001481     0.050370     0.458222     0.727931     0.000997
     0.001481     0.050370     0.458716     0.727931     0.000886
     0.001481     0.050370     0.459210     0.727931     0.000862
     0.001481     0.050370     0.459704     0.727931     0.000924
     0.041481    -0.028148     0.460691     0.727931     0.000989
     0.041481    -0.028148     0.461185     0.727931     0.000925
     0.041481    -0.028148     0.461679     0.727931     0.000946
     0.041481    -0.026667     0.458716     0.727931     0.000793
     0.041481    -0.026667     0.459210     0.727931     0.000651
     0.041481    -0.026667     0.459704     0.727931     0.000594
     0.041481    -0.026667     0.460198     0.727931     0.000623
     0.041481    -0.026667     0.460691     0.727931     0.000739
     0.041481    -0.026667     0.461185     0.727931     0.000938
     0.041481     0.026667     0.458716     0.727931     0.000975
     0.041481     0.026667     0.459210     0.727931     0.000822
     0.041481     0.026667     0.459704     0.727931     0.000755
     0.041481     0.026667     0.460198     0.727931     0.000774
     0.041481     0.026667     0.460691     0.727931     0.000879
     0.041481     0.028148     0.460691     0.727931     0.000863
     0.041481     0.028148     0.461185     0.727931     0.000786
     0.041481     0.028148     0.461679     0.727931     0.000796
     0.041481     0.028148     0.462173     0.727931     0.000891
     0.042963    -0.025185     0.455753     0.727931     0.000783
     0.042963    -0.025185     0.456247     0.727931     0.000496
     0.042963    -0.025185     0.456741     0.727931     0.000292
     0.042963    -0.025185     0.457235     0.727931     0.000174
     0.042963    -0.025185     0.457729     0.727931     0.000143
     0.042963    -0.025185     0.458222     0.727931     0.000201
     0.042963    -0.025185     0.458716     0.727931     0.000345
     0.042963    -0.025185     0.459210     0.727931     0.000574
     0.042963    -0.025185     0.459704     0.727931     0.000885
     0.042963    -0.023704     0.455753     0.727931     0.000926
     0.042963    -0.023704     0.456247     0.727931     0.000872
     0.042963    -0.023704     0.456741     0.727931     0.000903
     0.042963     0.025185     0.455753     0.727931     0.000844
     0.042963     0.025185     0.456247     0.727931     0.000542
     0.042963     0.025185     0.456741     0.727931     0.000324
     0.042963     0.025185     0.457235     0.727931     0.000192
     0.042963     0.025185     0.457729     0.727931     0.000148
     0.042963     0.025185     0.458222     0.727931     0.000193
     0.042963     0.025185     0.458716     0.727931     0.000326
     0.042963     0.025185     0.459210     0.727931     0.000546
     0.042963     0.025185     0.459704     0.727931     0.000849
     0.044444    -0.022222     0.452296     0.727931     0.000795
     0.044444    -0.022222     0.452790     0.727931     0.000528
     0.044444    -0.022222     0.453284     0.727931     0.000344
     0.044444    -0.022222     0.453778     0.727931     0.000247
     0.044444    -0.022222     0.454272     0.727931     0.000237
     0.044444    -0.022222     0.454766     0.727931     0.000315
     0.044444    -0.022222     0.455259     0.727931     0.000479
     0.044444    -0.022222     0.455753     0.727931     0.000727
     0.044444     0.022222     0.452296     0.727931     0.000930
     0.044444     0.022222     0.452790     0.727931     0.000649
     0.044444     0.022222     0.453284     0.727931     0.000452
     0.044444     0.022222     0.453778     0.727931     0.000341
     0.044444     0.022222     0.454272     0.727931     0.000318
     0.044444     0.022222     0.454766     0.727931     0.000383
     0.044444     0.022222     0.455259     0.727931     0.000535
     0.044444     0.022222     0.455753     0.727931     0.000772
     0.045926    -0.019259     0.450321     0.727931     0.000912
     0.045926    -0.019259     0.450815     0.727931     0.000905
     0.045926    -0.019259     0.451309     0.727931     0.000983


    -0.045926     0.019259     0.463654     0.732069     0.000959
    -0.045926     0.019259     0.464148     0.732069     0.000954
    -0.044444    -0.022222     0.458716     0.732069     0.000864
    -0.044444    -0.022222     0.459210     0.732069     0.000600
    -0.044444    -0.022222     0.459704     0.732069     0.000428
    -0.044444    -0.022222     0.460198     0.732069     0.000351
    -0.044444    -0.022222     0.460691     0.732069     0.000369
    -0.044444    -0.022222     0.461185     0.732069     0.000483
    -0.044444    -0.022222     0.461679     0.732069     0.000690
    -0.044444    -0.022222     0.462173     0.732069     0.000989
    -0.044444     0.022222     0.458716     0.732069     0.000830
    -0.044444     0.022222     0.459210     0.732069     0.000555
    -0.044444     0.022222     0.459704     0.732069     0.000371
    -0.044444     0.022222     0.460198     0.732069     0.000280
    -0.044444     0.022222     0.460691     0.732069     0.000285
    -0.044444     0.022222     0.461185     0.732069     0.000385
    -0.044444     0.022222     0.461679     0.732069     0.000578
    -0.044444     0.022222     0.462173     0.732069     0.000862
    -0.042963    -0.025185     0.454766     0.732069     0.000969
    -0.042963    -0.025185     0.455259     0.732069     0.000641
    -0.042963    -0.025185     0.455753     0.732069     0.000403
    -0.042963    -0.025185     0.456247     0.732069     0.000259
    -0.042963    -0.025185     0.456741     0.732069     0.000210
    -0.042963    -0.025185     0.457235     0.732069     0.000258
    -0.042963    -0.025185     0.457729     0.732069     0.000401
    -0.042963    -0.025185     0.458222     0.732069     0.000639
    -0.042963    -0.025185     0.458716     0.732069     0.000965
    -0.042963     0.023704     0.457235     0.732069     0.000994
    -0.042963     0.023704     0.457729     0.732069     0.000866
    -0.042963     0.023704     0.458222     0.732069     0.000831
    -0.042963     0.023704     0.458716     0.732069     0.000888
    -0.042963     0.025185     0.455259     0.732069     0.000687
    -0.042963     0.025185     0.455753     0.732069     0.000440
    -0.042963     0.025185     0.456247     0.732069     0.000284
    -0.042963     0.025185     0.456741     0.732069     0.000223
    -0.042963     0.025185     0.457235     0.732069     0.000258
    -0.042963     0.025185     0.457729     0.732069     0.000387
    -0.042963     0.025185     0.458222     0.732069     0.000609
    -0.042963     0.025185     0.458716     0.732069     0.000921
    -0.041481    -0.028148     0.452790     0.732069     0.000946
    -0.041481    -0.028148     0.453284     0.732069     0.000943
    -0.041481    -0.026667     0.453778     0.732069     0.000852
    -0.041481    -0.026667     0.454272     0.732069     0.000741
    -0.041481    -0.026667     0.454766     0.732069     0.000725
    -0.041481    -0.026667     0.455259     0.732069     0.000803
    -0.041481    -0.026667     0.455753     0.732069     0.000974
    -0.041481     0.026667     0.453284     0.732069     0.000929
    -0.041481     0.026667     0.453778     0.732069     0.000716
    -0.041481     0.026667     0.454272     0.732069     0.000596
    -0.041481     0.026667     0.454766     0.732069     0.000569
    -0.041481     0.026667     0.455259     0.732069     0.000636
    -0.041481     0.026667     0.455753     0.732069     0.000796
     0.041481    -0.026667     0.458716     0.732069     0.000779
     0.041481    -0.026667     0.459210     0.732069     0.000618
     0.041481    -0.026667     0.459704     0.732069     0.000550
     0.041481    -0.026667     0.460198     0.732069     0.000576
     0.041481    -0.026667     0.460691     0.732069     0.000696
     0.041481    -0.026667     0.461185     0.732069     0.000908
     0.041481     0.026667     0.458716     0.732069     0.000955
     0.041481     0.026667     0.459210     0.732069     0.000783
     0.041481     0.026667     0.459704     0.732069     0.000704
     0.041481     0.026667     0.460198     0.732069     0.000719
     0.041481     0.026667     0.460691     0.732069     0.000828
     0.041481     0.028148     0.461185     0.732069     0.000922
     0.041481     0.028148     0.461679     0.732069     0.000923
     0.042963    -0.025185     0.455753     0.732069     0.000904
     0.042963    -0.025185     0.456247     0.732069     0.000592
     0.042963    -0.025185     0.456741     0.732069     0.000369
     0.042963    -0.025185     0.457235     0.732069     0.000239
     0.042963    -0.025185     0.457729     0.732069     0.000203
     0.042963    -0.025185     0.458222     0.732069     0.000264
     0.042963    -0.025185     0.458716     0.732069     0.000419
     0.042963    -0.025185     0.459210     0.732069     0.000666
     0.042963    -0.023704     0.455753     0.732069     0.000868
     0.042963    -0.023704     0.456247     0.732069     0.000810
     0.042963    -0.023704     0.456741     0.732069     0.000845
     0.042963    -0.023704     0.457235     0.732069     0.000972
     0.042963     0.025185     0.455753     0.732069     0.000947
     0.042963     0.025185     0.456247     0.732069     0.000618
     0.042963     0.025185     0.456741     0.732069     0.000379
     0.042963     0.025185     0.457235     0.732069     0.000234
     0.042963     0.025185     0.457729     0.732069     0.000185
     0.042963     0.025185     0.458222     0.732069     0.000232
     0.042963     0.025185     0.458716     0.732069     0.000375
     0.042963     0.025185     0.459210     0.732069     0.000613
     0.042963     0.025185     0.459704     0.732069     0.000940
     0.044444    -0.022222     0.452296     0.732069     0.000844
     0.044444    -0.022222     0.452790     0.732069     0.000558
     0.044444    -0.022222     0.453284     0.732069     0.000364
     0.044444    -0.022222     0.453778     0.732069     0.000263
     0.044444    -0.022222     0.454272     0.732069     0.000258
     0.044444    -0.022222     0.454766     0.732069     0.000348
     0.044444    -0.022222     0.455259     0.732069     0.000531
     0.044444    -0.022222     0.455753     0.732069     0.000806
     0.044444     0.022222     0.452296     0.732069     0.000967
     0.044444     0.022222     0.452790     0.732069     0.000667
     0.044444     0.022222     0.453284     0.732069     0.000457
     0.044444     0.022222     0.453778     0.732069     0.000342
     0.044444     0.022222     0.454272     0.732069     0.000322
     0.044444     0.022222     0.454766     0.732069     0.000398
     0.044444     0.022222     0.455259     0.732069     0.000569
     0.044444     0.022222     0.455753     0.732069     0.000832
     0.045926    -0.019259     0.450321     0.732069     0.000931
     0.045926    -0.019259     0.450815     0.732069     0.000935


    -0.045926     0.019259     0.463654     0.736207     0.000996
    -0.045926     0.019259     0.464148     0.736207     0.000977
    -0.044444    -0.022222     0.458716     0.736207     0.000938
    -0.044444    -0.022222     0.459210     0.736207     0.000643
    -0.044444    -0.022222     0.459704     0.736207     0.000448
    -0.044444    -0.022222     0.460198     0.736207     0.000357
    -0.044444    -0.022222     0.460691     0.736207     0.000371
    -0.044444    -0.022222     0.461185     0.736207     0.000490
    -0.044444    -0.022222     0.461679     0.736207     0.000712
    -0.044444     0.022222     0.458716     0.736207     0.000926
    -0.044444     0.022222     0.459210     0.736207     0.000620
    -0.044444     0.022222     0.459704     0.736207     0.000412
    -0.044444     0.022222     0.460198     0.736207     0.000306
    -0.044444     0.022222     0.460691     0.736207     0.000306
    -0.044444     0.022222     0.461185     0.736207     0.000409
    -0.044444     0.022222     0.461679     0.736207     0.000616
    -0.044444     0.022222     0.462173     0.736207     0.000921
    -0.042963    -0.025185     0.455259     0.736207     0.000723
    -0.042963    -0.025185     0.455753     0.736207     0.000464
    -0.042963    -0.025185     0.456247     0.736207     0.000307
    -0.042963    -0.025185     0.456741     0.736207     0.000255
    -0.042963    -0.025185     0.457235     0.736207     0.000310
    -0.042963    -0.025185     0.457729     0.736207     0.000469
    -0.042963    -0.025185     0.458222     0.736207     0.000730
    -0.042963     0.023704     0.457235     0.736207     0.000939
    -0.042963     0.023704     0.457729     0.736207     0.000798
    -0.042963     0.023704     0.458222     0.736207     0.000758
    -0.042963     0.023704     0.458716     0.736207     0.000820
    -0.042963     0.023704     0.459210     0.736207     0.000982
    -0.042963     0.025185     0.455259     0.736207     0.000798
    -0.042963     0.025185     0.455753     0.736207     0.000529
    -0.042963     0.025185     0.456247     0.736207     0.000361
    -0.042963     0.025185     0.456741     0.736207     0.000296
    -0.042963     0.025185     0.457235     0.736207     0.000336
    -0.042963     0.025185     0.457729     0.736207     0.000480
    -0.042963     0.025185     0.458222     0.736207     0.000725
    -0.041481    -0.026667     0.453778     0.736207     0.000792
    -0.041481    -0.026667     0.454272     0.736207     0.000676
    -0.041481    -0.026667     0.454766     0.736207     0.000665
    -0.041481    -0.026667     0.455259     0.736207     0.000757
    -0.041481    -0.026667     0.455753     0.736207     0.000951
    -0.041481     0.026667     0.453284     0.736207     0.000893
    -0.041481     0.026667     0.453778     0.736207     0.000666
    -0.041481     0.026667     0.454272     0.736207     0.000539
    -0.041481     0.026667     0.454766     0.736207     0.000516
    -0.041481     0.026667     0.455259     0.736207     0.000597
    -0.041481     0.026667     0.455753     0.736207     0.000780
     0.041481    -0.026667     0.458716     0.736207     0.000763
     0.041481    -0.026667     0.459210     0.736207     0.000579
     0.041481    -0.026667     0.459704     0.736207     0.000497
     0.041481    -0.026667     0.460198     0.736207     0.000519
     0.041481    -0.026667     0.460691     0.736207     0.000645
     0.041481    -0.026667     0.461185     0.736207     0.000872
     0.041481     0.026667     0.458716     0.736207     0.000933
     0.041481     0.026667     0.459210     0.736207     0.000737
     0.041481     0.026667     0.459704     0.736207     0.000643
     0.041481     0.026667     0.460198     0.736207     0.000654
     0.041481     0.026667     0.460691     0.736207     0.000768
     0.041481     0.026667     0.461185     0.736207     0.000984
     0.042963    -0.025185     0.456247     0.736207     0.000708
     0.042963    -0.025185     0.456741     0.736207     0.000462
     0.042963    -0.025185     0.457235     0.736207     0.000317
     0.042963    -0.025185     0.457729     0.736207     0.000277
     0.042963    -0.025185     0.458222     0.736207     0.000341
     0.042963    -0.025185     0.458716     0.736207     0.000508
     0.042963    -0.025185     0.459210     0.736207     0.000777
     0.042963    -0.023704     0.455259     0.736207     0.000964
     0.042963    -0.023704     0.455753     0.736207     0.000800
     0.042963    -0.023704     0.456247     0.736207     0.000737
     0.042963    -0.023704     0.456741     0.736207     0.000777
     0.042963    -0.023704     0.457235     0.736207     0.000917
     0.042963     0.023704     0.456247     0.736207     0.000983
     0.042963     0.025185     0.456247     0.736207     0.000710
     0.042963     0.025185     0.456741     0.736207     0.000447
     0.042963     0.025185     0.457235     0.736207     0.000286
     0.042963     0.025185     0.457729     0.736207     0.000230
     0.042963     0.025185     0.458222     0.736207     0.000280
     0.042963     0.025185     0.458716     0.736207     0.000436
     0.042963     0.025185     0.459210     0.736207     0.000694
     0.044444    -0.022222     0.452296     0.736207     0.000903
     0.044444    -0.022222     0.452790     0.736207     0.000596
     0.044444    -0.022222     0.453284     0.736207     0.000389
     0.044444    -0.022222     0.453778     0.736207     0.000284
     0.044444    -0.022222     0.454272     0.736207     0.000284
     0.044444    -0.022222     0.454766     0.736207     0.000389
     0.044444    -0.022222     0.455259     0.736207     0.000596
     0.044444    -0.022222     0.455753     0.736207     0.000902
     0.044444     0.022222     0.452790     0.736207     0.000688
     0.044444     0.022222     0.453284     0.736207     0.000465
     0.044444     0.022222     0.453778     0.736207     0.000344
     0.044444     0.022222     0.454272     0.736207     0.000328
     0.044444     0.022222     0.454766     0.736207     0.000418
     0.044444     0.022222     0.455259     0.736207     0.000612
     0.044444     0.022222     0.455753     0.736207     0.000906
     0.045926    -0.019259     0.450321     0.736207     0.000954
     0.045926    -0.019259     0.450815     0.736207     0.000972


    -0.044444    -0.022222     0.459210     0.740345     0.000712
    -0.044444    -0.022222     0.459704     0.740345     0.000489
    -0.044444    -0.022222     0.460198     0.740345     0.000381
    -0.044444    -0.022222     0.460691     0.740345     0.000389
    -0.044444    -0.022222     0.461185     0.740345     0.000515
    -0.044444    -0.022222     0.461679     0.740345     0.000754
    -0.044444     0.022222     0.459210     0.740345     0.000715
    -0.044444     0.022222     0.459704     0.740345     0.000478
    -0.044444     0.022222     0.460198     0.740345     0.000355
    -0.044444     0.022222     0.460691     0.740345     0.000347
    -0.044444     0.022222     0.461185     0.740345     0.000455
    -0.044444     0.022222     0.461679     0.740345     0.000678
    -0.042963    -0.025185     0.455259     0.740345     0.000838
    -0.042963    -0.025185     0.455753     0.740345     0.000554
    -0.042963    -0.025185     0.456247     0.740345     0.000383
    -0.042963    -0.025185     0.456741     0.740345     0.000327
    -0.042963    -0.025185     0.457235     0.740345     0.000389
    -0.042963    -0.025185     0.457729     0.740345     0.000568
    -0.042963    -0.025185     0.458222     0.740345     0.000858
    -0.042963    -0.023704     0.457729     0.740345     0.000966
    -0.042963    -0.023704     0.458222     0.740345     0.000933
    -0.042963     0.023704     0.457235     0.740345     0.000888
    -0.042963     0.023704     0.457729     0.740345     0.000730
    -0.042963     0.023704     0.458222     0.740345     0.000684
    -0.042963     0.023704     0.458716     0.740345     0.000752
    -0.042963     0.023704     0.459210     0.740345     0.000932
    -0.042963     0.025185     0.455259     0.740345     0.000948
    -0.042963     0.025185     0.455753     0.740345     0.000655
    -0.042963     0.025185     0.456247     0.740345     0.000471
    -0.042963     0.025185     0.456741     0.740345     0.000402
    -0.042963     0.025185     0.457235     0.740345     0.000448
    -0.042963     0.025185     0.457729     0.740345     0.000609
    -0.042963     0.025185     0.458222     0.740345     0.000880
    -0.041481    -0.026667     0.453284     0.740345     0.000968
    -0.041481    -0.026667     0.453778     0.740345     0.000734
    -0.041481    -0.026667     0.454272     0.740345     0.000612
    -0.041481    -0.026667     0.454766     0.740345     0.000606
    -0.041481    -0.026667     0.455259     0.740345     0.000716
    -0.041481    -0.026667     0.455753     0.740345     0.000939
    -0.041481     0.026667     0.453284     0.740345     0.000865
    -0.041481     0.026667     0.453778     0.740345     0.000619
    -0.041481     0.026667     0.454272     0.740345     0.000486
    -0.041481     0.026667     0.454766     0.740345     0.000468
    -0.041481     0.026667     0.455259     0.740345     0.000565
    -0.041481     0.026667     0.455753     0.740345     0.000776
     0.041481    -0.026667     0.458716     0.740345     0.000759
     0.041481    -0.026667     0.459210     0.740345     0.000547
     0.041481    -0.026667     0.459704     0.740345     0.000449
     0.041481    -0.026667     0.460198     0.740345     0.000466
     0.041481    -0.026667     0.460691     0.740345     0.000598
     0.041481    -0.026667     0.461185     0.740345     0.000843
     0.041481     0.026667     0.458716     0.740345     0.000922
     0.041481     0.026667     0.459210     0.740345     0.000697
     0.041481     0.026667     0.459704     0.740345     0.000585
     0.041481     0.026667     0.460198     0.740345     0.000589
     0.041481     0.026667     0.460691     0.740345     0.000709
     0.041481     0.026667     0.461185     0.740345     0.000942
     0.042963    -0.025185     0.456247     0.740345     0.000864
     0.042963    -0.025185     0.456741     0.740345     0.000591
     0.042963    -0.025185     0.457235     0.740345     0.000430
     0.042963    -0.025185     0.457729     0.740345     0.000382
     0.042963    -0.025185     0.458222     0.740345     0.000451
     0.042963    -0.025185     0.458716     0.740345     0.000634
     0.042963    -0.025185     0.459210     0.740345     0.000927
     0.042963    -0.023704     0.455259     0.740345     0.000914
     0.042963    -0.023704     0.455753     0.740345     0.000732
     0.042963    -0.023704     0.456247     0.740345     0.000663
     0.042963    -0.023704     0.456741     0.740345     0.000708
     0.042963    -0.023704     0.457235     0.740345     0.000866
     0.042963     0.023704     0.455753     0.740345     0.000992
     0.042963     0.023704     0.456247     0.740345     0.000909
     0.042963     0.023704     0.456741     0.740345     0.000940
     0.042963     0.025185     0.456247     0.740345     0.000838
     0.042963     0.025185     0.456741     0.740345     0.000546
     0.042963     0.025185     0.457235     0.740345     0.000366
     0.042963     0.025185     0.457729     0.740345     0.000302
     0.042963     0.025185     0.458222     0.740345     0.000355
     0.042963     0.025185     0.458716     0.740345     0.000526
     0.042963     0.025185     0.459210     0.740345     0.000808
     0.044444    -0.022222     0.452296     0.740345     0.000991
     0.044444    -0.022222     0.452790     0.740345     0.000659
     0.044444    -0.022222     0.453284     0.740345     0.000435
     0.044444    -0.022222     0.453778     0.740345     0.000325
     0.044444    -0.022222     0.454272     0.740345     0.000332
     0.044444    -0.022222     0.454766     0.740345     0.000455
     0.044444    -0.022222     0.455259     0.740345     0.000691
     0.044444     0.022222     0.452790     0.740345     0.000730
     0.044444     0.022222     0.453284     0.740345     0.000489
     0.044444     0.022222     0.453778     0.740345     0.000362
     0.044444     0.022222     0.454272     0.740345     0.000351
     0.044444     0.022222     0.454766     0.740345     0.000458
     0.044444     0.022222     0.455259     0.740345     0.000680
     0.045926    -0.019259     0.450321     0.740345     0.000996


    -0.044444    -0.022222     0.459210     0.744483     0.000797
    -0.044444    -0.022222     0.459704     0.744483     0.000540
    -0.044444    -0.022222     0.460198     0.744483     0.000411
    -0.044444    -0.022222     0.460691     0.744483     0.000412
    -0.044444    -0.022222     0.461185     0.744483     0.000545
    -0.044444    -0.022222     0.461679     0.744483     0.000806
    -0.044444     0.022222     0.459210     0.744483     0.000833
    -0.044444     0.022222     0.459704     0.744483     0.000561
    -0.044444     0.022222     0.460198     0.744483     0.000415
    -0.044444     0.022222     0.460691     0.744483     0.000399
    -0.044444     0.022222     0.461185     0.744483     0.000513
    -0.044444     0.022222     0.461679     0.744483     0.000755
    -0.042963    -0.025185     0.455259     0.744483     0.000980
    -0.042963    -0.025185     0.455753     0.744483     0.000667
    -0.042963    -0.025185     0.456247     0.744483     0.000477
    -0.042963    -0.025185     0.456741     0.744483     0.000418
    -0.042963    -0.025185     0.457235     0.744483     0.000489
    -0.042963    -0.025185     0.457729     0.744483     0.000690
    -0.042963    -0.023704     0.457729     0.744483     0.000880
    -0.042963    -0.023704     0.458222     0.744483     0.000842
    -0.042963    -0.023704     0.458716     0.744483     0.000931
    -0.042963     0.023704     0.457235     0.744483     0.000825
    -0.042963     0.023704     0.457729     0.744483     0.000644
    -0.042963     0.023704     0.458222     0.744483     0.000591
    -0.042963     0.023704     0.458716     0.744483     0.000667
    -0.042963     0.023704     0.459210     0.744483     0.000869
    -0.042963     0.025185     0.455753     0.744483     0.000810
    -0.042963     0.025185     0.456247     0.744483     0.000609
    -0.042963     0.025185     0.456741     0.744483     0.000534
    -0.042963     0.025185     0.457235     0.744483     0.000588
    -0.042963     0.025185     0.457729     0.744483     0.000769
    -0.041481    -0.026667     0.453284     0.744483     0.000917
    -0.041481    -0.026667     0.453778     0.744483     0.000661
    -0.041481    -0.026667     0.454272     0.744483     0.000531
    -0.041481    -0.026667     0.454766     0.744483     0.000533
    -0.041481    -0.026667     0.455259     0.744483     0.000665
    -0.041481    -0.026667     0.455753     0.744483     0.000924
    -0.041481     0.026667     0.453284     0.744483     0.000829
    -0.041481     0.026667     0.453778     0.744483     0.000561
    -0.041481     0.026667     0.454272     0.744483     0.000418
    -0.041481     0.026667     0.454766     0.744483     0.000407
    -0.041481     0.026667     0.455259     0.744483     0.000525
    -0.041481     0.026667     0.455753     0.744483     0.000771
     0.041481    -0.026667     0.458716     0.744483     0.000755
     0.041481    -0.026667     0.459210     0.744483     0.000507
     0.041481    -0.026667     0.459704     0.744483     0.000387
     0.041481    -0.026667     0.460198     0.744483     0.000398
     0.041481    -0.026667     0.460691     0.744483     0.000539
     0.041481    -0.026667     0.461185     0.744483     0.000807
     0.041481     0.026667     0.458716     0.744483     0.000908
     0.041481     0.026667     0.459210     0.744483     0.000646
     0.041481     0.026667     0.459704     0.744483     0.000512
     0.041481     0.026667     0.460198     0.744483     0.000508
     0.041481     0.026667     0.460691     0.744483     0.000635
     0.041481     0.026667     0.461185     0.744483     0.000890
     0.042963    -0.025185     0.456741     0.744483     0.000753
     0.042963    -0.025185     0.457235     0.744483     0.000570
     0.042963    -0.025185     0.457729     0.744483     0.000515
     0.042963    -0.025185     0.458222     0.744483     0.000589
     0.042963    -0.025185     0.458716     0.744483     0.000790
     0.042963    -0.023704     0.455259     0.744483     0.000851
     0.042963    -0.023704     0.455753     0.744483     0.000647
     0.042963    -0.023704     0.456247     0.744483     0.000571
     0.042963    -0.023704     0.456741     0.744483     0.000623
     0.042963    -0.023704     0.457235     0.744483     0.000802
     0.042963     0.023704     0.455753     0.744483     0.000909
     0.042963     0.023704     0.456247     0.744483     0.000818
     0.042963     0.023704     0.456741     0.744483     0.000854
     0.042963     0.025185     0.456247     0.744483     0.000996
     0.042963     0.025185     0.456741     0.744483     0.000669
     0.042963     0.025185     0.457235     0.744483     0.000466
     0.042963     0.025185     0.457729     0.744483     0.000392
     0.042963     0.025185     0.458222     0.744483     0.000450
     0.042963     0.025185     0.458716     0.744483     0.000638
     0.042963     0.025185     0.459210     0.744483     0.000950
     0.044444    -0.022222     0.452790     0.744483     0.000736
     0.044444    -0.022222     0.453284     0.744483     0.000493
     0.044444    -0.022222     0.453778     0.744483     0.000378
     0.044444    -0.022222     0.454272     0.744483     0.000393
     0.044444    -0.022222     0.454766     0.744483     0.000538
     0.044444    -0.022222     0.455259     0.744483     0.000809
     0.044444     0.022222     0.452790     0.744483     0.000783
     0.044444     0.022222     0.453284     0.744483     0.000520
     0.044444     0.022222     0.453778     0.744483     0.000384
     0.044444     0.022222     0.454272     0.744483     0.000381
     0.044444     0.022222     0.454766     0.744483     0.000509
     0.044444     0.022222     0.455259     0.744483     0.000764


    -0.044444    -0.022222     0.459210     0.748621     0.000906
    -0.044444    -0.022222     0.459704     0.748621     0.000607
    -0.044444    -0.022222     0.460198     0.748621     0.000450
    -0.044444    -0.022222     0.460691     0.748621     0.000443
    -0.044444    -0.022222     0.461185     0.748621     0.000585
    -0.044444    -0.022222     0.461679     0.748621     0.000872
    -0.044444     0.022222     0.459210     0.748621     0.000983
    -0.044444     0.022222     0.459704     0.748621     0.000669
    -0.044444     0.022222     0.460198     0.748621     0.000495
    -0.044444     0.022222     0.460691     0.748621     0.000468
    -0.044444     0.022222     0.461185     0.748621     0.000589
    -0.044444     0.022222     0.461679     0.748621     0.000853
    -0.042963    -0.025185     0.455753     0.748621     0.000811
    -0.042963    -0.025185     0.456247     0.748621     0.000600
    -0.042963    -0.025185     0.456741     0.748621     0.000535
    -0.042963    -0.025185     0.457235     0.748621     0.000618
    -0.042963    -0.025185     0.457729     0.748621     0.000847
    -0.042963    -0.023704     0.457235     0.748621     0.000960
    -0.042963    -0.023704     0.457729     0.748621     0.000770
    -0.042963    -0.023704     0.458222     0.748621     0.000724
    -0.042963    -0.023704     0.458716     0.748621     0.000824
    -0.042963     0.023704     0.457235     0.748621     0.000743
    -0.042963     0.023704     0.457729     0.748621     0.000535
    -0.042963     0.023704     0.458222     0.748621     0.000472
    -0.042963     0.023704     0.458716     0.748621     0.000558
    -0.042963     0.023704     0.459210     0.748621     0.000788
    -0.042963     0.025185     0.456247     0.748621     0.000784
    -0.042963     0.025185     0.456741     0.748621     0.000703
    -0.042963     0.025185     0.457235     0.748621     0.000767
    -0.042963     0.025185     0.457729     0.748621     0.000973
    -0.041481    -0.026667     0.453284     0.748621     0.000850
    -0.041481    -0.026667     0.453778     0.748621     0.000566
    -0.041481    -0.026667     0.454272     0.748621     0.000427
    -0.041481    -0.026667     0.454766     0.748621     0.000438
    -0.041481    -0.026667     0.455259     0.748621     0.000600
    -0.041481    -0.026667     0.455753     0.748621     0.000905
    -0.041481     0.026667     0.453284     0.748621     0.000783
    -0.041481     0.026667     0.453778     0.748621     0.000485
    -0.041481     0.026667     0.454272     0.748621     0.000332
    -0.041481     0.026667     0.454766     0.748621     0.000328
    -0.041481     0.026667     0.455259     0.748621     0.000475
    -0.041481     0.026667     0.455753     0.748621     0.000765
     0.041481    -0.026667     0.458716     0.748621     0.000749
     0.041481    -0.026667     0.459210     0.748621     0.000457
     0.041481    -0.026667     0.459704     0.748621     0.000309
     0.041481    -0.026667     0.460198     0.748621     0.000311
     0.041481    -0.026667     0.460691     0.748621     0.000464
     0.041481    -0.026667     0.461185     0.748621     0.000761
     0.041481     0.026667     0.458716     0.748621     0.000889
     0.041481     0.026667     0.459210     0.748621     0.000581
     0.041481     0.026667     0.459704     0.748621     0.000417
     0.041481     0.026667     0.460198     0.748621     0.000403
     0.041481     0.026667     0.460691     0.748621     0.000540
     0.041481     0.026667     0.461185     0.748621     0.000823
     0.042963    -0.025185     0.456741     0.748621     0.000957
     0.042963    -0.025185     0.457235     0.748621     0.000750
     0.042963    -0.025185     0.457729     0.748621     0.000685
     0.042963    -0.025185     0.458222     0.748621     0.000765
     0.042963    -0.025185     0.458716     0.748621     0.000987
     0.042963    -0.023704     0.455259     0.748621     0.000770
     0.042963    -0.023704     0.455753     0.748621     0.000538
     0.042963    -0.023704     0.456247     0.748621     0.000451
     0.042963    -0.023704     0.456741     0.748621     0.000512
     0.042963    -0.023704     0.457235     0.748621     0.000720
     0.042963     0.023704     0.455753     0.748621     0.000803
     0.042963     0.023704     0.456247     0.748621     0.000700
     0.042963     0.023704     0.456741     0.748621     0.000744
     0.042963     0.023704     0.457235     0.748621     0.000932
     0.042963     0.025185     0.456741     0.748621     0.000827
     0.042963     0.025185     0.457235     0.748621     0.000595
     0.042963     0.025185     0.457729     0.748621     0.000509
     0.042963     0.025185     0.458222     0.748621     0.000572
     0.042963     0.025185     0.458716     0.748621     0.000781
     0.044444    -0.022222     0.452790     0.748621     0.000835
     0.044444    -0.022222     0.453284     0.748621     0.000569
     0.044444    -0.022222     0.453778     0.748621     0.000446
     0.044444    -0.022222     0.454272     0.748621     0.000472
     0.044444    -0.022222     0.454766     0.748621     0.000645
     0.044444    -0.022222     0.455259     0.748621     0.000958
     0.044444     0.022222     0.452790     0.748621     0.000849
     0.044444     0.022222     0.453284     0.748621     0.000560
     0.044444     0.022222     0.453778     0.748621     0.000415
     0.044444     0.022222     0.454272     0.748621     0.000420
     0.044444     0.022222     0.454766     0.748621     0.000574
     0.044444     0.022222     0.455259     0.748621     0.000872


    -0.044444    -0.022222     0.459704     0.752759     0.000732
    -0.044444    -0.022222     0.460198     0.752759     0.000541
    -0.044444    -0.022222     0.460691     0.752759     0.000522
    -0.044444    -0.022222     0.461185     0.752759     0.000676
    -0.044444    -0.022222     0.461679     0.752759     0.000995
    -0.044444     0.020741     0.461679     0.752759     0.000934
    -0.044444     0.020741     0.462173     0.752759     0.000980
    -0.044444     0.022222     0.459704     0.752759     0.000847
    -0.044444     0.022222     0.460198     0.752759     0.000637
    -0.044444     0.022222     0.460691     0.752759     0.000596
    -0.044444     0.022222     0.461185     0.752759     0.000725
    -0.042963    -0.025185     0.456247     0.752759     0.000798
    -0.042963    -0.025185     0.456741     0.752759     0.000726
    -0.042963    -0.025185     0.457235     0.752759     0.000825
    -0.042963    -0.023704     0.457235     0.752759     0.000885
    -0.042963    -0.023704     0.457729     0.752759     0.000660
    -0.042963    -0.023704     0.458222     0.752759     0.000604
    -0.042963    -0.023704     0.458716     0.752759     0.000719
    -0.042963     0.023704     0.457235     0.752759     0.000672
    -0.042963     0.023704     0.457729     0.752759     0.000425
    -0.042963     0.023704     0.458222     0.752759     0.000349
    -0.042963     0.023704     0.458716     0.752759     0.000449
    -0.042963     0.023704     0.459210     0.752759     0.000717
    -0.042963     0.025185     0.456741     0.752759     0.000961
    -0.041481    -0.026667     0.453284     0.752759     0.000799
    -0.041481    -0.026667     0.453778     0.752759     0.000477
    -0.041481    -0.026667     0.454272     0.752759     0.000324
    -0.041481    -0.026667     0.454766     0.752759     0.000349
    -0.041481    -0.026667     0.455259     0.752759     0.000550
    -0.041481    -0.026667     0.455753     0.752759     0.000917
    -0.041481     0.026667     0.453284     0.752759     0.000758
    -0.041481     0.026667     0.453778     0.752759     0.000421
    -0.041481     0.026667     0.454272     0.752759     0.000253
    -0.041481     0.026667     0.454766     0.752759     0.000261
    -0.041481     0.026667     0.455259     0.752759     0.000445
    -0.041481     0.026667     0.455753     0.752759     0.000795
     0.041481    -0.026667     0.458716     0.752759     0.000780
     0.041481    -0.026667     0.459210     0.752759     0.000428
     0.041481    -0.026667     0.459704     0.752759     0.000242
     0.041481    -0.026667     0.460198     0.752759     0.000232
     0.041481    -0.026667     0.460691     0.752759     0.000400
     0.041481    -0.026667     0.461185     0.752759     0.000736
     0.041481     0.026667     0.458716     0.752759     0.000903
     0.041481     0.026667     0.459210     0.752759     0.000533
     0.041481     0.026667     0.459704     0.752759     0.000328
     0.041481     0.026667     0.460198     0.752759     0.000300
     0.041481     0.026667     0.460691     0.752759     0.000450
     0.041481     0.026667     0.461185     0.752759     0.000771
     0.042963    -0.025185     0.457729     0.752759     0.000944
     0.042963    -0.023704     0.455259     0.752759     0.000700
     0.042963    -0.023704     0.455753     0.752759     0.000430
     0.042963    -0.023704     0.456247     0.752759     0.000328
     0.042963    -0.023704     0.456741     0.752759     0.000403
     0.042963    -0.023704     0.457235     0.752759     0.000648
     0.042963     0.023704     0.455259     0.752759     0.000984
     0.042963     0.023704     0.455753     0.752759     0.000699
     0.042963     0.023704     0.456247     0.752759     0.000580
     0.042963     0.023704     0.456741     0.752759     0.000633
     0.042963     0.023704     0.457235     0.752759     0.000856
     0.042963     0.025185     0.457235     0.752759     0.000803
     0.042963     0.025185     0.457729     0.752759     0.000701
     0.042963     0.025185     0.458222     0.752759     0.000770
     0.044444    -0.022222     0.453284     0.752759     0.000706
     0.044444    -0.022222     0.453778     0.752759     0.000575
     0.044444    -0.022222     0.454272     0.752759     0.000615
     0.044444    -0.022222     0.454766     0.752759     0.000823
     0.044444    -0.020741     0.452296     0.752759     0.000960
     0.044444    -0.020741     0.452790     0.752759     0.000912
     0.044444     0.022222     0.452790     0.752759     0.000973
     0.044444     0.022222     0.453284     0.752759     0.000651
     0.044444     0.022222     0.453778     0.752759     0.000494
     0.044444     0.022222     0.454272     0.752759     0.000510
     0.044444     0.022222     0.454766     0.752759     0.000699


    -0.044444    -0.022222     0.459704     0.756897     0.000933
    -0.044444    -0.022222     0.460198     0.756897     0.000697
    -0.044444    -0.022222     0.460691     0.756897     0.000662
    -0.044444    -0.022222     0.461185     0.756897     0.000830
    -0.044444     0.020741     0.461185     0.756897     0.000967
    -0.044444     0.020741     0.461679     0.756897     0.000807
    -0.044444     0.020741     0.462173     0.756897     0.000845
    -0.044444     0.022222     0.460198     0.756897     0.000863
    -0.044444     0.022222     0.460691     0.756897     0.000803
    -0.044444     0.022222     0.461185     0.756897     0.000941
    -0.042963    -0.023704     0.457235     0.756897     0.000810
    -0.042963    -0.023704     0.457729     0.756897     0.000536
    -0.042963    -0.023704     0.458222     0.756897     0.000465
    -0.042963    -0.023704     0.458716     0.756897     0.000603
    -0.042963    -0.023704     0.459210     0.756897     0.000939
    -0.042963     0.023704     0.457235     0.756897     0.000603
    -0.042963     0.023704     0.457729     0.756897     0.000302
    -0.042963     0.023704     0.458222     0.756897     0.000207
    -0.042963     0.023704     0.458716     0.756897     0.000326
    -0.042963     0.023704     0.459210     0.756897     0.000650
    -0.041481    -0.026667     0.453284     0.756897     0.000756
    -0.041481    -0.026667     0.453778     0.756897     0.000381
    -0.041481    -0.026667     0.454272     0.756897     0.000210
    -0.041481    -0.026667     0.454766     0.756897     0.000255
    -0.041481    -0.026667     0.455259     0.756897     0.000512
    -0.041481    -0.026667     0.455753     0.756897     0.000963
    -0.041481     0.026667     0.453284     0.756897     0.000753
    -0.041481     0.026667     0.453778     0.756897     0.000363
    -0.041481     0.026667     0.454272     0.756897     0.000173
    -0.041481     0.026667     0.454766     0.756897     0.000198
    -0.041481     0.026667     0.455259     0.756897     0.000435
    -0.041481     0.026667     0.455753     0.756897     0.000866
     0.041481    -0.026667     0.458716     0.756897     0.000853
     0.041481    -0.026667     0.459210     0.756897     0.000419
     0.041481    -0.026667     0.459704     0.756897     0.000180
     0.041481    -0.026667     0.460198     0.756897     0.000153
     0.041481    -0.026667     0.460691     0.756897     0.000342
     0.041481    -0.026667     0.461185     0.756897     0.000731
     0.041481     0.026667     0.458716     0.756897     0.000950
     0.041481     0.026667     0.459210     0.756897     0.000496
     0.041481     0.026667     0.459704     0.756897     0.000234
     0.041481     0.026667     0.460198     0.756897     0.000186
     0.041481     0.026667     0.460691     0.756897     0.000354
     0.041481     0.026667     0.461185     0.756897     0.000727
     0.042963    -0.023704     0.455259     0.756897     0.000634
     0.042963    -0.023704     0.455753     0.756897     0.000307
     0.042963    -0.023704     0.456247     0.756897     0.000186
     0.042963    -0.023704     0.456741     0.756897     0.000279
     0.042963    -0.023704     0.457235     0.756897     0.000579
     0.042963     0.023704     0.455259     0.756897     0.000924
     0.042963     0.023704     0.455753     0.756897     0.000583
     0.042963     0.023704     0.456247     0.756897     0.000441
     0.042963     0.023704     0.456741     0.756897     0.000508
     0.042963     0.023704     0.457235     0.756897     0.000780
     0.042963     0.025185     0.457729     0.756897     0.000993
     0.044444    -0.022222     0.453284     0.756897     0.000924
     0.044444    -0.022222     0.453778     0.756897     0.000783
     0.044444    -0.022222     0.454272     0.756897     0.000841
     0.044444    -0.020741     0.452296     0.756897     0.000824
     0.044444    -0.020741     0.452790     0.756897     0.000784
     0.044444    -0.020741     0.453284     0.756897     0.000943
     0.044444     0.022222     0.453284     0.756897     0.000806
     0.044444     0.022222     0.453778     0.756897     0.000634
     0.044444     0.022222     0.454272     0.756897     0.000666
     0.044444     0.022222     0.454766     0.756897     0.000899


    -0.044444     0.020741     0.461185     0.761034     0.000982
    -0.044444     0.020741     0.461679     0.761034     0.000759
    -0.044444     0.020741     0.462173     0.761034     0.000785
    -0.042963    -0.023704     0.457235     0.761034     0.000843
    -0.042963    -0.023704     0.457729     0.761034     0.000494
    -0.042963    -0.023704     0.458222     0.761034     0.000400
    -0.042963    -0.023704     0.458716     0.761034     0.000573
    -0.042963    -0.023704     0.459210     0.761034     0.000991
    -0.042963     0.023704     0.457235     0.761034     0.000646
    -0.042963     0.023704     0.457729     0.761034     0.000262
    -0.042963     0.023704     0.458222     0.761034     0.000137
    -0.042963     0.023704     0.458716     0.761034     0.000288
    -0.042963     0.023704     0.459210     0.761034     0.000695
    -0.041481    -0.026667     0.453284     0.761034     0.000837
    -0.041481    -0.026667     0.453778     0.761034     0.000385
    -0.041481    -0.026667     0.454272     0.761034     0.000184
    -0.041481    -0.026667     0.454766     0.761034     0.000259
    -0.041481    -0.026667     0.455259     0.761034     0.000602
    -0.041481     0.026667     0.453284     0.761034     0.000890
    -0.041481     0.026667     0.453778     0.761034     0.000423
    -0.041481     0.026667     0.454272     0.761034     0.000201
    -0.041481     0.026667     0.454766     0.761034     0.000252
    -0.041481     0.026667     0.455259     0.761034     0.000568
    -0.004444     0.048889     0.452296     0.761034     0.000985
     0.004444    -0.048889     0.462173     0.761034     0.000982
     0.041481    -0.026667     0.459210     0.761034     0.000554
     0.041481    -0.026667     0.459704     0.761034     0.000235
     0.041481    -0.026667     0.460198     0.761034     0.000181
     0.041481    -0.026667     0.460691     0.761034     0.000402
     0.041481    -0.026667     0.461185     0.761034     0.000868
     0.041481     0.026667     0.459210     0.761034     0.000588
     0.041481     0.026667     0.459704     0.761034     0.000240
     0.041481     0.026667     0.460198     0.761034     0.000159
     0.041481     0.026667     0.460691     0.761034     0.000356
     0.041481     0.026667     0.461185     0.761034     0.000807
     0.042963    -0.023704     0.455259     0.761034     0.000680
     0.042963    -0.023704     0.455753     0.761034     0.000270
     0.042963    -0.023704     0.456247     0.761034     0.000116
     0.042963    -0.023704     0.456741     0.761034     0.000238
     0.042963    -0.023704     0.457235     0.761034     0.000621
     0.042963     0.023704     0.455259     0.761034     0.000978
     0.042963     0.023704     0.455753     0.761034     0.000554
     0.042963     0.023704     0.456247     0.761034     0.000377
     0.042963     0.023704     0.456741     0.761034     0.000466
     0.042963     0.023704     0.457235     0.761034     0.000812
     0.044444    -0.020741     0.452296     0.761034     0.000764
     0.044444    -0.020741     0.452790     0.761034     0.000736
     0.044444    -0.020741     0.453284     0.761034     0.000957
     0.044444     0.022222     0.453778     0.761034     0.000983


    -0.044444     0.020741     0.461679     0.765172     0.000741
    -0.044444     0.020741     0.462173     0.765172     0.000745
    -0.042963    -0.023704     0.457235     0.765172     0.000961
    -0.042963    -0.023704     0.457729     0.765172     0.000490
    -0.042963    -0.023704     0.458222     0.765172     0.000355
    -0.042963    -0.023704     0.458716     0.765172     0.000587
    -0.042963     0.023704     0.457235     0.765172     0.000784
    -0.042963     0.023704     0.457729     0.765172     0.000261
    -0.042963     0.023704     0.458222     0.765172     0.000082
    -0.042963     0.023704     0.458716     0.765172     0.000289
    -0.042963     0.023704     0.459210     0.765172     0.000834
    -0.041481    -0.026667     0.453778     0.765172     0.000457
    -0.041481    -0.026667     0.454272     0.765172     0.000206
    -0.041481    -0.026667     0.454766     0.765172     0.000336
    -0.041481    -0.026667     0.455259     0.765172     0.000816
    -0.041481     0.026667     0.453778     0.765172     0.000591
    -0.041481     0.026667     0.454272     0.765172     0.000319
    -0.041481     0.026667     0.454766     0.765172     0.000414
    -0.041481     0.026667     0.455259     0.765172     0.000853
    -0.005926     0.048889     0.450815     0.765172     0.000969
    -0.004444     0.048889     0.452296     0.765172     0.000957
     0.004444    -0.048889     0.462173     0.765172     0.000953
     0.005926    -0.048889     0.463654     0.765172     0.000968
     0.041481    -0.026667     0.459210     0.765172     0.000842
     0.041481    -0.026667     0.459704     0.765172     0.000399
     0.041481    -0.026667     0.460198     0.765172     0.000301
     0.041481    -0.026667     0.460691     0.765172     0.000570
     0.041481     0.026667     0.459210     0.765172     0.000807
     0.041481     0.026667     0.459704     0.765172     0.000319
     0.041481     0.026667     0.460198     0.765172     0.000181
     0.041481     0.026667     0.460691     0.765172     0.000427
     0.041481     0.026667     0.461185     0.765172     0.001000
     0.042963    -0.023704     0.455259     0.765172     0.000823
     0.042963    -0.023704     0.455753     0.765172     0.000273
     0.042963    -0.023704     0.456247     0.765172     0.000060
     0.042963    -0.023704     0.456741     0.765172     0.000236
     0.042963    -0.023704     0.457235     0.765172     0.000758
     0.042963     0.023704     0.455753     0.765172     0.000572
     0.042963     0.023704     0.456247     0.765172     0.000332
     0.042963     0.023704     0.456741     0.765172     0.000461
     0.042963     0.023704     0.457235     0.765172     0.000929
     0.044444    -0.020741     0.452296     0.765172     0.000726
     0.044444    -0.020741     0.452790     0.765172     0.000717


    -0.044444     0.020741     0.461679     0.769310     0.000761
    -0.044444     0.020741     0.462173     0.769310     0.000720
    -0.042963    -0.023704     0.457729     0.769310     0.000542
    -0.042963    -0.023704     0.458222     0.769310     0.000319
    -0.042963    -0.023704     0.458716     0.769310     0.000679
    -0.042963     0.023704     0.457729     0.769310     0.000327
    -0.042963     0.023704     0.458222     0.769310     0.000022
    -0.042963     0.023704     0.458716     0.769310     0.000360
    -0.041481    -0.026667     0.453778     0.769310     0.000669
    -0.041481    -0.026667     0.454272     0.769310     0.000324
    -0.041481    -0.026667     0.454766     0.769310     0.000565
    -0.041481     0.026667     0.453778     0.769310     0.000982
    -0.041481     0.026667     0.454272     0.769310     0.000633
    -0.041481     0.026667     0.454766     0.769310     0.000806
    -0.005926     0.048889     0.450815     0.769310     0.000930
    -0.004444     0.048889     0.452296     0.769310     0.000952
     0.004444    -0.048889     0.462173     0.769310     0.000948
     0.005926    -0.048889     0.463654     0.769310     0.000930
     0.041481    -0.026667     0.459704     0.769310     0.000796
     0.041481    -0.026667     0.460198     0.769310     0.000617
     0.041481    -0.026667     0.460691     0.769310     0.000963
     0.041481     0.026667     0.459704     0.769310     0.000553
     0.041481     0.026667     0.460198     0.769310     0.000300
     0.041481     0.026667     0.460691     0.769310     0.000638
     0.042963    -0.023704     0.455753     0.769310     0.000348
     0.042963    -0.023704     0.456247     0.769310     0.000000
     0.042963    -0.023704     0.456741     0.769310     0.000301
     0.042963     0.023704     0.455753     0.769310     0.000670
     0.042963     0.023704     0.456247     0.769310     0.000298
     0.042963     0.023704     0.456741     0.769310     0.000512
     0.044444    -0.020741     0.452296     0.769310     0.000702
     0.044444    -0.020741     0.452790     0.769310     0.000737


    -0.044444     0.020741     0.462173     0.773448     0.000838
    -0.042963    -0.023704     0.457729     0.773448     0.000934
    -0.042963    -0.023704     0.458222     0.773448     0.000431
    -0.042963     0.023704     0.457729     0.773448     0.000805
    -0.042963     0.023704     0.458222     0.773448     0.000021
    -0.042963     0.023704     0.458716     0.773448     0.000845
    -0.041481    -0.026667     0.454272     0.773448     0.000951
    -0.005926     0.048889     0.450815     0.773448     0.000994
     0.005926    -0.048889     0.463654     0.773448     0.000995
     0.041481     0.026667     0.460198     0.773448     0.000935
     0.042963    -0.023704     0.455753     0.773448     0.000848
     0.042963    -0.023704     0.456247     0.773448     0.000000
     0.042963    -0.023704     0.456741     0.773448     0.000783
     0.042963     0.023704     0.456247     0.773448     0.000419
     0.042963     0.023704     0.456741     0.773448     0.000906
     0.044444    -0.020741     0.452296     0.773448     0.000827
     0.044444    -0.020741     0.452790     0.773448     0.000997


    -0.045926    -0.017778     0.465630     0.777586     0.000346
    -0.045926    -0.017778     0.466124     0.777586     0.000972
    -0.045926     0.017778     0.465630     0.777586     0.000170
    -0.045926     0.017778     0.466124     0.777586     0.000708
    -0.044444     0.020741     0.462173     0.777586     0.000687
    -0.042963    -0.023704     0.458222     0.777586     0.000842
    -0.042963     0.023704     0.458222     0.777586     0.000916
    -0.007407    -0.048889     0.448346     0.777586     0.000805
    -0.005926    -0.048889     0.449827     0.777586     0.000825
    -0.005926    -0.048889     0.450321     0.777586     0.000211
    -0.005926     0.048889     0.450321     0.777586     0.000465
    -0.005926     0.048889     0.450815     0.777586     0.000430
    -0.004444     0.048889     0.452296     0.777586     0.000840
     0.004444    -0.048889     0.462173     0.777586     0.000831
     0.005926    -0.048889     0.463654     0.777586     0.000440
     0.005926    -0.048889     0.464148     0.777586     0.000457
     0.005926     0.048889     0.464148     0.777586     0.000222
     0.005926     0.048889     0.464642     0.777586     0.000819
     0.007407     0.048889     0.466124     0.777586     0.000795
     0.042963    -0.023704     0.456247     0.777586     0.000938
     0.042963     0.023704     0.456247     0.777586     0.000872
     0.044444    -0.020741     0.452296     0.777586     0.000711
     0.045926    -0.017778     0.448346     0.777586     0.000718
     0.045926    -0.017778     0.448840     0.777586     0.000143
     0.045926     0.017778     0.448346     0.777586     0.000985
     0.045926     0.017778     0.448840     0.777586     0.000325


    -0.045926    -0.017778     0.465630     0.781724     0.000775
    -0.045926    -0.017778     0.466124     0.781724     0.000959
    -0.037037    -0.032593     0.445877     0.781724     0.000339
    -0.037037    -0.032593     0.446371     0.781724     0.000141
    -0.037037     0.032593     0.445877     0.781724     0.000270
    -0.037037     0.032593     0.446371     0.781724     0.000000
     0.037037    -0.032593     0.468099     0.781724     0.000018
     0.037037    -0.032593     0.468593     0.781724     0.000263
     0.037037     0.032593     0.468099     0.781724     0.000161
     0.037037     0.032593     0.468593     0.781724     0.000325
     0.045926     0.017778     0.448840     0.781724     0.000801


    -0.048889    -0.008889     0.474025     0.785862     0.000712
    -0.048889     0.008889     0.474025     0.785862     0.000538
    -0.048889     0.008889     0.474519     0.785862     0.000860
    -0.035556     0.034074     0.443901     0.785862     0.000917
    -0.035556     0.034074     0.444395     0.785862     0.000587
    -0.014815    -0.047407     0.440938     0.785862     0.000998
    -0.014815    -0.047407     0.441432     0.785862     0.000099
    -0.014815    -0.047407     0.441926     0.785862     0.000608
    -0.014815     0.047407     0.441432     0.785862     0.000315
    -0.014815     0.047407     0.441926     0.785862     0.000029
     0.014815    -0.047407     0.472543     0.785862     0.000040
     0.014815    -0.047407     0.473037     0.785862     0.000307
     0.014815     0.047407     0.472543     0.785862     0.000619
     0.014815     0.047407     0.473037     0.785862     0.000101
     0.014815     0.047407     0.473531     0.785862     0.000991
     0.035556    -0.034074     0.470074     0.785862     0.000590
     0.035556    -0.034074     0.470568     0.785862     0.000908
     0.048889    -0.008889     0.439951     0.785862     0.000852
     0.048889    -0.008889     0.440445     0.785862     0.000510
     0.048889     0.008889     0.440445     0.785862     0.000684


    -0.048889    -0.008889     0.474025     0.790000     0.000105
    -0.048889    -0.008889     0.474519     0.790000     0.000167
    -0.048889     0.008889     0.474025     0.790000     0.000167
    -0.048889     0.008889     0.474519     0.790000     0.000058
    -0.029630     0.040000     0.438469     0.790000     0.000827
    -0.019259     0.045926     0.438469     0.790000     0.000785
    -0.019259     0.045926     0.438963     0.790000     0.000438
    -0.014815    -0.047407     0.440938     0.790000     0.000809
    -0.014815    -0.047407     0.441432     0.790000     0.000332
    -0.014815     0.047407     0.441432     0.790000     0.000550
    -0.014815     0.047407     0.441926     0.790000     0.000742
     0.014815    -0.047407     0.472543     0.790000     0.000757
     0.014815    -0.047407     0.473037     0.790000     0.000554
     0.014815     0.047407     0.473037     0.790000     0.000335
     0.014815     0.047407     0.473531     0.790000     0.000801
     0.019259    -0.045926     0.475506     0.790000     0.000434
     0.019259    -0.045926     0.476000     0.790000     0.000769
     0.029630    -0.040000     0.476000     0.790000     0.000812
     0.048889    -0.008889     0.439951     0.790000     0.000094
     0.048889    -0.008889     0.440445     0.790000     0.000173
     0.048889     0.008889     0.439951     0.790000     0.000203
     0.048889     0.008889     0.440445     0.790000     0.000114


    -0.040000    -0.028571     0.451520     0.780000     0.000000
    -0.040000     0.028571     0.451520     0.780000     0.000195
     0.040000    -0.028571     0.462949     0.780000     0.000214
     0.040000     0.028571     0.462949     0.780000     0.000022


    -0.040000    -0.028571     0.451520     0.780690     0.000000
    -0.040000     0.028571     0.451520     0.780690     0.000196
     0.040000    -0.028571     0.462949     0.780690     0.000215
     0.040000     0.028571     0.462949     0.780690     0.000022


    -0.040000    -0.028571     0.451520     0.781379     0.000000
    -0.040000     0.028571     0.451520     0.781379     0.000196
     0.040000    -0.028571     0.462949     0.781379     0.000216
     0.040000     0.028571     0.462949     0.781379     0.000022


    -0.040000    -0.028571     0.451520     0.782069     0.000000
    -0.040000     0.028571     0.451520     0.782069     0.000196
     0.040000    -0.028571     0.462949     0.782069     0.000216
     0.040000     0.028571     0.462949     0.782069     0.000022


    -0.040000    -0.028571     0.451520     0.782759     0.000000
    -0.040000     0.028571     0.451520     0.782759     0.000196
     0.040000    -0.028571     0.462949     0.782759     0.000216
     0.040000     0.028571     0.462949     0.782759     0.000022


    -0.040000    -0.028571     0.451520     0.783448     0.000000
    -0.040000     0.028571     0.451520     0.783448     0.000196
     0.040000    -0.028571     0.462949     0.783448     0.000216
     0.040000     0.028571     0.462949     0.783448     0.000022


    -0.040000    -0.028571     0.451520     0.784138     0.000000
    -0.040000     0.028571     0.451520     0.784138     0.000196
     0.040000    -0.028571     0.462949     0.784138     0.000216
     0.040000     0.028571     0.462949     0.784138     0.000022


    -0.040000    -0.028571     0.451520     0.784828     0.000000
    -0.040000     0.028571     0.451520     0.784828     0.000195
     0.040000    -0.028571     0.462949     0.784828     0.000216
     0.040000     0.028571     0.462949     0.784828     0.000022


    -0.045714     0.017143     0.466759     0.785517     0.000976
    -0.040000    -0.028571     0.451520     0.785517     0.000000
    -0.040000     0.028571     0.451520     0.785517     0.000195
     0.040000    -0.028571     0.462949     0.785517     0.000216
     0.040000     0.028571     0.462949     0.785517     0.000022


    -0.045714     0.017143     0.466759     0.786207     0.000804
    -0.040000    -0.028571     0.451520     0.786207     0.000000
    -0.040000     0.028571     0.451520     0.786207     0.000195
     0.040000    -0.028571     0.462949     0.786207     0.000215
     0.040000     0.028571     0.462949     0.786207     0.000022
     0.045714    -0.017143     0.447711     0.786207     0.000829


    -0.045714    -0.017143     0.466759     0.786897     0.000895
    -0.045714     0.017143     0.466759     0.786897     0.000646
    -0.040000    -0.028571     0.451520     0.786897     0.000000
    -0.040000     0.028571     0.451520     0.786897     0.000195
     0.040000    -0.028571     0.462949     0.786897     0.000215
     0.040000     0.028571     0.462949     0.786897     0.000022
     0.045714    -0.017143     0.447711     0.786897     0.000672
     0.045714     0.017143     0.447711     0.786897     0.000929


    -0.045714    -0.017143     0.466759     0.787586     0.000730
    -0.045714     0.017143     0.466759     0.787586     0.000502
    -0.040000    -0.028571     0.451520     0.787586     0.000000
    -0.040000     0.028571     0.451520     0.787586     0.000195
     0.040000    -0.028571     0.462949     0.787586     0.000215
     0.040000     0.028571     0.462949     0.787586     0.000022
     0.045714    -0.017143     0.447711     0.787586     0.000528
     0.045714     0.017143     0.447711     0.787586     0.000764


    -0.045714    -0.017143     0.466759     0.788276     0.000592
    -0.045714     0.017143     0.466759     0.788276     0.000385
    -0.040000    -0.028571     0.451520     0.788276     0.000015
    -0.040000     0.028571     0.451520     0.788276     0.000210
     0.040000    -0.028571     0.462949     0.788276     0.000230
     0.040000     0.028571     0.462949     0.788276     0.000038
     0.045714    -0.017143     0.447711     0.788276     0.000412
     0.045714     0.017143     0.447711     0.788276     0.000628


    -0.045714    -0.017143     0.466759     0.788966     0.000512
    -0.045714     0.017143     0.466759     0.788966     0.000324
    -0.040000    -0.028571     0.451520     0.788966     0.000076
    -0.040000     0.028571     0.451520     0.788966     0.000270
     0.040000    -0.028571     0.462949     0.788966     0.000291
     0.040000     0.028571     0.462949     0.788966     0.000098
     0.045714    -0.017143     0.447711     0.788966     0.000352
     0.045714     0.017143     0.447711     0.788966     0.000548


    -0.045714    -0.017143     0.466759     0.789655     0.000438
    -0.045714     0.017143     0.466759     0.789655     0.000269
    -0.040000    -0.028571     0.451520     0.789655     0.000131
    -0.040000     0.028571     0.451520     0.789655     0.000325
     0.040000    -0.028571     0.462949     0.789655     0.000346
     0.040000     0.028571     0.462949     0.789655     0.000153
     0.045714    -0.017143     0.447711     0.789655     0.000297
     0.045714     0.017143     0.447711     0.789655     0.000474


    -0.045714    -0.017143     0.466759     0.790345     0.000369
    -0.045714     0.017143     0.466759     0.790345     0.000218
    -0.040000    -0.028571     0.451520     0.790345     0.000182
    -0.040000     0.028571     0.451520     0.790345     0.000375
     0.040000    -0.028571     0.462949     0.790345     0.000396
     0.040000     0.028571     0.462949     0.790345     0.000204
     0.045714    -0.017143     0.447711     0.790345     0.000246
     0.045714     0.017143     0.447711     0.790345     0.000405


    -0.045714    -0.017143     0.466759     0.791034     0.000305
    -0.045714     0.017143     0.466759     0.791034     0.000171
    -0.040000    -0.028571     0.451520     0.791034     0.000228
    -0.040000     0.028571     0.451520     0.791034     0.000422
    -0.028571     0.040000     0.438187     0.791034     0.000785
    -0.028571     0.040000     0.440092     0.791034     0.000919
     0.028571    -0.040000     0.474378     0.791034     0.000913
     0.028571    -0.040000     0.476282     0.791034     0.000766
     0.040000    -0.028571     0.462949     0.791034     0.000443
     0.040000     0.028571     0.462949     0.791034     0.000251
     0.045714    -0.017143     0.447711     0.791034     0.000199
     0.045714     0.017143     0.447711     0.791034     0.000342


    -0.045714    -0.017143     0.466759     0.791724     0.000245
    -0.045714     0.017143     0.466759     0.791724     0.000128
    -0.040000    -0.028571     0.451520     0.791724     0.000271
    -0.040000     0.028571     0.451520     0.791724     0.000464
    -0.028571     0.040000     0.438187     0.791724     0.000418
    -0.028571     0.040000     0.440092     0.791724     0.000618
     0.028571    -0.040000     0.474378     0.791724     0.000612
     0.028571    -0.040000     0.476282     0.791724     0.000399
     0.040000    -0.028571     0.462949     0.791724     0.000485
     0.040000     0.028571     0.462949     0.791724     0.000293
     0.045714    -0.017143     0.447711     0.791724     0.000157
     0.045714     0.017143     0.447711     0.791724     0.000283


    -0.045714    -0.017143     0.466759     0.792414     0.000346
    -0.045714     0.017143     0.466759     0.792414     0.000244
    -0.040000    -0.028571     0.451520     0.792414     0.000466
    -0.040000     0.028571     0.451520     0.792414     0.000659
    -0.028571     0.040000     0.438187     0.792414     0.000215
    -0.028571     0.040000     0.440092     0.792414     0.000481
     0.028571    -0.040000     0.474378     0.792414     0.000477
     0.028571    -0.040000     0.476282     0.792414     0.000196
     0.040000    -0.028571     0.462949     0.792414     0.000680
     0.040000     0.028571     0.462949     0.792414     0.000488
     0.045714    -0.017143     0.447711     0.792414     0.000273
     0.045714     0.017143     0.447711     0.792414     0.000384


    -0.045714    -0.017143     0.466759     0.793103     0.000452
    -0.045714     0.017143     0.466759     0.793103     0.000364
    -0.040000    -0.028571     0.451520     0.793103     0.000659
    -0.040000     0.028571     0.451520     0.793103     0.000852
    -0.028571     0.040000     0.438187     0.793103     0.000020
    -0.028571     0.040000     0.440092     0.793103     0.000355
     0.028571    -0.040000     0.474378     0.793103     0.000351
     0.028571    -0.040000     0.476282     0.793103     0.000002
     0.040000    -0.028571     0.462949     0.793103     0.000873
     0.040000     0.028571     0.462949     0.793103     0.000681
     0.045714    -0.017143     0.447711     0.793103     0.000393
     0.045714     0.017143     0.447711     0.793103     0.000489


    -0.045714    -0.017143     0.466759     0.793793     0.000743
    -0.045714     0.017143     0.466759     0.793793     0.000669
    -0.028571     0.040000     0.438187     0.793793     0.000018
    -0.028571     0.040000     0.440092     0.793793     0.000421
     0.028571    -0.040000     0.474378     0.793793     0.000418
     0.028571    -0.040000     0.476282     0.793793     0.000000
     0.045714    -0.017143     0.447711     0.793793     0.000698
     0.045714     0.017143     0.447711     0.793793     0.000780


    -0.045714     0.017143     0.466759     0.794483     0.000968
    -0.028571     0.040000     0.438187     0.794483     0.000017
    -0.028571     0.040000     0.440092     0.794483     0.000489
     0.028571    -0.040000     0.474378     0.794483     0.000487
     0.028571    -0.040000     0.476282     0.794483     0.000000
     0.045714    -0.017143     0.447711     0.794483     0.000997


    -0.028571     0.040000     0.438187     0.795172     0.000016
    -0.028571     0.040000     0.440092     0.795172     0.000557
     0.028571    -0.040000     0.474378     0.795172     0.000556
     0.028571    -0.040000     0.476282     0.795172     0.000000


    -0.028571     0.040000     0.438187     0.795862     0.000016
    -0.028571     0.040000     0.440092     0.795862     0.000625
     0.028571    -0.040000     0.474378     0.795862     0.000624
     0.028571    -0.040000     0.476282     0.795862     0.000000


    -0.028571     0.040000     0.438187     0.796552     0.000015
    -0.028571     0.040000     0.440092     0.796552     0.000691
     0.028571    -0.040000     0.474378     0.796552     0.000691
     0.028571    -0.040000     0.476282     0.796552     0.000000


    -0.028571     0.040000     0.438187     0.797241     0.000014
    -0.028571     0.040000     0.440092     0.797241     0.000755
     0.028571    -0.040000     0.474378     0.797241     0.000756
     0.028571    -0.040000     0.476282     0.797241     0.000000


    -0.028571     0.040000     0.438187     0.797931     0.000013
    -0.028571     0.040000     0.440092     0.797931     0.000818
     0.028571    -0.040000     0.474378     0.797931     0.000819
     0.028571    -0.040000     0.476282     0.797931     0.000000


    -0.028571     0.040000     0.438187     0.798621     0.000013
    -0.028571     0.040000     0.440092     0.798621     0.000878
     0.028571    -0.040000     0.474378     0.798621     0.000880
     0.028571    -0.040000     0.476282     0.798621     0.000000


    -0.028571     0.040000     0.438187     0.799310     0.000012
    -0.028571     0.040000     0.440092     0.799310     0.000935
     0.028571    -0.040000     0.474378     0.799310     0.000938
     0.028571    -0.040000     0.476282     0.799310     0.000000


    -0.028571     0.040000     0.438187     0.800000     0.000011
    -0.028571     0.040000     0.440092     0.800000     0.000990
     0.028571    -0.040000     0.474378     0.800000     0.000993
     0.028571    -0.040000     0.476282     0.800000     0.000000


    -0.045246    -0.019672     0.463792     0.780000     0.000839
    -0.039344    -0.029508     0.450022     0.780000     0.000001
    -0.039344    -0.029508     0.450677     0.780000     0.000386
    -0.039344     0.029508     0.450022     0.780000     0.000122
    -0.039344     0.029508     0.450677     0.780000     0.000418
     0.039344    -0.029508     0.463792     0.780000     0.000440
     0.039344    -0.029508     0.464448     0.780000     0.000132
     0.039344     0.029508     0.463792     0.780000     0.000417
     0.039344     0.029508     0.464448     0.780000     0.000007
     0.045246     0.019672     0.450677     0.780000     0.000861


    -0.049180    -0.007869     0.474284     0.783333     0.000848
    -0.049180    -0.007869     0.474940     0.783333     0.000695
    -0.049180     0.007869     0.474284     0.783333     0.000772
    -0.049180     0.007869     0.474940     0.783333     0.000546
    -0.047213    -0.013770     0.469694     0.783333     0.000492
    -0.047213    -0.013770     0.470349     0.783333     0.000909
    -0.047213     0.013770     0.469038     0.783333     0.000930
    -0.047213     0.013770     0.469694     0.783333     0.000193
    -0.047213     0.013770     0.470349     0.783333     0.000566
    -0.039344    -0.029508     0.449366     0.783333     0.000989
    -0.039344    -0.029508     0.450022     0.783333     0.000216
    -0.039344    -0.029508     0.450677     0.783333     0.000529
    -0.039344     0.029508     0.450022     0.783333     0.000381
    -0.039344     0.029508     0.450677     0.783333     0.000643
    -0.015738    -0.047213     0.440186     0.783333     0.000720
    -0.015738    -0.047213     0.440841     0.783333     0.000003
    -0.015738    -0.047213     0.441497     0.783333     0.000557
    -0.015738     0.047213     0.440841     0.783333     0.000116
    -0.015738     0.047213     0.441497     0.783333     0.000233
     0.015738    -0.047213     0.472972     0.783333     0.000239
     0.015738    -0.047213     0.473628     0.783333     0.000112
     0.015738     0.047213     0.472972     0.783333     0.000564
     0.015738     0.047213     0.473628     0.783333     0.000004
     0.015738     0.047213     0.474284     0.783333     0.000715
     0.039344    -0.029508     0.463792     0.783333     0.000666
     0.039344    -0.029508     0.464448     0.783333     0.000398
     0.039344     0.029508     0.463792     0.783333     0.000558
     0.039344     0.029508     0.464448     0.783333     0.000232
     0.039344     0.029508     0.465104     0.783333     0.000987
     0.047213    -0.013770     0.444120     0.783333     0.000583
     0.047213    -0.013770     0.444776     0.783333     0.000200
     0.047213    -0.013770     0.445431     0.783333     0.000926
     0.047213     0.013770     0.444120     0.783333     0.000929
     0.047213     0.013770     0.444776     0.783333     0.000500
     0.049180    -0.007869     0.439530     0.783333     0.000520
     0.049180    -0.007869     0.440186     0.783333     0.000736
     0.049180     0.007869     0.439530     0.783333     0.000666
     0.049180     0.007869     0.440186     0.783333     0.000809


    -0.049180    -0.007869     0.474940     0.786667     0.000627
    -0.049180     0.007869     0.474940     0.786667     0.000488
    -0.015738    -0.047213     0.440186     0.786667     0.000924
    -0.015738    -0.047213     0.440841     0.786667     0.000001
    -0.015738     0.047213     0.440841     0.786667     0.000305
    -0.015738     0.047213     0.441497     0.786667     0.000917
     0.015738    -0.047213     0.472972     0.786667     0.000932
     0.015738    -0.047213     0.473628     0.786667     0.000307
     0.015738     0.047213     0.473628     0.786667     0.000006
     0.015738     0.047213     0.474284     0.786667     0.000916
     0.049180    -0.007869     0.439530     0.786667     0.000459
     0.049180     0.007869     0.439530     0.786667     0.000597


    -0.049180    -0.007869     0.474940     0.790000     0.000035
    -0.049180     0.007869     0.474940     0.790000     0.000176
    -0.015738    -0.047213     0.440841     0.790000     0.000707
     0.015738     0.047213     0.473628     0.790000     0.000713
     0.049180    -0.007869     0.439530     0.790000     0.000163
     0.049180     0.007869     0.439530     0.790000     0.000000


    -0.049180    -0.007869     0.474940     0.793333     0.000010
    -0.049180    -0.007869     0.475595     0.793333     0.000451
    -0.049180     0.007869     0.474940     0.793333     0.000182
    -0.049180     0.007869     0.475595     0.793333     0.000486
    -0.021639    -0.045246     0.437563     0.793333     0.000093
    -0.021639     0.045246     0.437563     0.793333     0.000917
    -0.015738    -0.047213     0.440186     0.793333     0.000750
    -0.015738    -0.047213     0.440841     0.793333     0.000778
    -0.015738     0.047213     0.440841     0.793333     0.000950
     0.015738    -0.047213     0.473628     0.793333     0.000961
     0.015738     0.047213     0.473628     0.793333     0.000781
     0.015738     0.047213     0.474284     0.793333     0.000744
     0.021639    -0.045246     0.476907     0.793333     0.000932
     0.021639     0.045246     0.476907     0.793333     0.000097
     0.049180    -0.007869     0.438874     0.793333     0.000519
     0.049180    -0.007869     0.439530     0.793333     0.000202
     0.049180     0.007869     0.438874     0.793333     0.000490
     0.049180     0.007869     0.439530     0.793333     0.000036


    -0.027541     0.041311     0.437563     0.796667     0.000315
    -0.027541     0.041311     0.438218     0.796667     0.000668
    -0.021639    -0.045246     0.437563     0.796667     0.000224
    -0.021639     0.045246     0.437563     0.796667     0.000942
     0.021639    -0.045246     0.476907     0.796667     0.000961
     0.021639     0.045246     0.476907     0.796667     0.000229
     0.027541    -0.041311     0.476251     0.796667     0.000670
     0.027541    -0.041311     0.476907     0.796667     0.000302


    -0.027541    -0.041311     0.437563     0.800000     0.000966
    -0.027541     0.041311     0.437563     0.800000     0.000004
    -0.027541     0.041311     0.438218     0.800000     0.000551
    -0.021639    -0.045246     0.437563     0.800000     0.000530
     0.021639     0.045246     0.476907     0.800000     0.000533
     0.027541    -0.041311     0.476251     0.800000     0.000560
     0.027541    -0.041311     0.476907     0.800000     0.000002
     0.027541     0.041311     0.476907     0.800000     0.000971


    -0.027541    -0.041311     0.437563     0.803333     0.000715
    -0.027541     0.041311     0.437563     0.803333     0.000000
    -0.027541     0.041311     0.438218     0.803333     0.000592
    -0.021639    -0.045246     0.437563     0.803333     0.000783
     0.021639     0.045246     0.476907     0.803333     0.000786
     0.027541    -0.041311     0.476251     0.803333     0.000604
     0.027541    -0.041311     0.476907     0.803333     0.000006
     0.027541     0.041311     0.476907     0.803333     0.000720


    -0.027541    -0.041311     0.437563     0.806667     0.000534
    -0.027541     0.041311     0.437563     0.806667     0.000000
    -0.027541     0.041311     0.438218     0.806667     0.000594
    -0.021639    -0.045246     0.437563     0.806667     0.000898
     0.021639     0.045246     0.476907     0.806667     0.000901
     0.027541    -0.041311     0.476251     0.806667     0.000608
     0.027541    -0.041311     0.476907     0.806667     0.000009
     0.027541     0.041311     0.476907     0.806667     0.000540


    -0.027541    -0.041311     0.437563     0.810000     0.000414
    -0.027541    -0.041311     0.438218     0.810000     0.000997
    -0.027541     0.041311     0.437563     0.810000     0.000000
    -0.027541     0.041311     0.438218     0.810000     0.000589
    -0.021639    -0.045246     0.437563     0.810000     0.000959
     0.021639     0.045246     0.476907     0.810000     0.000962
     0.027541    -0.041311     0.476251     0.810000     0.000604
     0.027541    -0.041311     0.476907     0.810000     0.000011
     0.027541     0.041311     0.476907     0.810000     0.000420


    -0.049901    -0.003564     0.476641     0.793000     0.000914
    -0.049901    -0.003564     0.477037     0.793000     0.000285
    -0.049901    -0.002376     0.477037     0.793000     0.000373
    -0.049901    -0.001188     0.477037     0.793000     0.000822
    -0.049901     0.000000     0.477037     0.793000     0.000979
    -0.049901     0.001188     0.477037     0.793000     0.000804
    -0.049901     0.002376     0.477037     0.793000     0.000344
    -0.049901     0.003564     0.476641     0.793000     0.000978
    -0.049901     0.003564     0.477037     0.793000     0.000326
    -0.032079    -0.038020     0.439809     0.793000     0.000741
    -0.032079     0.038020     0.439809     0.793000     0.000928
    -0.030891    -0.039208     0.438621     0.793000     0.000207
    -0.030891    -0.039208     0.439017     0.793000     0.000542
    -0.021386    -0.045149     0.437433     0.793000     0.000711
    -0.021386    -0.045149     0.437829     0.793000     0.000791
    -0.021386     0.045149     0.437433     0.793000     0.000858
    -0.021386     0.045149     0.437829     0.793000     0.000585
    -0.017822     0.046337     0.439413     0.793000     0.000918
    -0.017822     0.046337     0.439809     0.793000     0.000921
     0.017822    -0.046337     0.474660     0.793000     0.000921
     0.017822    -0.046337     0.475056     0.793000     0.000905
     0.021386    -0.045149     0.476641     0.793000     0.000593
     0.021386    -0.045149     0.477037     0.793000     0.000849
     0.021386     0.045149     0.476641     0.793000     0.000802
     0.021386     0.045149     0.477037     0.793000     0.000710
     0.030891     0.039208     0.475453     0.793000     0.000557
     0.030891     0.039208     0.475849     0.793000     0.000196
     0.032079    -0.038020     0.474660     0.793000     0.000945
     0.032079     0.038020     0.474660     0.793000     0.000748
     0.049901    -0.003564     0.437433     0.793000     0.000301
     0.049901    -0.003564     0.437829     0.793000     0.000950
     0.049901    -0.002376     0.437433     0.793000     0.000312
     0.049901    -0.001188     0.437433     0.793000     0.000783
     0.049901     0.000000     0.437433     0.793000     0.000961
     0.049901     0.001188     0.437433     0.793000     0.000802
     0.049901     0.002376     0.437433     0.793000     0.000342
     0.049901     0.003564     0.437433     0.793000     0.000256
     0.049901     0.003564     0.437829     0.793000     0.000883


    -0.049901    -0.003564     0.477037     0.798500     0.000736
    -0.049901    -0.002376     0.477037     0.798500     0.000525
    -0.049901    -0.001188     0.477037     0.798500     0.000592
    -0.049901     0.000000     0.477037     0.798500     0.000650
    -0.049901     0.001188     0.477037     0.798500     0.000611
    -0.049901     0.002376     0.477037     0.798500     0.000575
    -0.049901     0.003564     0.477037     0.798500     0.000828
    -0.027327     0.041584     0.437433     0.798500     0.000040
    -0.027327     0.041584     0.437829     0.798500     0.000402
    -0.023762    -0.043960     0.437433     0.798500     0.000530
    -0.023762     0.043960     0.437433     0.798500     0.000288
    -0.021386    -0.045149     0.437433     0.798500     0.000135
    -0.021386    -0.045149     0.437829     0.798500     0.000595
    -0.021386     0.045149     0.437433     0.798500     0.000302
    -0.021386     0.045149     0.437829     0.798500     0.000543
     0.021386    -0.045149     0.476641     0.798500     0.000561
     0.021386    -0.045149     0.477037     0.798500     0.000313
     0.021386     0.045149     0.476641     0.798500     0.000603
     0.021386     0.045149     0.477037     0.798500     0.000136
     0.023762    -0.043960     0.477037     0.798500     0.000309
     0.023762     0.043960     0.477037     0.798500     0.000542
     0.027327    -0.041584     0.476641     0.798500     0.000412
     0.027327    -0.041584     0.477037     0.798500     0.000040
     0.049901    -0.003564     0.437433     0.798500     0.000846
     0.049901    -0.002376     0.437433     0.798500     0.000595
     0.049901    -0.001188     0.437433     0.798500     0.000629
     0.049901     0.000000     0.437433     0.798500     0.000668
     0.049901     0.001188     0.437433     0.798500     0.000611
     0.049901     0.002376     0.437433     0.798500     0.000546
     0.049901     0.003564     0.437433     0.798500     0.000757


    -0.049901    -0.003564     0.477037     0.804000     0.000980
    -0.049901    -0.002376     0.477037     0.804000     0.000768
    -0.049901    -0.001188     0.477037     0.804000     0.000733
    -0.049901     0.000000     0.477037     0.804000     0.000744
    -0.049901     0.001188     0.477037     0.804000     0.000756
    -0.049901     0.002376     0.477037     0.804000     0.000819
    -0.027327    -0.041584     0.437433     0.804000     0.000475
    -0.027327    -0.041584     0.437829     0.804000     0.000832
    -0.027327     0.041584     0.437433     0.804000     0.000000
    -0.027327     0.041584     0.437829     0.804000     0.000367
    -0.027327     0.041584     0.438225     0.804000     0.000970
    -0.026139    -0.042772     0.437433     0.804000     0.000950
    -0.024950     0.042772     0.437433     0.804000     0.000849
    -0.023762    -0.043960     0.437433     0.804000     0.000463
    -0.023762     0.043960     0.437433     0.804000     0.000378
    -0.021386    -0.045149     0.437433     0.804000     0.000354
    -0.021386    -0.045149     0.437829     0.804000     0.000744
    -0.021386     0.045149     0.437433     0.804000     0.000452
    -0.021386     0.045149     0.437829     0.804000     0.000743
     0.021386    -0.045149     0.476641     0.804000     0.000758
     0.021386    -0.045149     0.477037     0.804000     0.000464
     0.021386     0.045149     0.476641     0.804000     0.000748
     0.021386     0.045149     0.477037     0.804000     0.000355
     0.023762    -0.043960     0.477037     0.804000     0.000396
     0.023762     0.043960     0.477037     0.804000     0.000470
     0.024950    -0.042772     0.477037     0.804000     0.000848
     0.026139     0.042772     0.477037     0.804000     0.000959
     0.027327    -0.041584     0.476245     0.804000     0.000987
     0.027327    -0.041584     0.476641     0.804000     0.000382
     0.027327    -0.041584     0.477037     0.804000     0.000011
     0.027327     0.041584     0.476641     0.804000     0.000842
     0.027327     0.041584     0.477037     0.804000     0.000481
     0.049901    -0.002376     0.437433     0.804000     0.000842
     0.049901    -0.001188     0.437433     0.804000     0.000779
     0.049901     0.000000     0.437433     0.804000     0.000767
     0.049901     0.001188     0.437433     0.804000     0.000757
     0.049901     0.002376     0.437433     0.804000     0.000792


    -0.049901    -0.002376     0.477037     0.809500     0.000843
    -0.049901    -0.001188     0.477037     0.809500     0.000777
    -0.049901     0.000000     0.477037     0.809500     0.000773
    -0.049901     0.001188     0.477037     0.809500     0.000802
    -0.049901     0.002376     0.477037     0.809500     0.000894
    -0.028515     0.040396     0.437433     0.809500     0.000781
    -0.028515     0.040396     0.437829     0.809500     0.000725
    -0.028515     0.040396     0.438225     0.809500     0.000847
    -0.027327    -0.041584     0.437433     0.809500     0.000289
    -0.027327    -0.041584     0.437829     0.809500     0.000649
    -0.027327     0.041584     0.437433     0.809500     0.000013
    -0.027327     0.041584     0.437829     0.809500     0.000367
    -0.027327     0.041584     0.438225     0.809500     0.000878
    -0.026139    -0.042772     0.437433     0.809500     0.000885
    -0.024950     0.042772     0.437433     0.809500     0.000336
    -0.024950     0.042772     0.437829     0.809500     0.000610
    -0.023762    -0.043960     0.437433     0.809500     0.000448
    -0.023762     0.043960     0.437433     0.809500     0.000412
    -0.023762     0.043960     0.437829     0.809500     0.000956
    -0.022574     0.043960     0.437433     0.809500     0.000802
    -0.022574     0.043960     0.437829     0.809500     0.000893
    -0.021386    -0.045149     0.437433     0.809500     0.000424
    -0.021386    -0.045149     0.437829     0.809500     0.000790
    -0.021386     0.045149     0.437433     0.809500     0.000501
    -0.021386     0.045149     0.437829     0.809500     0.000804
     0.021386    -0.045149     0.476641     0.809500     0.000818
     0.021386    -0.045149     0.477037     0.809500     0.000514
     0.021386     0.045149     0.476641     0.809500     0.000794
     0.021386     0.045149     0.477037     0.809500     0.000425
     0.022574    -0.043960     0.476641     0.809500     0.000895
     0.022574    -0.043960     0.477037     0.809500     0.000802
     0.023762    -0.043960     0.476641     0.809500     0.000974
     0.023762    -0.043960     0.477037     0.809500     0.000429
     0.023762     0.043960     0.477037     0.809500     0.000454
     0.024950    -0.042772     0.476641     0.809500     0.000617
     0.024950    -0.042772     0.477037     0.809500     0.000341
     0.026139     0.042772     0.477037     0.809500     0.000892
     0.027327    -0.041584     0.476245     0.809500     0.000896
     0.027327    -0.041584     0.476641     0.809500     0.000383
     0.027327    -0.041584     0.477037     0.809500     0.000026
     0.027327     0.041584     0.476641     0.809500     0.000657
     0.027327     0.041584     0.477037     0.809500     0.000295
     0.028515    -0.040396     0.476245     0.809500     0.000855
     0.028515    -0.040396     0.476641     0.809500     0.000731
     0.028515    -0.040396     0.477037     0.809500     0.000783
     0.049901    -0.002376     0.437433     0.809500     0.000919
     0.049901    -0.001188     0.437433     0.809500     0.000826
     0.049901     0.000000     0.437433     0.809500     0.000798
     0.049901     0.001188     0.437433     0.809500     0.000803
     0.049901     0.002376     0.437433     0.809500     0.000869


    -0.049901    -0.002376     0.477037     0.815000     0.000999
    -0.049901    -0.001188     0.477037     0.815000     0.000920
    -0.049901     0.000000     0.477037     0.815000     0.000908
    -0.049901     0.001188     0.477037     0.815000     0.000944
    -0.028515     0.040396     0.437433     0.815000     0.000550
    -0.028515     0.040396     0.437829     0.815000     0.000595
    -0.028515     0.040396     0.438225     0.815000     0.000773
    -0.027327    -0.041584     0.437433     0.815000     0.000326
    -0.027327    -0.041584     0.437829     0.815000     0.000681
    -0.027327     0.041584     0.437433     0.815000     0.000142
    -0.027327     0.041584     0.437829     0.815000     0.000489
    -0.027327     0.041584     0.438225     0.815000     0.000953
    -0.026139    -0.042772     0.437433     0.815000     0.000971
    -0.024950    -0.042772     0.437433     0.815000     0.000711
    -0.024950     0.042772     0.437433     0.815000     0.000206
    -0.024950     0.042772     0.437829     0.815000     0.000503
    -0.024950     0.042772     0.438225     0.815000     0.000921
    -0.023762    -0.043960     0.437433     0.815000     0.000563
    -0.023762     0.043960     0.437433     0.815000     0.000549
    -0.022574     0.043960     0.437433     0.815000     0.000518
    -0.022574     0.043960     0.437829     0.815000     0.000676
    -0.022574     0.043960     0.438225     0.815000     0.000962
    -0.021386    -0.045149     0.437433     0.815000     0.000578
    -0.021386    -0.045149     0.437829     0.815000     0.000933
    -0.021386     0.045149     0.437433     0.815000     0.000645
    -0.021386     0.045149     0.437829     0.815000     0.000953
    -0.020198     0.045149     0.437433     0.815000     0.000915
    -0.020198     0.045149     0.437829     0.815000     0.000862
    -0.020198     0.045149     0.438225     0.815000     0.000939
     0.020198    -0.045149     0.476245     0.815000     0.000944
     0.020198    -0.045149     0.476641     0.815000     0.000864
     0.020198    -0.045149     0.477037     0.815000     0.000915
     0.021386    -0.045149     0.476641     0.815000     0.000967
     0.021386    -0.045149     0.477037     0.815000     0.000658
     0.021386     0.045149     0.476641     0.815000     0.000936
     0.021386     0.045149     0.477037     0.815000     0.000580
     0.022574    -0.043960     0.476245     0.815000     0.000969
     0.022574    -0.043960     0.476641     0.815000     0.000682
     0.022574    -0.043960     0.477037     0.815000     0.000521
     0.023762    -0.043960     0.477037     0.815000     0.000565
     0.023762     0.043960     0.477037     0.815000     0.000568
     0.024950    -0.042772     0.476245     0.815000     0.000933
     0.024950    -0.042772     0.476641     0.815000     0.000513
     0.024950    -0.042772     0.477037     0.815000     0.000214
     0.024950     0.042772     0.477037     0.815000     0.000716
     0.026139     0.042772     0.477037     0.815000     0.000978
     0.027327    -0.041584     0.476245     0.815000     0.000970
     0.027327    -0.041584     0.476641     0.815000     0.000505
     0.027327    -0.041584     0.477037     0.815000     0.000157
     0.027327     0.041584     0.476641     0.815000     0.000689
     0.027327     0.041584     0.477037     0.815000     0.000332
     0.028515    -0.040396     0.476245     0.815000     0.000784
     0.028515    -0.040396     0.476641     0.815000     0.000604
     0.028515    -0.040396     0.477037     0.815000     0.000557
     0.049901    -0.001188     0.437433     0.815000     0.000970
     0.049901     0.000000     0.437433     0.815000     0.000934
     0.049901     0.001188     0.437433     0.815000     0.000946


