    -0.050976    -0.002683     0.478698     0.770000     0.000537
    -0.050976     0.000000     0.477357     0.770000     0.000684
    -0.050976     0.000000     0.478698     0.770000     0.000027
    -0.050976     0.000000     0.480040     0.770000     0.000972
    -0.050976     0.002683     0.478698     0.770000     0.000558
    -0.048293    -0.013415     0.469308     0.770000     0.000587
    -0.048293    -0.010732     0.470649     0.770000     0.000973
    -0.048293    -0.010732     0.474674     0.770000     0.000774
    -0.048293     0.013415     0.469308     0.770000     0.000288
    -0.048293     0.013415     0.473332     0.770000     0.000986
    -0.045610    -0.018780     0.462601     0.770000     0.000964
    -0.045610     0.018780     0.462601     0.770000     0.000804
    -0.045610     0.018780     0.467966     0.770000     0.000890
    -0.040244    -0.029512     0.449186     0.770000     0.000511
    -0.040244    -0.029512     0.451869     0.770000     0.000583
    -0.040244     0.026829     0.453210     0.770000     0.000409
    -0.040244     0.026829     0.454552     0.770000     0.000599
    -0.040244     0.029512     0.449186     0.770000     0.000207
    -0.040244     0.029512     0.450527     0.770000     0.000711
    -0.040244     0.029512     0.451869     0.770000     0.000069
    -0.037561    -0.032195     0.443820     0.770000     0.000660
    -0.037561     0.032195     0.443820     0.770000     0.000663
    -0.034878    -0.034878     0.441137     0.770000     0.000614
    -0.034878     0.034878     0.441137     0.770000     0.000188
    -0.034878     0.034878     0.446503     0.770000     0.000832
    -0.032195    -0.037561     0.439796     0.770000     0.000513
    -0.032195    -0.037561     0.442479     0.770000     0.000116
    -0.032195     0.037561     0.442479     0.770000     0.000723
    -0.029512    -0.040244     0.437113     0.770000     0.000415
    -0.029512    -0.040244     0.438454     0.770000     0.000939
    -0.029512    -0.040244     0.439796     0.770000     0.000351
    -0.029512     0.040244     0.437113     0.770000     0.000248
    -0.029512     0.040244     0.439796     0.770000     0.000623
    -0.026829    -0.042927     0.435771     0.770000     0.000901
    -0.026829    -0.042927     0.437113     0.770000     0.000375
    -0.026829     0.042927     0.437113     0.770000     0.000923
    -0.021463    -0.045610     0.437113     0.770000     0.000193
    -0.021463    -0.045610     0.438454     0.770000     0.000418
    -0.021463     0.045610     0.437113     0.770000     0.000570
    -0.021463     0.045610     0.438454     0.770000     0.000613
    -0.013415    -0.048293     0.443820     0.770000     0.000639
    -0.013415     0.048293     0.441137     0.770000     0.000324
    -0.013415     0.048293     0.443820     0.770000     0.000666
    -0.010732    -0.048293     0.442479     0.770000     0.000765
    -0.010732    -0.048293     0.447844     0.770000     0.000822
    -0.010732     0.048293     0.447844     0.770000     0.000004
    -0.008049    -0.048293     0.446503     0.770000     0.000665
    -0.008049     0.048293     0.446503     0.770000     0.000464
    -0.008049     0.048293     0.450527     0.770000     0.000260
    -0.005366    -0.048293     0.450527     0.770000     0.000116
    -0.005366    -0.048293     0.451869     0.770000     0.000255
    -0.005366     0.048293     0.450527     0.770000     0.000267
    -0.005366     0.048293     0.451869     0.770000     0.000325
    -0.002683     0.048293     0.454552     0.770000     0.000861
     0.002683    -0.048293     0.459918     0.770000     0.000911
     0.005366    -0.048293     0.461259     0.770000     0.000642
     0.005366    -0.048293     0.462601     0.770000     0.000211
     0.005366    -0.048293     0.463942     0.770000     0.000588
     0.005366     0.048293     0.462601     0.770000     0.000167
     0.005366     0.048293     0.463942     0.770000     0.000538
     0.008049    -0.048293     0.463942     0.770000     0.000154
     0.008049    -0.048293     0.466625     0.770000     0.000823
     0.008049     0.048293     0.463942     0.770000     0.000672
     0.008049     0.048293     0.465283     0.770000     0.000956
     0.008049     0.048293     0.466625     0.770000     0.000807
     0.010732    -0.048293     0.466625     0.770000     0.000078
     0.010732    -0.048293     0.470649     0.770000     0.000960
     0.010732     0.048293     0.466625     0.770000     0.000718
     0.010732     0.048293     0.470649     0.770000     0.000499
     0.013415     0.048293     0.470649     0.770000     0.000892
     0.013415     0.048293     0.471991     0.770000     0.000677
     0.042927    -0.024146     0.455893     0.770000     0.000162
     0.042927    -0.024146     0.457235     0.770000     0.000220
     0.042927     0.024146     0.455893     0.770000     0.000192
     0.042927     0.024146     0.457235     0.770000     0.000266
     0.042927     0.024146     0.458576     0.770000     0.000917
     0.045610    -0.018780     0.450527     0.770000     0.000881
     0.045610     0.018780     0.450527     0.770000     0.000969


    -0.050976    -0.002683     0.477357     0.771458     0.000751
    -0.050976    -0.002683     0.478698     0.771458     0.000141
    -0.050976     0.000000     0.477357     0.771458     0.000362
    -0.050976     0.000000     0.478698     0.771458     0.000459
    -0.050976     0.000000     0.480040     0.771458     0.000487
    -0.050976     0.002683     0.477357     0.771458     0.000794
    -0.050976     0.002683     0.478698     0.771458     0.000167
    -0.048293    -0.013415     0.469308     0.771458     0.000558
    -0.048293     0.013415     0.469308     0.771458     0.000249
    -0.045610    -0.018780     0.462601     0.771458     0.000838
    -0.045610    -0.018780     0.467966     0.771458     0.000969
    -0.045610     0.018780     0.462601     0.771458     0.000663
    -0.045610     0.018780     0.467966     0.771458     0.000854
    -0.042927    -0.024146     0.459918     0.771458     0.000968
    -0.042927     0.024146     0.455893     0.771458     0.000925
    -0.042927     0.024146     0.459918     0.771458     0.000941
    -0.040244    -0.029512     0.449186     0.771458     0.000399
    -0.040244    -0.029512     0.451869     0.771458     0.000403
    -0.040244    -0.026829     0.453210     0.771458     0.000991
    -0.040244     0.026829     0.453210     0.771458     0.000306
    -0.040244     0.026829     0.454552     0.771458     0.000510
    -0.040244     0.029512     0.449186     0.771458     0.000307
    -0.040244     0.029512     0.450527     0.771458     0.000540
    -0.040244     0.029512     0.451869     0.771458     0.000235
    -0.037561    -0.032195     0.443820     0.771458     0.000424
    -0.037561     0.032195     0.443820     0.771458     0.000439
    -0.034878    -0.034878     0.441137     0.771458     0.000158
    -0.034878     0.034878     0.441137     0.771458     0.000276
    -0.034878     0.034878     0.446503     0.771458     0.000623
    -0.032195    -0.037561     0.442479     0.771458     0.000572
    -0.032195     0.037561     0.438454     0.771458     0.000745
    -0.029512    -0.040244     0.437113     0.771458     0.000315
    -0.029512    -0.040244     0.439796     0.771458     0.000955
    -0.029512     0.040244     0.437113     0.771458     0.000488
    -0.026829    -0.042927     0.435771     0.771458     0.000206
    -0.026829    -0.042927     0.437113     0.771458     0.000265
    -0.026829     0.042927     0.435771     0.771458     0.000834
    -0.026829     0.042927     0.437113     0.771458     0.000323
    -0.021463    -0.045610     0.435771     0.771458     0.000932
    -0.021463    -0.045610     0.437113     0.771458     0.000539
    -0.021463    -0.045610     0.438454     0.771458     0.000206
    -0.021463     0.045610     0.437113     0.771458     0.000128
    -0.021463     0.045610     0.438454     0.771458     0.000005
    -0.018780     0.045610     0.439796     0.771458     0.000846
    -0.013415    -0.048293     0.439796     0.771458     0.000830
    -0.013415     0.048293     0.441137     0.771458     0.000862
    -0.010732    -0.048293     0.442479     0.771458     0.000233
    -0.010732    -0.048293     0.447844     0.771458     0.000499
    -0.010732     0.048293     0.442479     0.771458     0.000840
    -0.010732     0.048293     0.447844     0.771458     0.000345
    -0.008049    -0.048293     0.450527     0.771458     0.000879
    -0.008049     0.048293     0.446503     0.771458     0.000984
    -0.008049     0.048293     0.450527     0.771458     0.000101
    -0.005366    -0.048293     0.449186     0.771458     0.000684
    -0.005366    -0.048293     0.450527     0.771458     0.000577
    -0.005366    -0.048293     0.451869     0.771458     0.000162
    -0.005366     0.048293     0.449186     0.771458     0.000927
    -0.005366     0.048293     0.450527     0.771458     0.000733
    -0.005366     0.048293     0.451869     0.771458     0.000763
    -0.005366     0.048293     0.453210     0.771458     0.000851
    -0.002683    -0.048293     0.453210     0.771458     0.000709
    -0.002683    -0.048293     0.454552     0.771458     0.000785
    -0.002683     0.048293     0.453210     0.771458     0.000767
    -0.002683     0.048293     0.454552     0.771458     0.000446
     0.000000    -0.048293     0.457235     0.771458     0.001000
     0.000000     0.048293     0.457235     0.771458     0.000913
     0.002683    -0.048293     0.458576     0.771458     0.000966
     0.002683    -0.048293     0.459918     0.771458     0.000450
     0.002683     0.048293     0.459918     0.771458     0.000611
     0.005366    -0.048293     0.461259     0.771458     0.000165
     0.005366    -0.048293     0.462601     0.771458     0.000754
     0.005366    -0.048293     0.463942     0.771458     0.000059
     0.005366     0.048293     0.461259     0.771458     0.000909
     0.005366     0.048293     0.462601     0.771458     0.000355
     0.005366     0.048293     0.463942     0.771458     0.000006
     0.008049    -0.048293     0.463942     0.771458     0.000689
     0.008049    -0.048293     0.467966     0.771458     0.000793
     0.008049     0.048293     0.463942     0.771458     0.000178
     0.008049     0.048293     0.467966     0.771458     0.000440
     0.010732    -0.048293     0.466625     0.771458     0.000466
     0.010732    -0.048293     0.470649     0.771458     0.000312
     0.010732     0.048293     0.466625     0.771458     0.000204
     0.010732     0.048293     0.470649     0.771458     0.000183
     0.013415    -0.048293     0.470649     0.771458     0.000475
     0.013415    -0.048293     0.471991     0.771458     0.000536
     0.013415     0.048293     0.470649     0.771458     0.000306
     0.013415     0.048293     0.471991     0.771458     0.000015
     0.037561    -0.032195     0.466625     0.771458     0.000910
     0.037561    -0.032195     0.467966     0.771458     0.000805
     0.037561     0.032195     0.466625     0.771458     0.000819
     0.037561     0.032195     0.467966     0.771458     0.000676
     0.042927    -0.024146     0.455893     0.771458     0.000519
     0.042927    -0.024146     0.457235     0.771458     0.000931
     0.042927    -0.024146     0.458576     0.771458     0.000379
     0.042927     0.024146     0.455893     0.771458     0.000508
     0.042927     0.024146     0.458576     0.771458     0.000266
     0.045610    -0.018780     0.449186     0.771458     0.000560
     0.045610    -0.018780     0.450527     0.771458     0.000144
     0.045610     0.018780     0.449186     0.771458     0.000709
     0.045610     0.018780     0.450527     0.771458     0.000219


    -0.050976    -0.002683     0.477357     0.772917     0.000341
    -0.050976    -0.002683     0.478698     0.772917     0.000365
    -0.050976    -0.002683     0.480040     0.772917     0.000602
    -0.050976     0.000000     0.477357     0.772917     0.000067
    -0.050976     0.000000     0.478698     0.772917     0.000999
    -0.050976     0.000000     0.480040     0.772917     0.000114
    -0.050976     0.002683     0.477357     0.772917     0.000389
    -0.050976     0.002683     0.478698     0.772917     0.000334
    -0.050976     0.002683     0.480040     0.772917     0.000609
    -0.048293    -0.013415     0.469308     0.772917     0.000635
    -0.048293     0.008049     0.473332     0.772917     0.000889
    -0.048293     0.013415     0.469308     0.772917     0.000318
    -0.045610    -0.018780     0.462601     0.772917     0.000822
    -0.045610    -0.018780     0.467966     0.772917     0.000802
    -0.045610     0.018780     0.462601     0.772917     0.000635
    -0.045610     0.018780     0.467966     0.772917     0.000707
    -0.042927    -0.024146     0.459918     0.772917     0.000918
    -0.042927     0.024146     0.455893     0.772917     0.000854
    -0.042927     0.024146     0.459918     0.772917     0.000871
    -0.040244    -0.029512     0.449186     0.772917     0.000398
    -0.040244    -0.029512     0.451869     0.772917     0.000341
    -0.040244    -0.026829     0.453210     0.772917     0.000760
    -0.040244    -0.026829     0.454552     0.772917     0.000981
    -0.040244     0.026829     0.453210     0.772917     0.000098
    -0.040244     0.026829     0.454552     0.772917     0.000316
    -0.040244     0.029512     0.449186     0.772917     0.000293
    -0.040244     0.029512     0.450527     0.772917     0.000485
    -0.040244     0.029512     0.451869     0.772917     0.000281
    -0.037561    -0.032195     0.443820     0.772917     0.000085
    -0.037561     0.032195     0.443820     0.772917     0.000110
    -0.034878    -0.034878     0.441137     0.772917     0.000412
    -0.034878    -0.034878     0.446503     0.772917     0.000729
    -0.034878     0.034878     0.441137     0.772917     0.000851
    -0.034878     0.034878     0.446503     0.772917     0.000309
    -0.032195    -0.037561     0.438454     0.772917     0.000501
    -0.032195     0.037561     0.438454     0.772917     0.000018
    -0.029512    -0.040244     0.441137     0.772917     0.000822
    -0.029512     0.040244     0.441137     0.772917     0.000545
    -0.026829    -0.042927     0.435771     0.772917     0.000630
    -0.026829    -0.042927     0.438454     0.772917     0.000406
    -0.026829     0.042927     0.435771     0.772917     0.000047
    -0.026829     0.042927     0.437113     0.772917     0.000405
    -0.026829     0.042927     0.438454     0.772917     0.000837
    -0.021463    -0.045610     0.435771     0.772917     0.000075
    -0.021463    -0.045610     0.438454     0.772917     0.000959
    -0.021463     0.045610     0.435771     0.772917     0.000587
    -0.021463     0.045610     0.437113     0.772917     0.000965
    -0.021463     0.045610     0.438454     0.772917     0.000730
    -0.018780    -0.045610     0.439796     0.772917     0.000774
    -0.018780     0.045610     0.439796     0.772917     0.000033
    -0.018780     0.045610     0.441137     0.772917     0.000622
    -0.013415    -0.048293     0.439796     0.772917     0.000180
    -0.013415     0.048293     0.445162     0.772917     0.000966
    -0.010732    -0.048293     0.442479     0.772917     0.000419
    -0.010732    -0.048293     0.447844     0.772917     0.000069
    -0.010732     0.048293     0.442479     0.772917     0.000216
    -0.010732     0.048293     0.447844     0.772917     0.000788
    -0.008049    -0.048293     0.445162     0.772917     0.000868
    -0.008049    -0.048293     0.450527     0.772917     0.000431
    -0.008049     0.048293     0.450527     0.772917     0.000566
    -0.005366    -0.048293     0.449186     0.772917     0.000126
    -0.005366    -0.048293     0.451869     0.772917     0.000685
    -0.005366     0.048293     0.449186     0.772917     0.000378
    -0.005366     0.048293     0.453210     0.772917     0.000376
    -0.002683    -0.048293     0.453210     0.772917     0.000176
    -0.002683    -0.048293     0.454552     0.772917     0.000268
    -0.002683     0.048293     0.453210     0.772917     0.000236
    -0.002683     0.048293     0.454552     0.772917     0.000080
     0.000000    -0.048293     0.455893     0.772917     0.000678
     0.000000    -0.048293     0.457235     0.772917     0.000467
     0.000000     0.048293     0.455893     0.772917     0.000972
     0.000000     0.048293     0.457235     0.772917     0.000378
     0.002683    -0.048293     0.458576     0.772917     0.000418
     0.002683    -0.048293     0.459918     0.772917     0.000124
     0.002683    -0.048293     0.461259     0.772917     0.000854
     0.002683     0.048293     0.458576     0.772917     0.000953
     0.002683     0.048293     0.459918     0.772917     0.000042
     0.002683     0.048293     0.461259     0.772917     0.000625
     0.005366    -0.048293     0.461259     0.772917     0.000425
     0.005366    -0.048293     0.463942     0.772917     0.000587
     0.005366     0.048293     0.461259     0.772917     0.000344
     0.005366     0.048293     0.462601     0.772917     0.000993
     0.005366     0.048293     0.463942     0.772917     0.000644
     0.008049    -0.048293     0.467966     0.772917     0.000096
     0.008049     0.048293     0.463942     0.772917     0.000431
     0.008049     0.048293     0.467966     0.772917     0.000277
     0.010732    -0.048293     0.470649     0.772917     0.000469
     0.010732     0.048293     0.466625     0.772917     0.000427
     0.013415    -0.048293     0.470649     0.772917     0.000225
     0.013415    -0.048293     0.471991     0.772917     0.000223
     0.013415     0.048293     0.470649     0.772917     0.000405
     0.013415     0.048293     0.471991     0.772917     0.000780
     0.013415     0.048293     0.473332     0.772917     0.000577
     0.037561    -0.032195     0.466625     0.772917     0.000075
     0.037561    -0.032195     0.467966     0.772917     0.000083
     0.037561     0.032195     0.466625     0.772917     0.000036
     0.037561     0.032195     0.467966     0.772917     0.000236
     0.040244     0.029512     0.463942     0.772917     0.000777
     0.042927    -0.024146     0.454552     0.772917     0.000671
     0.042927    -0.024146     0.458576     0.772917     0.000378
     0.042927     0.024146     0.454552     0.772917     0.000741
     0.042927     0.024146     0.458576     0.772917     0.000517
     0.045610    -0.018780     0.449186     0.772917     0.000320
     0.045610    -0.018780     0.450527     0.772917     0.000737
     0.045610    -0.018780     0.451869     0.772917     0.000478
     0.045610     0.018780     0.449186     0.772917     0.000181
     0.045610     0.018780     0.450527     0.772917     0.000678
     0.045610     0.018780     0.451869     0.772917     0.000465


    -0.050976    -0.002683     0.477357     0.774375     0.000023
    -0.050976    -0.002683     0.478698     0.774375     0.000824
    -0.050976    -0.002683     0.480040     0.774375     0.000076
    -0.050976     0.000000     0.477357     0.774375     0.000448
    -0.050976     0.000000     0.480040     0.774375     0.000676
    -0.050976     0.002683     0.477357     0.774375     0.000029
    -0.050976     0.002683     0.478698     0.774375     0.000788
    -0.050976     0.002683     0.480040     0.774375     0.000089
    -0.048293    -0.013415     0.469308     0.774375     0.000667
    -0.048293    -0.010732     0.476015     0.774375     0.000993
    -0.048293    -0.008049     0.473332     0.774375     0.000607
    -0.048293    -0.008049     0.474674     0.774375     0.000976
    -0.048293     0.008049     0.473332     0.774375     0.000429
    -0.048293     0.008049     0.474674     0.774375     0.000768
    -0.048293     0.010732     0.476015     0.774375     0.000787
    -0.048293     0.013415     0.469308     0.774375     0.000345
    -0.045610    -0.018780     0.462601     0.774375     0.000768
    -0.045610    -0.018780     0.467966     0.774375     0.000676
    -0.045610     0.018780     0.462601     0.774375     0.000571
    -0.045610     0.018780     0.467966     0.774375     0.000602
    -0.042927    -0.024146     0.455893     0.774375     0.000969
    -0.042927    -0.024146     0.459918     0.774375     0.000833
    -0.042927     0.024146     0.455893     0.774375     0.000750
    -0.042927     0.024146     0.459918     0.774375     0.000768
    -0.040244    -0.029512     0.449186     0.774375     0.000361
    -0.040244    -0.029512     0.451869     0.774375     0.000248
    -0.040244    -0.026829     0.453210     0.774375     0.000574
    -0.040244    -0.026829     0.454552     0.774375     0.000806
    -0.040244     0.026829     0.453210     0.774375     0.000062
    -0.040244     0.026829     0.454552     0.774375     0.000168
    -0.040244     0.029512     0.449186     0.774375     0.000313
    -0.040244     0.029512     0.450527     0.774375     0.000398
    -0.040244     0.029512     0.451869     0.774375     0.000357
    -0.037561    -0.032195     0.443820     0.774375     0.000206
    -0.037561     0.032195     0.443820     0.774375     0.000170
    -0.034878    -0.034878     0.441137     0.774375     0.000936
    -0.034878    -0.034878     0.446503     0.774375     0.000450
    -0.034878     0.034878     0.446503     0.774375     0.000042
    -0.032195    -0.037561     0.438454     0.774375     0.000180
    -0.032195     0.037561     0.438454     0.774375     0.000679
    -0.032195     0.037561     0.443820     0.774375     0.000710
    -0.029512    -0.040244     0.435771     0.774375     0.000777
    -0.029512    -0.040244     0.441137     0.774375     0.000317
    -0.029512     0.040244     0.435771     0.774375     0.000647
    -0.029512     0.040244     0.441137     0.774375     0.000040
    -0.026829    -0.042927     0.434430     0.774375     0.000614
    -0.026829    -0.042927     0.438454     0.774375     0.000174
    -0.026829     0.042927     0.435771     0.774375     0.000719
    -0.026829     0.042927     0.438454     0.774375     0.000275
    -0.021463    -0.045610     0.435771     0.774375     0.000769
    -0.021463    -0.045610     0.439796     0.774375     0.000586
    -0.021463     0.045610     0.435771     0.774375     0.000218
    -0.021463     0.045610     0.439796     0.774375     0.000590
    -0.018780    -0.045610     0.438454     0.774375     0.000770
    -0.018780    -0.045610     0.439796     0.774375     0.000021
    -0.018780    -0.045610     0.441137     0.774375     0.000836
    -0.018780     0.045610     0.438454     0.774375     0.000233
    -0.018780     0.045610     0.439796     0.774375     0.000761
    -0.018780     0.045610     0.441137     0.774375     0.000065
    -0.013415    -0.048293     0.439796     0.774375     0.000434
    -0.013415    -0.048293     0.445162     0.774375     0.000943
    -0.013415     0.048293     0.439796     0.774375     0.000491
    -0.013415     0.048293     0.445162     0.774375     0.000610
    -0.010732    -0.048293     0.447844     0.774375     0.000313
    -0.010732     0.048293     0.442479     0.774375     0.000369
    -0.008049    -0.048293     0.445162     0.774375     0.000321
    -0.008049    -0.048293     0.450527     0.774375     0.000029
    -0.008049     0.048293     0.445162     0.774375     0.000810
    -0.008049     0.048293     0.450527     0.774375     0.000980
    -0.005366    -0.048293     0.449186     0.774375     0.000388
    -0.005366    -0.048293     0.453210     0.774375     0.000820
    -0.005366     0.048293     0.449186     0.774375     0.000128
    -0.005366     0.048293     0.453210     0.774375     0.000053
    -0.002683    -0.048293     0.453210     0.774375     0.000313
    -0.002683    -0.048293     0.454552     0.774375     0.000204
    -0.002683     0.048293     0.453210     0.774375     0.000251
    -0.002683     0.048293     0.454552     0.774375     0.000559
    -0.002683     0.048293     0.455893     0.774375     0.000649
     0.000000    -0.048293     0.455893     0.774375     0.000191
     0.000000    -0.048293     0.457235     0.774375     0.000023
     0.000000     0.048293     0.455893     0.774375     0.000491
     0.000000     0.048293     0.457235     0.774375     0.000114
     0.000000     0.048293     0.458576     0.774375     0.000741
     0.002683    -0.048293     0.458576     0.774375     0.000088
     0.002683    -0.048293     0.459918     0.774375     0.000654
     0.002683    -0.048293     0.461259     0.774375     0.000337
     0.002683     0.048293     0.458576     0.774375     0.000460
     0.002683     0.048293     0.459918     0.774375     0.000484
     0.002683     0.048293     0.461259     0.774375     0.000102
     0.005366    -0.048293     0.461259     0.774375     0.000970
     0.005366     0.048293     0.461259     0.774375     0.000178
     0.005366     0.048293     0.465283     0.774375     0.000628
     0.008049    -0.048293     0.462601     0.774375     0.000926
     0.008049    -0.048293     0.467966     0.774375     0.000569
     0.008049     0.048293     0.463942     0.774375     0.000998
     0.008049     0.048293     0.467966     0.774375     0.000962
     0.013415    -0.048293     0.469308     0.774375     0.000765
     0.013415    -0.048293     0.470649     0.774375     0.000892
     0.013415    -0.048293     0.471991     0.774375     0.000956
     0.013415    -0.048293     0.473332     0.774375     0.000618
     0.013415     0.048293     0.469308     0.774375     0.000931
     0.013415     0.048293     0.473332     0.774375     0.000180
     0.034878    -0.034878     0.470649     0.774375     0.000480
     0.034878     0.034878     0.470649     0.774375     0.000698
     0.037561    -0.032195     0.465283     0.774375     0.000975
     0.037561    -0.032195     0.466625     0.774375     0.000744
     0.037561    -0.032195     0.467966     0.774375     0.000963
     0.037561    -0.032195     0.469308     0.774375     0.000441
     0.037561     0.032195     0.465283     0.774375     0.000919
     0.037561     0.032195     0.466625     0.774375     0.000878
     0.037561     0.032195     0.469308     0.774375     0.000278
     0.040244    -0.029512     0.463942     0.774375     0.000812
     0.040244    -0.026829     0.459918     0.774375     0.000822
     0.040244    -0.026829     0.461259     0.774375     0.000527
     0.040244     0.029512     0.462601     0.774375     0.000862
     0.040244     0.029512     0.463942     0.774375     0.000150
     0.040244     0.029512     0.465283     0.774375     0.000886
     0.042927    -0.024146     0.454552     0.774375     0.000004
     0.042927     0.024146     0.454552     0.774375     0.000050
     0.045610    -0.018780     0.447844     0.774375     0.000732
     0.045610    -0.018780     0.451869     0.774375     0.000279
     0.045610     0.018780     0.447844     0.774375     0.000913
     0.045610     0.018780     0.451869     0.774375     0.000312


    -0.050976    -0.002683     0.477357     0.775833     0.000274
    -0.050976    -0.002683     0.480040     0.775833     0.000341
    -0.050976     0.000000     0.477357     0.775833     0.000714
    -0.050976     0.002683     0.477357     0.775833     0.000217
    -0.050976     0.002683     0.480040     0.775833     0.000324
    -0.048293    -0.013415     0.469308     0.775833     0.000594
    -0.048293    -0.013415     0.474674     0.775833     0.000996
    -0.048293    -0.010732     0.476015     0.775833     0.000621
    -0.048293    -0.008049     0.473332     0.775833     0.000248
    -0.048293    -0.008049     0.474674     0.775833     0.000561
    -0.048293     0.008049     0.473332     0.775833     0.000079
    -0.048293     0.008049     0.474674     0.775833     0.000360
    -0.048293     0.010732     0.476015     0.775833     0.000426
    -0.048293     0.013415     0.469308     0.775833     0.000269
    -0.045610    -0.018780     0.462601     0.775833     0.000616
    -0.045610    -0.018780     0.467966     0.775833     0.000655
    -0.045610     0.018780     0.462601     0.775833     0.000411
    -0.045610     0.018780     0.467966     0.775833     0.000602
    -0.042927    -0.024146     0.455893     0.775833     0.000776
    -0.042927    -0.024146     0.459918     0.775833     0.000653
    -0.042927     0.024146     0.455893     0.775833     0.000553
    -0.042927     0.024146     0.459918     0.775833     0.000572
    -0.040244    -0.029512     0.449186     0.775833     0.000226
    -0.040244    -0.029512     0.450527     0.775833     0.000910
    -0.040244    -0.029512     0.451869     0.775833     0.000063
    -0.040244    -0.026829     0.453210     0.775833     0.000497
    -0.040244    -0.026829     0.454552     0.775833     0.000738
    -0.040244     0.026829     0.451869     0.775833     0.000996
    -0.040244     0.026829     0.453210     0.775833     0.000111
    -0.040244     0.026829     0.454552     0.775833     0.000129
    -0.040244     0.029512     0.449186     0.775833     0.000431
    -0.040244     0.029512     0.450527     0.775833     0.000218
    -0.040244     0.029512     0.451869     0.775833     0.000526
    -0.037561    -0.032195     0.443820     0.775833     0.000382
    -0.037561     0.032195     0.443820     0.775833     0.000336
    -0.034878    -0.034878     0.446503     0.775833     0.000283
    -0.034878     0.034878     0.446503     0.775833     0.000111
    -0.032195    -0.037561     0.438454     0.775833     0.000763
    -0.032195    -0.037561     0.443820     0.775833     0.000908
    -0.032195     0.037561     0.443820     0.775833     0.000424
    -0.029512    -0.040244     0.435771     0.775833     0.000098
    -0.029512    -0.040244     0.441137     0.775833     0.000079
    -0.029512     0.040244     0.435771     0.775833     0.000032
    -0.029512     0.040244     0.441137     0.775833     0.000355
    -0.026829    -0.042927     0.434430     0.775833     0.000082
    -0.026829    -0.042927     0.438454     0.775833     0.000648
    -0.026829     0.042927     0.434430     0.775833     0.000566
    -0.026829     0.042927     0.438454     0.775833     0.000181
    -0.024146     0.042927     0.438454     0.775833     0.000343
    -0.024146     0.042927     0.439796     0.775833     0.000903
    -0.021463    -0.045610     0.439796     0.775833     0.000140
    -0.021463     0.045610     0.435771     0.775833     0.000938
    -0.021463     0.045610     0.439796     0.775833     0.000148
    -0.018780    -0.045610     0.438454     0.775833     0.000074
    -0.018780    -0.045610     0.439796     0.775833     0.000641
    -0.018780    -0.045610     0.441137     0.775833     0.000282
    -0.018780     0.045610     0.438454     0.775833     0.000490
    -0.018780     0.045610     0.441137     0.775833     0.000652
    -0.016098    -0.048293     0.439796     0.775833     0.000814
    -0.013415    -0.048293     0.439796     0.775833     0.000942
    -0.013415    -0.048293     0.445162     0.775833     0.000697
    -0.013415     0.048293     0.439796     0.775833     0.000015
    -0.013415     0.048293     0.445162     0.775833     0.000365
    -0.010732    -0.048293     0.447844     0.775833     0.000579
    -0.010732     0.048293     0.442479     0.775833     0.000846
    -0.008049    -0.048293     0.445162     0.775833     0.000118
    -0.008049    -0.048293     0.450527     0.775833     0.000259
    -0.008049     0.048293     0.445162     0.775833     0.000384
    -0.005366    -0.048293     0.449186     0.775833     0.000789
    -0.005366    -0.048293     0.453210     0.775833     0.000512
    -0.005366     0.048293     0.449186     0.775833     0.000523
    -0.005366     0.048293     0.453210     0.775833     0.000368
    -0.002683    -0.048293     0.451869     0.775833     0.000663
    -0.002683    -0.048293     0.453210     0.775833     0.000689
    -0.002683    -0.048293     0.454552     0.775833     0.000563
    -0.002683    -0.048293     0.455893     0.775833     0.000978
    -0.002683     0.048293     0.453210     0.775833     0.000624
    -0.002683     0.048293     0.454552     0.775833     0.000923
    -0.002683     0.048293     0.455893     0.775833     0.000311
     0.000000    -0.048293     0.455893     0.775833     0.000186
     0.000000    -0.048293     0.457235     0.775833     0.000400
     0.000000    -0.048293     0.458576     0.775833     0.000821
     0.000000     0.048293     0.455893     0.775833     0.000120
     0.000000     0.048293     0.457235     0.775833     0.000493
     0.000000     0.048293     0.458576     0.775833     0.000374
     0.002683    -0.048293     0.458576     0.775833     0.000482
     0.002683    -0.048293     0.461259     0.775833     0.000072
     0.002683     0.048293     0.458576     0.775833     0.000076
     0.002683     0.048293     0.459918     0.775833     0.000896
     0.002683     0.048293     0.461259     0.775833     0.000312
     0.005366    -0.048293     0.459918     0.775833     0.000980
     0.005366    -0.048293     0.465283     0.775833     0.000566
     0.005366     0.048293     0.461259     0.775833     0.000590
     0.005366     0.048293     0.465283     0.775833     0.000161
     0.008049    -0.048293     0.462601     0.775833     0.000546
     0.010732    -0.048293     0.465283     0.775833     0.000927
     0.010732     0.048293     0.471991     0.775833     0.000666
     0.013415    -0.048293     0.469308     0.775833     0.000315
     0.013415    -0.048293     0.473332     0.775833     0.000003
     0.013415     0.048293     0.469308     0.775833     0.000483
     0.013415     0.048293     0.473332     0.775833     0.000845
     0.034878    -0.034878     0.469308     0.775833     0.000293
     0.034878    -0.034878     0.470649     0.775833     0.000373
     0.034878    -0.034878     0.471991     0.775833     0.000498
     0.034878     0.034878     0.469308     0.775833     0.000532
     0.034878     0.034878     0.470649     0.775833     0.000150
     0.034878     0.034878     0.471991     0.775833     0.000690
     0.037561    -0.032195     0.465283     0.775833     0.000377
     0.037561    -0.032195     0.469308     0.775833     0.000312
     0.037561     0.032195     0.465283     0.775833     0.000306
     0.037561     0.032195     0.469308     0.775833     0.000499
     0.040244    -0.029512     0.462601     0.775833     0.000974
     0.040244    -0.029512     0.463942     0.775833     0.000323
     0.040244    -0.026829     0.459918     0.775833     0.000115
     0.040244    -0.026829     0.461259     0.775833     0.000214
     0.040244    -0.026829     0.462601     0.775833     0.000881
     0.040244     0.026829     0.459918     0.775833     0.000765
     0.040244     0.026829     0.461259     0.775833     0.000425
     0.040244     0.029512     0.462601     0.775833     0.000386
     0.040244     0.029512     0.463942     0.775833     0.000374
     0.040244     0.029512     0.465283     0.775833     0.000357
     0.042927    -0.024146     0.454552     0.775833     0.000579
     0.042927    -0.024146     0.459918     0.775833     0.000960
     0.042927     0.024146     0.454552     0.775833     0.000543
     0.042927     0.024146     0.459918     0.775833     0.000792
     0.045610    -0.018780     0.447844     0.775833     0.000037
     0.045610    -0.018780     0.451869     0.775833     0.000943
     0.045610     0.018780     0.447844     0.775833     0.000208
     0.045610     0.018780     0.451869     0.775833     0.000998


    -0.050976    -0.005366     0.478698     0.777292     0.000971
    -0.050976    -0.002683     0.477357     0.777292     0.000410
    -0.050976    -0.002683     0.480040     0.777292     0.000645
    -0.050976     0.000000     0.477357     0.777292     0.000863
    -0.050976     0.000000     0.481381     0.777292     0.000690
    -0.050976     0.002683     0.477357     0.777292     0.000350
    -0.050976     0.002683     0.480040     0.777292     0.000624
    -0.048293    -0.013415     0.469308     0.777292     0.000419
    -0.048293    -0.013415     0.474674     0.777292     0.000920
    -0.048293    -0.010732     0.476015     0.777292     0.000358
    -0.048293    -0.008049     0.473332     0.777292     0.000001
    -0.048293    -0.008049     0.474674     0.777292     0.000255
    -0.048293     0.008049     0.473332     0.777292     0.000158
    -0.048293     0.008049     0.474674     0.777292     0.000063
    -0.048293     0.010732     0.476015     0.777292     0.000176
    -0.048293     0.013415     0.469308     0.777292     0.000092
    -0.048293     0.013415     0.474674     0.777292     0.000961
    -0.045610    -0.018780     0.462601     0.777292     0.000368
    -0.045610    -0.018780     0.467966     0.777292     0.000739
    -0.045610     0.018780     0.462601     0.777292     0.000156
    -0.045610     0.018780     0.467966     0.777292     0.000705
    -0.042927    -0.024146     0.455893     0.777292     0.000492
    -0.042927    -0.024146     0.459918     0.777292     0.000379
    -0.042927     0.024146     0.455893     0.777292     0.000265
    -0.042927     0.024146     0.459918     0.777292     0.000285
    -0.040244    -0.029512     0.449186     0.777292     0.000005
    -0.040244    -0.029512     0.450527     0.777292     0.000612
    -0.040244    -0.029512     0.451869     0.777292     0.000213
    -0.040244    -0.026829     0.453210     0.777292     0.000527
    -0.040244    -0.026829     0.454552     0.777292     0.000777
    -0.040244     0.026829     0.453210     0.777292     0.000051
    -0.040244     0.026829     0.454552     0.777292     0.000198
    -0.040244     0.029512     0.449186     0.777292     0.000644
    -0.040244     0.029512     0.450527     0.777292     0.000054
    -0.040244     0.029512     0.451869     0.777292     0.000785
    -0.037561    -0.032195     0.443820     0.777292     0.000443
    -0.037561     0.032195     0.443820     0.777292     0.000387
    -0.034878    -0.034878     0.446503     0.777292     0.000226
    -0.034878     0.034878     0.446503     0.777292     0.000151
    -0.032195    -0.037561     0.443820     0.777292     0.000726
    -0.032195     0.037561     0.443820     0.777292     0.000249
    -0.029512    -0.040244     0.435771     0.777292     0.000489
    -0.029512    -0.040244     0.441137     0.777292     0.000363
    -0.029512     0.040244     0.435771     0.777292     0.000619
    -0.029512     0.040244     0.441137     0.777292     0.000636
    -0.026829    -0.042927     0.434430     0.777292     0.000687
    -0.026829     0.042927     0.434430     0.777292     0.000001
    -0.026829     0.042927     0.438454     0.777292     0.000527
    -0.024146    -0.042927     0.438454     0.777292     0.000717
    -0.024146     0.042927     0.437113     0.777292     0.000627
    -0.024146     0.042927     0.438454     0.777292     0.000240
    -0.024146     0.042927     0.439796     0.777292     0.000416
    -0.021463    -0.045610     0.434430     0.777292     0.000661
    -0.021463    -0.045610     0.439796     0.777292     0.000197
    -0.021463     0.045610     0.439796     0.777292     0.000185
    -0.018780    -0.045610     0.438454     0.777292     0.000531
    -0.018780    -0.045610     0.441137     0.777292     0.000170
    -0.016098    -0.048293     0.438454     0.777292     0.000732
    -0.016098    -0.048293     0.439796     0.777292     0.000571
    -0.013415    -0.048293     0.445162     0.777292     0.000561
    -0.013415     0.048293     0.439796     0.777292     0.000352
    -0.013415     0.048293     0.445162     0.777292     0.000232
    -0.010732    -0.048293     0.447844     0.777292     0.000727
    -0.008049    -0.048293     0.445162     0.777292     0.000445
    -0.008049    -0.048293     0.450527     0.777292     0.000430
    -0.008049     0.048293     0.445162     0.777292     0.000068
    -0.005366    -0.048293     0.453210     0.777292     0.000316
    -0.005366     0.048293     0.449186     0.777292     0.000802
    -0.005366     0.048293     0.453210     0.777292     0.000566
    -0.002683    -0.048293     0.451869     0.777292     0.000401
    -0.002683    -0.048293     0.453210     0.777292     0.000946
    -0.002683    -0.048293     0.454552     0.777292     0.000804
    -0.002683    -0.048293     0.455893     0.777292     0.000757
    -0.002683     0.048293     0.451869     0.777292     0.000807
    -0.002683     0.048293     0.453210     0.777292     0.000880
    -0.002683     0.048293     0.455893     0.777292     0.000087
     0.000000    -0.048293     0.455893     0.777292     0.000447
     0.000000    -0.048293     0.457235     0.777292     0.000662
     0.000000    -0.048293     0.458576     0.777292     0.000570
     0.000000     0.048293     0.455893     0.777292     0.000138
     0.000000     0.048293     0.457235     0.777292     0.000755
     0.000000     0.048293     0.458576     0.777292     0.000118
     0.002683    -0.048293     0.458576     0.777292     0.000760
     0.002683    -0.048293     0.461259     0.777292     0.000367
     0.002683     0.048293     0.458576     0.777292     0.000195
     0.002683     0.048293     0.461259     0.777292     0.000611
     0.005366    -0.048293     0.459918     0.777292     0.000721
     0.005366    -0.048293     0.465283     0.777292     0.000218
     0.005366     0.048293     0.461259     0.777292     0.000886
     0.005366     0.048293     0.465283     0.777292     0.000197
     0.008049    -0.048293     0.462601     0.777292     0.000276
     0.010732    -0.048293     0.465283     0.777292     0.000653
     0.010732    -0.048293     0.471991     0.777292     0.000883
     0.010732     0.048293     0.471991     0.777292     0.000168
     0.013415    -0.048293     0.469308     0.777292     0.000027
     0.013415    -0.048293     0.473332     0.777292     0.000526
     0.013415     0.048293     0.469308     0.777292     0.000143
     0.018780    -0.045610     0.473332     0.777292     0.000751
     0.018780    -0.045610     0.474674     0.777292     0.000756
     0.021463     0.045610     0.476015     0.777292     0.000814
     0.032195    -0.037561     0.471991     0.777292     0.000993
     0.032195    -0.037561     0.473332     0.777292     0.000425
     0.032195     0.037561     0.473332     0.777292     0.000693
     0.034878    -0.034878     0.469308     0.777292     0.000383
     0.034878    -0.034878     0.471991     0.777292     0.000278
     0.034878     0.034878     0.469308     0.777292     0.000141
     0.034878     0.034878     0.470649     0.777292     0.000926
     0.034878     0.034878     0.471991     0.777292     0.000083
     0.037561    -0.032195     0.465283     0.777292     0.000122
     0.037561    -0.032195     0.469308     0.777292     0.000979
     0.037561     0.032195     0.465283     0.777292     0.000209
     0.040244    -0.029512     0.462601     0.777292     0.000631
     0.040244    -0.029512     0.463942     0.777292     0.000059
     0.040244    -0.029512     0.465283     0.777292     0.000640
     0.040244    -0.026829     0.459918     0.777292     0.000501
     0.040244    -0.026829     0.461259     0.777292     0.000866
     0.040244    -0.026829     0.462601     0.777292     0.000269
     0.040244     0.026829     0.459918     0.777292     0.000166
     0.040244     0.026829     0.461259     0.777292     0.000207
     0.040244     0.026829     0.462601     0.777292     0.000831
     0.040244     0.029512     0.462601     0.777292     0.000017
     0.040244     0.029512     0.463942     0.777292     0.000790
     0.040244     0.029512     0.465283     0.777292     0.000067
     0.042927    -0.024146     0.459918     0.777292     0.000535
     0.042927     0.024146     0.459918     0.777292     0.000347
     0.045610    -0.018780     0.447844     0.777292     0.000566
     0.045610     0.018780     0.447844     0.777292     0.000407
     0.048293    -0.013415     0.443820     0.777292     0.000884
     0.048293    -0.010732     0.442479     0.777292     0.000723
     0.048293     0.010732     0.442479     0.777292     0.000903
     0.048293     0.013415     0.443820     0.777292     0.000825


    -0.050976    -0.005366     0.478698     0.778750     0.000905
    -0.050976    -0.002683     0.477357     0.778750     0.000435
    -0.050976    -0.002683     0.480040     0.778750     0.000838
    -0.050976     0.000000     0.477357     0.778750     0.000897
    -0.050976     0.000000     0.481381     0.778750     0.000418
    -0.050976     0.002683     0.477357     0.778750     0.000371
    -0.050976     0.002683     0.480040     0.778750     0.000812
    -0.048293    -0.013415     0.469308     0.778750     0.000148
    -0.048293    -0.013415     0.474674     0.778750     0.000949
    -0.048293    -0.010732     0.476015     0.778750     0.000203
    -0.048293    -0.008049     0.473332     0.778750     0.000136
    -0.048293    -0.008049     0.474674     0.778750     0.000057
    -0.048293     0.008049     0.471991     0.778750     0.000957
    -0.048293     0.008049     0.473332     0.778750     0.000283
    -0.048293     0.008049     0.474674     0.778750     0.000126
    -0.048293     0.010732     0.476015     0.778750     0.000036
    -0.048293     0.013415     0.469308     0.778750     0.000180
    -0.045610    -0.018780     0.462601     0.778750     0.000030
    -0.045610    -0.018780     0.467966     0.778750     0.000921
    -0.045610     0.018780     0.462601     0.778750     0.000187
    -0.045610     0.018780     0.467966     0.778750     0.000906
    -0.042927    -0.024146     0.455893     0.778750     0.000122
    -0.042927    -0.024146     0.459918     0.778750     0.000019
    -0.042927     0.024146     0.455893     0.778750     0.000107
    -0.042927     0.024146     0.459918     0.778750     0.000087
    -0.040244    -0.029512     0.449186     0.778750     0.000326
    -0.040244    -0.029512     0.450527     0.778750     0.000231
    -0.040244    -0.029512     0.451869     0.778750     0.000574
    -0.040244    -0.026829     0.453210     0.778750     0.000661
    -0.040244    -0.026829     0.454552     0.778750     0.000918
    -0.040244     0.026829     0.453210     0.778750     0.000113
    -0.040244     0.026829     0.454552     0.778750     0.000369
    -0.040244     0.029512     0.449186     0.778750     0.000947
    -0.040244     0.029512     0.450527     0.778750     0.000411
    -0.037561    -0.032195     0.443820     0.778750     0.000394
    -0.037561    -0.032195     0.449186     0.778750     0.000867
    -0.037561     0.032195     0.443820     0.778750     0.000328
    -0.037561     0.032195     0.449186     0.778750     0.000828
    -0.034878    -0.034878     0.446503     0.778750     0.000278
    -0.034878     0.034878     0.446503     0.778750     0.000083
    -0.032195    -0.037561     0.443820     0.778750     0.000651
    -0.032195     0.037561     0.443820     0.778750     0.000184
    -0.029512    -0.040244     0.435771     0.778750     0.000982
    -0.029512    -0.040244     0.441137     0.778750     0.000535
    -0.029512     0.040244     0.441137     0.778750     0.000804
    -0.026829     0.042927     0.434430     0.778750     0.000475
    -0.026829     0.042927     0.438454     0.778750     0.000763
    -0.024146    -0.042927     0.437113     0.778750     0.000947
    -0.024146    -0.042927     0.438454     0.778750     0.000265
    -0.024146     0.042927     0.437113     0.778750     0.000102
    -0.024146     0.042927     0.438454     0.778750     0.000729
    -0.024146     0.042927     0.439796     0.778750     0.000028
    -0.021463    -0.045610     0.434430     0.778750     0.000149
    -0.021463    -0.045610     0.439796     0.778750     0.000424
    -0.021463     0.045610     0.434430     0.778750     0.000733
    -0.021463     0.045610     0.439796     0.778750     0.000410
    -0.018780    -0.045610     0.441137     0.778750     0.000517
    -0.018780     0.045610     0.437113     0.778750     0.000687
    -0.018780     0.045610     0.442479     0.778750     0.000894
    -0.016098    -0.048293     0.438454     0.778750     0.000532
    -0.016098    -0.048293     0.439796     0.778750     0.000434
    -0.013415    -0.048293     0.445162     0.778750     0.000532
    -0.013415     0.048293     0.439796     0.778750     0.000610
    -0.013415     0.048293     0.445162     0.778750     0.000207
    -0.010732    -0.048293     0.447844     0.778750     0.000761
    -0.008049    -0.048293     0.445162     0.778750     0.000661
    -0.008049    -0.048293     0.450527     0.778750     0.000489
    -0.008049     0.048293     0.445162     0.778750     0.000139
    -0.005366    -0.048293     0.453210     0.778750     0.000230
    -0.005366     0.048293     0.449186     0.778750     0.000965
    -0.005366     0.048293     0.453210     0.778750     0.000649
    -0.002683    -0.048293     0.451869     0.778750     0.000249
    -0.002683    -0.048293     0.454552     0.778750     0.000929
    -0.002683    -0.048293     0.455893     0.778750     0.000644
    -0.002683     0.048293     0.451869     0.778750     0.000657
    -0.002683     0.048293     0.455893     0.778750     0.000027
     0.000000    -0.048293     0.454552     0.778750     0.000971
     0.000000    -0.048293     0.455893     0.778750     0.000596
     0.000000    -0.048293     0.457235     0.778750     0.000809
     0.000000    -0.048293     0.458576     0.778750     0.000427
     0.000000     0.048293     0.455893     0.778750     0.000285
     0.000000     0.048293     0.457235     0.778750     0.000903
     0.000000     0.048293     0.458576     0.778750     0.000027
     0.002683    -0.048293     0.458576     0.778750     0.000923
     0.002683    -0.048293     0.461259     0.778750     0.000550
     0.002683     0.048293     0.458576     0.778750     0.000354
     0.002683     0.048293     0.461259     0.778750     0.000797
     0.005366    -0.048293     0.459918     0.778750     0.000569
     0.005366    -0.048293     0.465283     0.778750     0.000023
     0.005366     0.048293     0.465283     0.778750     0.000446
     0.008049    -0.048293     0.462601     0.778750     0.000116
     0.008049     0.048293     0.469308     0.778750     0.000734
     0.010732    -0.048293     0.465283     0.778750     0.000486
     0.010732    -0.048293     0.471991     0.778750     0.000510
     0.010732     0.048293     0.471991     0.778750     0.000230
     0.013415    -0.048293     0.469308     0.778750     0.000260
     0.013415    -0.048293     0.473332     0.778750     0.000949
     0.013415     0.048293     0.469308     0.778750     0.000089
     0.013415     0.048293     0.474674     0.778750     0.000783
     0.018780    -0.045610     0.473332     0.778750     0.000138
     0.018780    -0.045610     0.474674     0.778750     0.000078
     0.018780     0.045610     0.473332     0.778750     0.000836
     0.018780     0.045610     0.474674     0.778750     0.000606
     0.021463    -0.045610     0.476015     0.778750     0.000551
     0.021463    -0.045610     0.477357     0.778750     0.000842
     0.021463     0.045610     0.476015     0.778750     0.000207
     0.021463     0.045610     0.477357     0.778750     0.000353
     0.029512    -0.040244     0.474674     0.778750     0.000787
     0.029512    -0.040244     0.476015     0.778750     0.000677
     0.029512     0.040244     0.474674     0.778750     0.000814
     0.029512     0.040244     0.476015     0.778750     0.000656
     0.032195    -0.037561     0.471991     0.778750     0.000383
     0.032195    -0.037561     0.473332     0.778750     0.000284
     0.032195    -0.037561     0.474674     0.778750     0.000551
     0.032195     0.037561     0.471991     0.778750     0.000677
     0.032195     0.037561     0.473332     0.778750     0.000006
     0.032195     0.037561     0.474674     0.778750     0.000791
     0.034878    -0.034878     0.469308     0.778750     0.000975
     0.034878    -0.034878     0.471991     0.778750     0.000984
     0.034878     0.034878     0.469308     0.778750     0.000730
     0.034878     0.034878     0.471991     0.778750     0.000786
     0.037561    -0.032195     0.465283     0.778750     0.000519
     0.037561     0.032195     0.465283     0.778750     0.000623
     0.037561     0.032195     0.470649     0.778750     0.000944
     0.040244    -0.029512     0.462601     0.778750     0.000394
     0.040244    -0.029512     0.463942     0.778750     0.000334
     0.040244    -0.029512     0.465283     0.778750     0.000350
     0.040244    -0.026829     0.458576     0.778750     0.000756
     0.040244    -0.026829     0.462601     0.778750     0.000253
     0.040244     0.026829     0.459918     0.778750     0.000342
     0.040244     0.026829     0.461259     0.778750     0.000750
     0.040244     0.026829     0.462601     0.778750     0.000321
     0.040244     0.029512     0.462601     0.778750     0.000244
     0.040244     0.029512     0.465283     0.778750     0.000386
     0.042927    -0.024146     0.459918     0.778750     0.000213
     0.042927     0.024146     0.459918     0.778750     0.000005
     0.045610    -0.018780     0.453210     0.778750     0.000797
     0.045610     0.018780     0.447844     0.778750     0.000930
     0.045610     0.018780     0.453210     0.778750     0.000679
     0.048293    -0.013415     0.442479     0.778750     0.000977
     0.048293    -0.013415     0.443820     0.778750     0.000372
     0.048293    -0.010732     0.441137     0.778750     0.000871
     0.048293    -0.010732     0.442479     0.778750     0.000006
     0.048293    -0.010732     0.443820     0.778750     0.000567
     0.048293     0.010732     0.442479     0.778750     0.000185
     0.048293     0.010732     0.443820     0.778750     0.000685
     0.048293     0.013415     0.442479     0.778750     0.000974
     0.048293     0.013415     0.443820     0.778750     0.000295
     0.048293     0.013415     0.445162     0.778750     0.000989


    -0.050976    -0.005366     0.478698     0.780208     0.000940
    -0.050976    -0.002683     0.477357     0.780208     0.000353
    -0.050976    -0.002683     0.480040     0.780208     0.000921
    -0.050976     0.000000     0.477357     0.780208     0.000821
    -0.050976     0.000000     0.481381     0.780208     0.000248
    -0.050976     0.002683     0.477357     0.780208     0.000286
    -0.050976     0.002683     0.480040     0.780208     0.000890
    -0.048293    -0.013415     0.469308     0.780208     0.000212
    -0.048293    -0.010732     0.476015     0.780208     0.000155
    -0.048293    -0.008049     0.473332     0.780208     0.000164
    -0.048293    -0.008049     0.474674     0.780208     0.000034
    -0.048293     0.008049     0.471991     0.780208     0.000989
    -0.048293     0.008049     0.473332     0.780208     0.000300
    -0.048293     0.008049     0.474674     0.780208     0.000206
    -0.048293     0.010732     0.476015     0.780208     0.000002
    -0.048293     0.013415     0.469308     0.780208     0.000540
    -0.045610    -0.018780     0.462601     0.780208     0.000390
    -0.045610     0.018780     0.462601     0.780208     0.000611
    -0.045610     0.018780     0.466625     0.780208     0.000957
    -0.042927    -0.024146     0.455893     0.780208     0.000328
    -0.042927    -0.024146     0.459918     0.780208     0.000422
    -0.042927     0.024146     0.455893     0.780208     0.000558
    -0.042927     0.024146     0.457235     0.780208     0.000795
    -0.042927     0.024146     0.458576     0.780208     0.000803
    -0.042927     0.024146     0.459918     0.780208     0.000538
    -0.040244    -0.029512     0.449186     0.780208     0.000730
    -0.040244    -0.029512     0.450527     0.780208     0.000229
    -0.040244    -0.026829     0.453210     0.780208     0.000892
    -0.040244     0.026829     0.453210     0.780208     0.000374
    -0.040244     0.026829     0.454552     0.780208     0.000636
    -0.040244     0.029512     0.450527     0.780208     0.000848
    -0.037561    -0.032195     0.443820     0.780208     0.000239
    -0.037561    -0.032195     0.449186     0.780208     0.000522
    -0.037561     0.032195     0.443820     0.780208     0.000165
    -0.037561     0.032195     0.449186     0.780208     0.000472
    -0.034878    -0.034878     0.446503     0.780208     0.000431
    -0.034878     0.034878     0.446503     0.780208     0.000088
    -0.032195    -0.037561     0.443820     0.780208     0.000680
    -0.032195     0.037561     0.437113     0.780208     0.000975
    -0.032195     0.037561     0.443820     0.780208     0.000224
    -0.029512    -0.040244     0.441137     0.780208     0.000598
    -0.029512     0.040244     0.441137     0.780208     0.000860
    -0.026829     0.042927     0.434430     0.780208     0.000854
    -0.026829     0.042927     0.438454     0.780208     0.000889
    -0.024146    -0.042927     0.437113     0.780208     0.000542
    -0.024146    -0.042927     0.438454     0.780208     0.000093
    -0.024146    -0.042927     0.439796     0.780208     0.000761
    -0.024146     0.042927     0.437113     0.780208     0.000335
    -0.024146     0.042927     0.439796     0.780208     0.000260
    -0.021463    -0.045610     0.434430     0.780208     0.000274
    -0.021463    -0.045610     0.439796     0.780208     0.000544
    -0.021463     0.045610     0.434430     0.780208     0.000338
    -0.021463     0.045610     0.439796     0.780208     0.000526
    -0.018780    -0.045610     0.437113     0.780208     0.000629
    -0.018780    -0.045610     0.441137     0.780208     0.000760
    -0.018780     0.045610     0.437113     0.780208     0.000273
    -0.018780     0.045610     0.442479     0.780208     0.000741
    -0.016098    -0.048293     0.438454     0.780208     0.000436
    -0.016098    -0.048293     0.439796     0.780208     0.000402
    -0.013415    -0.048293     0.445162     0.780208     0.000607
    -0.013415     0.048293     0.439796     0.780208     0.000760
    -0.013415     0.048293     0.445162     0.780208     0.000287
    -0.010732    -0.048293     0.447844     0.780208     0.000685
    -0.008049    -0.048293     0.445162     0.780208     0.000767
    -0.008049    -0.048293     0.450527     0.780208     0.000438
    -0.008049     0.048293     0.445162     0.780208     0.000239
    -0.005366    -0.048293     0.453210     0.780208     0.000250
    -0.005366     0.048293     0.453210     0.780208     0.000622
    -0.002683    -0.048293     0.451869     0.780208     0.000204
    -0.002683    -0.048293     0.454552     0.780208     0.000941
    -0.002683    -0.048293     0.455893     0.780208     0.000636
    -0.002683     0.048293     0.451869     0.780208     0.000613
    -0.002683     0.048293     0.455893     0.780208     0.000033
     0.000000    -0.048293     0.454552     0.780208     0.000928
     0.000000    -0.048293     0.455893     0.780208     0.000633
     0.000000    -0.048293     0.457235     0.780208     0.000843
     0.000000    -0.048293     0.458576     0.780208     0.000390
     0.000000     0.048293     0.455893     0.780208     0.000322
     0.000000     0.048293     0.457235     0.780208     0.000937
     0.000000     0.048293     0.458576     0.780208     0.000063
     0.002683    -0.048293     0.457235     0.780208     0.000964
     0.002683    -0.048293     0.458576     0.780208     0.000972
     0.002683    -0.048293     0.461259     0.780208     0.000622
     0.002683     0.048293     0.458576     0.780208     0.000403
     0.002683     0.048293     0.461259     0.780208     0.000871
     0.005366    -0.048293     0.459918     0.780208     0.000522
     0.005366    -0.048293     0.465283     0.780208     0.000157
     0.005366     0.048293     0.465283     0.780208     0.000586
     0.008049    -0.048293     0.462601     0.780208     0.000062
     0.008049     0.048293     0.469308     0.780208     0.000521
     0.010732    -0.048293     0.465283     0.780208     0.000424
     0.010732    -0.048293     0.471991     0.780208     0.000236
     0.010732     0.048293     0.471991     0.780208     0.000528
     0.013415    -0.048293     0.469308     0.780208     0.000386
     0.013415     0.048293     0.469308     0.780208     0.000216
     0.013415     0.048293     0.474674     0.780208     0.000453
     0.018780    -0.045610     0.473332     0.780208     0.000397
     0.018780    -0.045610     0.474674     0.780208     0.000530
     0.018780    -0.045610     0.476015     0.780208     0.000844
     0.018780     0.045610     0.473332     0.780208     0.000336
     0.018780     0.045610     0.474674     0.780208     0.000028
     0.021463    -0.045610     0.476015     0.780208     0.000046
     0.021463    -0.045610     0.477357     0.780208     0.000280
     0.021463     0.045610     0.476015     0.780208     0.000321
     0.021463     0.045610     0.477357     0.780208     0.000243
     0.029512    -0.040244     0.474674     0.780208     0.000220
     0.029512    -0.040244     0.476015     0.780208     0.000032
     0.029512     0.040244     0.474674     0.780208     0.000241
     0.029512     0.040244     0.476015     0.780208     0.000003
     0.032195    -0.037561     0.471991     0.780208     0.000149
     0.032195    -0.037561     0.473332     0.780208     0.000927
     0.032195    -0.037561     0.474674     0.780208     0.000100
     0.032195     0.037561     0.471991     0.780208     0.000153
     0.032195     0.037561     0.473332     0.780208     0.000637
     0.032195     0.037561     0.474674     0.780208     0.000149
     0.034878    -0.034878     0.467966     0.780208     0.000857
     0.034878    -0.034878     0.473332     0.780208     0.000664
     0.034878     0.034878     0.473332     0.780208     0.000830
     0.037561    -0.032195     0.465283     0.780208     0.000815
     0.037561    -0.032195     0.470649     0.780208     0.000700
     0.037561     0.032195     0.465283     0.780208     0.000937
     0.037561     0.032195     0.470649     0.780208     0.000518
     0.040244    -0.029512     0.462601     0.780208     0.000262
     0.040244    -0.029512     0.463942     0.780208     0.000502
     0.040244    -0.029512     0.465283     0.780208     0.000163
     0.040244    -0.026829     0.458576     0.780208     0.000414
     0.040244    -0.026829     0.462601     0.780208     0.000684
     0.040244     0.026829     0.459918     0.780208     0.000757
     0.040244     0.026829     0.462601     0.780208     0.000099
     0.040244     0.029512     0.462601     0.780208     0.000398
     0.040244     0.029512     0.465283     0.780208     0.000600
     0.042927    -0.024146     0.459918     0.780208     0.000007
     0.042927     0.024146     0.459918     0.780208     0.000235
     0.045610    -0.018780     0.453210     0.780208     0.000551
     0.045610    -0.016098     0.447844     0.780208     0.000997
     0.045610     0.018780     0.453210     0.780208     0.000414
     0.048293    -0.013415     0.442479     0.780208     0.000531
     0.048293    -0.013415     0.443820     0.780208     0.000051
     0.048293    -0.013415     0.445162     0.780208     0.000772
     0.048293    -0.010732     0.441137     0.780208     0.000222
     0.048293    -0.010732     0.442479     0.780208     0.000646
     0.048293    -0.010732     0.443820     0.780208     0.000008
     0.048293     0.010732     0.441137     0.780208     0.000439
     0.048293     0.010732     0.442479     0.780208     0.000469
     0.048293     0.010732     0.443820     0.780208     0.000120
     0.048293     0.013415     0.442479     0.780208     0.000512
     0.048293     0.013415     0.443820     0.780208     0.000148
     0.048293     0.013415     0.445162     0.780208     0.000621


    -0.050976    -0.002683     0.477357     0.781667     0.000165
    -0.050976    -0.002683     0.480040     0.781667     0.000892
    -0.050976     0.000000     0.477357     0.781667     0.000638
    -0.050976     0.000000     0.481381     0.781667     0.000182
    -0.050976     0.002683     0.477357     0.781667     0.000096
    -0.050976     0.002683     0.480040     0.781667     0.000857
    -0.048293    -0.013415     0.469308     0.781667     0.000658
    -0.048293    -0.013415     0.473332     0.781667     0.000948
    -0.048293    -0.010732     0.476015     0.781667     0.000212
    -0.048293    -0.008049     0.473332     0.781667     0.000084
    -0.048293    -0.008049     0.474674     0.781667     0.000018
    -0.048293     0.008049     0.473332     0.781667     0.000208
    -0.048293     0.008049     0.474674     0.781667     0.000178
    -0.048293     0.010732     0.476015     0.781667     0.000075
    -0.048293     0.013415     0.469308     0.781667     0.000985
    -0.048293     0.013415     0.470649     0.781667     0.000999
    -0.048293     0.013415     0.473332     0.781667     0.000755
    -0.045610    -0.018780     0.462601     0.781667     0.000890
    -0.045610    -0.018780     0.463942     0.781667     0.000961
    -0.045610    -0.018780     0.466625     0.781667     0.000545
    -0.045610     0.018780     0.463942     0.781667     0.000727
    -0.045610     0.018780     0.466625     0.781667     0.000443
    -0.042927    -0.024146     0.455893     0.781667     0.000855
    -0.042927    -0.024146     0.457235     0.781667     0.000425
    -0.042927    -0.024146     0.458576     0.781667     0.000392
    -0.042927    -0.024146     0.459918     0.781667     0.000941
    -0.042927     0.024146     0.457235     0.781667     0.000182
    -0.042927     0.024146     0.458576     0.781667     0.000190
    -0.040244    -0.029512     0.450527     0.781667     0.000765
    -0.040244     0.026829     0.453210     0.781667     0.000730
    -0.040244     0.026829     0.454552     0.781667     0.000996
    -0.037561    -0.032195     0.443820     0.781667     0.000018
    -0.037561    -0.032195     0.449186     0.781667     0.000087
    -0.037561     0.032195     0.443820     0.781667     0.000099
    -0.037561     0.032195     0.449186     0.781667     0.000029
    -0.034878    -0.034878     0.446503     0.781667     0.000684
    -0.034878     0.034878     0.446503     0.781667     0.000359
    -0.032195    -0.037561     0.443820     0.781667     0.000812
    -0.032195     0.037561     0.437113     0.781667     0.000819
    -0.032195     0.037561     0.443820     0.781667     0.000369
    -0.029512    -0.040244     0.441137     0.781667     0.000551
    -0.029512     0.040244     0.441137     0.781667     0.000806
    -0.026829     0.042927     0.438454     0.781667     0.000905
    -0.024146    -0.042927     0.437113     0.781667     0.000228
    -0.024146    -0.042927     0.438454     0.781667     0.000354
    -0.024146    -0.042927     0.439796     0.781667     0.000594
    -0.024146     0.042927     0.437113     0.781667     0.000680
    -0.024146     0.042927     0.439796     0.781667     0.000447
    -0.021463    -0.045610     0.434430     0.781667     0.000605
    -0.021463    -0.045610     0.439796     0.781667     0.000555
    -0.021463     0.045610     0.434430     0.781667     0.000037
    -0.021463     0.045610     0.439796     0.781667     0.000533
    -0.018780    -0.045610     0.437113     0.781667     0.000317
    -0.018780    -0.045610     0.441137     0.781667     0.000896
    -0.018780     0.045610     0.437113     0.781667     0.000048
    -0.018780     0.045610     0.442479     0.781667     0.000692
    -0.016098    -0.048293     0.438454     0.781667     0.000444
    -0.016098    -0.048293     0.439796     0.781667     0.000475
    -0.013415    -0.048293     0.445162     0.781667     0.000784
    -0.013415     0.048293     0.439796     0.781667     0.000800
    -0.013415     0.048293     0.445162     0.781667     0.000471
    -0.010732    -0.048293     0.447844     0.781667     0.000500
    -0.008049    -0.048293     0.445162     0.781667     0.000761
    -0.008049    -0.048293     0.450527     0.781667     0.000279
    -0.008049     0.048293     0.445162     0.781667     0.000230
    -0.005366    -0.048293     0.453210     0.781667     0.000375
    -0.005366     0.048293     0.449186     0.781667     0.000952
    -0.005366     0.048293     0.453210     0.781667     0.000485
    -0.002683    -0.048293     0.451869     0.781667     0.000265
    -0.002683    -0.048293     0.454552     0.781667     0.000840
    -0.002683    -0.048293     0.455893     0.781667     0.000732
    -0.002683     0.048293     0.451869     0.781667     0.000673
    -0.002683     0.048293     0.453210     0.781667     0.000959
    -0.002683     0.048293     0.455893     0.781667     0.000069
     0.000000    -0.048293     0.454552     0.781667     0.000988
     0.000000    -0.048293     0.455893     0.781667     0.000559
     0.000000    -0.048293     0.457235     0.781667     0.000765
     0.000000    -0.048293     0.458576     0.781667     0.000459
     0.000000     0.048293     0.455893     0.781667     0.000249
     0.000000     0.048293     0.457235     0.781667     0.000858
     0.000000     0.048293     0.458576     0.781667     0.000008
     0.002683    -0.048293     0.458576     0.781667     0.000909
     0.002683    -0.048293     0.461259     0.781667     0.000582
     0.002683     0.048293     0.458576     0.781667     0.000342
     0.002683     0.048293     0.461259     0.781667     0.000831
     0.005366    -0.048293     0.459918     0.781667     0.000580
     0.005366    -0.048293     0.465283     0.781667     0.000183
     0.005366     0.048293     0.465283     0.781667     0.000616
     0.008049    -0.048293     0.462601     0.781667     0.000116
     0.008049     0.048293     0.469308     0.781667     0.000411
     0.010732    -0.048293     0.465283     0.781667     0.000467
     0.010732    -0.048293     0.471991     0.781667     0.000062
     0.010732     0.048293     0.471991     0.781667     0.000723
     0.013415    -0.048293     0.469308     0.781667     0.000404
     0.013415     0.048293     0.469308     0.781667     0.000234
     0.013415     0.048293     0.474674     0.781667     0.000220
     0.018780    -0.045610     0.471991     0.781667     0.000856
     0.018780    -0.045610     0.473332     0.781667     0.000850
     0.018780    -0.045610     0.476015     0.781667     0.000326
     0.018780     0.045610     0.473332     0.781667     0.000079
     0.018780     0.045610     0.474674     0.781667     0.000474
     0.018780     0.045610     0.476015     0.781667     0.000677
     0.021463    -0.045610     0.474674     0.781667     0.000959
     0.021463    -0.045610     0.476015     0.781667     0.000375
     0.021463    -0.045610     0.477357     0.781667     0.000204
     0.021463     0.045610     0.474674     0.781667     0.000797
     0.021463     0.045610     0.476015     0.781667     0.000767
     0.021463     0.045610     0.477357     0.781667     0.000766
     0.021463     0.045610     0.478698     0.781667     0.000812
     0.026829     0.042927     0.477357     0.781667     0.000726
     0.029512    -0.040244     0.474674     0.781667     0.000271
     0.029512    -0.040244     0.476015     0.781667     0.000546
     0.029512    -0.040244     0.477357     0.781667     0.000723
     0.029512     0.040244     0.474674     0.781667     0.000256
     0.029512     0.040244     0.476015     0.781667     0.000586
     0.029512     0.040244     0.477357     0.781667     0.000664
     0.032195    -0.037561     0.471991     0.781667     0.000599
     0.032195    -0.037561     0.474674     0.781667     0.000684
     0.032195     0.037561     0.471991     0.781667     0.000290
     0.032195     0.037561     0.474674     0.781667     0.000426
     0.034878    -0.034878     0.467966     0.781667     0.000595
     0.034878    -0.034878     0.473332     0.781667     0.000188
     0.034878     0.034878     0.467966     0.781667     0.000829
     0.034878     0.034878     0.473332     0.781667     0.000354
     0.037561    -0.032195     0.470649     0.781667     0.000382
     0.037561     0.032195     0.470649     0.781667     0.000182
     0.040244    -0.029512     0.462601     0.781667     0.000234
     0.040244    -0.029512     0.463942     0.781667     0.000561
     0.040244    -0.029512     0.465283     0.781667     0.000081
     0.040244    -0.026829     0.458576     0.781667     0.000169
     0.040244     0.026829     0.458576     0.781667     0.000781
     0.040244     0.026829     0.462601     0.781667     0.000425
     0.040244     0.029512     0.462601     0.781667     0.000444
     0.040244     0.029512     0.465283     0.781667     0.000706
     0.042927    -0.024146     0.459918     0.781667     0.000121
     0.042927     0.024146     0.459918     0.781667     0.000369
     0.045610    -0.018780     0.453210     0.781667     0.000406
     0.045610    -0.016098     0.447844     0.781667     0.000581
     0.045610    -0.016098     0.449186     0.781667     0.000796
     0.045610     0.018780     0.453210     0.781667     0.000251
     0.048293    -0.013415     0.442479     0.781667     0.000173
     0.048293    -0.013415     0.443820     0.781667     0.000382
     0.048293    -0.013415     0.445162     0.781667     0.000518
     0.048293    -0.010732     0.441137     0.781667     0.000361
     0.048293    -0.010732     0.443820     0.781667     0.000472
     0.048293     0.010732     0.441137     0.781667     0.000143
     0.048293     0.010732     0.443820     0.781667     0.000368
     0.048293     0.013415     0.442479     0.781667     0.000137
     0.048293     0.013415     0.443820     0.781667     0.000500
     0.048293     0.013415     0.445162     0.781667     0.000348


    -0.050976    -0.002683     0.477357     0.783125     0.000092
    -0.050976    -0.002683     0.480040     0.783125     0.000787
    -0.050976     0.000000     0.477357     0.783125     0.000383
    -0.050976     0.000000     0.481381     0.783125     0.000187
    -0.050976     0.002683     0.477357     0.783125     0.000163
    -0.050976     0.002683     0.480040     0.783125     0.000747
    -0.048293    -0.013415     0.470649     0.783125     0.000794
    -0.048293    -0.013415     0.473332     0.783125     0.000529
    -0.048293    -0.010732     0.470649     0.783125     0.000673
    -0.048293    -0.010732     0.476015     0.783125     0.000342
    -0.048293    -0.008049     0.473332     0.783125     0.000069
    -0.048293    -0.008049     0.474674     0.783125     0.000072
    -0.048293     0.008049     0.473332     0.783125     0.000042
    -0.048293     0.008049     0.474674     0.783125     0.000076
    -0.048293     0.010732     0.470649     0.783125     0.000585
    -0.048293     0.010732     0.476015     0.783125     0.000220
    -0.048293     0.013415     0.470649     0.783125     0.000447
    -0.048293     0.013415     0.473332     0.783125     0.000328
    -0.045610    -0.018780     0.463942     0.783125     0.000330
    -0.045610    -0.018780     0.465283     0.783125     0.000889
    -0.045610    -0.018780     0.466625     0.783125     0.000001
    -0.045610     0.018780     0.463942     0.783125     0.000094
    -0.045610     0.018780     0.465283     0.783125     0.000692
    -0.045610     0.018780     0.466625     0.783125     0.000115
    -0.042927    -0.024146     0.457235     0.783125     0.000222
    -0.042927    -0.024146     0.458576     0.783125     0.000252
    -0.042927     0.024146     0.457235     0.783125     0.000463
    -0.042927     0.024146     0.458576     0.783125     0.000455
    -0.037561    -0.032195     0.443820     0.783125     0.000341
    -0.037561    -0.032195     0.449186     0.783125     0.000400
    -0.037561     0.032195     0.443820     0.783125     0.000429
    -0.037561     0.032195     0.449186     0.783125     0.000466
    -0.034878     0.034878     0.446503     0.783125     0.000694
    -0.032195     0.037561     0.437113     0.783125     0.000731
    -0.032195     0.037561     0.443820     0.783125     0.000583
    -0.029512    -0.040244     0.441137     0.783125     0.000428
    -0.029512     0.040244     0.441137     0.783125     0.000674
    -0.026829    -0.042927     0.433088     0.783125     0.000966
    -0.026829     0.042927     0.438454     0.783125     0.000843
    -0.024146    -0.042927     0.437113     0.783125     0.000024
    -0.024146    -0.042927     0.438454     0.783125     0.000548
    -0.024146    -0.042927     0.439796     0.783125     0.000495
    -0.024146     0.042927     0.437113     0.783125     0.000962
    -0.024146     0.042927     0.439796     0.783125     0.000561
    -0.021463    -0.045610     0.434430     0.783125     0.000873
    -0.021463    -0.045610     0.439796     0.783125     0.000490
    -0.021463     0.045610     0.434430     0.783125     0.000203
    -0.021463     0.045610     0.439796     0.783125     0.000465
    -0.018780    -0.045610     0.437113     0.783125     0.000067
    -0.018780    -0.045610     0.441137     0.783125     0.000955
    -0.018780     0.045610     0.437113     0.783125     0.000308
    -0.018780     0.045610     0.442479     0.783125     0.000713
    -0.016098    -0.048293     0.438454     0.783125     0.000523
    -0.016098    -0.048293     0.439796     0.783125     0.000617
    -0.013415     0.048293     0.439796     0.783125     0.000762
    -0.013415     0.048293     0.445162     0.783125     0.000721
    -0.010732    -0.048293     0.447844     0.783125     0.000244
    -0.008049    -0.048293     0.445162     0.783125     0.000677
    -0.008049    -0.048293     0.450527     0.783125     0.000047
    -0.008049     0.048293     0.445162     0.783125     0.000146
    -0.008049     0.048293     0.450527     0.783125     0.000996
    -0.005366    -0.048293     0.453210     0.783125     0.000571
    -0.005366     0.048293     0.449186     0.783125     0.000810
    -0.005366     0.048293     0.453210     0.783125     0.000274
    -0.002683    -0.048293     0.451869     0.783125     0.000398
    -0.002683    -0.048293     0.453210     0.783125     0.000860
    -0.002683    -0.048293     0.454552     0.783125     0.000662
    -0.002683    -0.048293     0.455893     0.783125     0.000898
    -0.002683     0.048293     0.451869     0.783125     0.000804
    -0.002683     0.048293     0.453210     0.783125     0.000793
    -0.002683     0.048293     0.455893     0.783125     0.000244
     0.000000    -0.048293     0.455893     0.783125     0.000408
     0.000000    -0.048293     0.457235     0.783125     0.000609
     0.000000    -0.048293     0.458576     0.783125     0.000600
     0.000000     0.048293     0.455893     0.783125     0.000102
     0.000000     0.048293     0.457235     0.783125     0.000701
     0.000000     0.048293     0.458576     0.783125     0.000153
     0.002683    -0.048293     0.458576     0.783125     0.000766
     0.002683    -0.048293     0.461259     0.783125     0.000466
     0.002683     0.048293     0.458576     0.783125     0.000206
     0.002683     0.048293     0.461259     0.783125     0.000713
     0.005366    -0.048293     0.459918     0.783125     0.000709
     0.005366    -0.048293     0.465283     0.783125     0.000134
     0.005366     0.048293     0.461259     0.783125     0.000956
     0.005366     0.048293     0.465283     0.783125     0.000568
     0.008049    -0.048293     0.462601     0.783125     0.000243
     0.008049     0.048293     0.469308     0.783125     0.000371
     0.010732    -0.048293     0.465283     0.783125     0.000582
     0.010732    -0.048293     0.471991     0.783125     0.000041
     0.010732     0.048293     0.471991     0.783125     0.000844
     0.013415    -0.048293     0.469308     0.783125     0.000346
     0.013415     0.048293     0.469308     0.783125     0.000178
     0.013415     0.048293     0.474674     0.783125     0.000054
     0.018780    -0.045610     0.471991     0.783125     0.000599
     0.018780    -0.045610     0.476015     0.783125     0.000150
     0.018780     0.045610     0.473332     0.783125     0.000442
     0.018780     0.045610     0.474674     0.783125     0.000931
     0.018780     0.045610     0.476015     0.783125     0.000217
     0.021463    -0.045610     0.474674     0.783125     0.000718
     0.021463    -0.045610     0.476015     0.783125     0.000742
     0.021463    -0.045610     0.477357     0.783125     0.000643
     0.021463    -0.045610     0.478698     0.783125     0.000980
     0.021463     0.045610     0.474674     0.783125     0.000547
     0.021463     0.045610     0.478698     0.783125     0.000348
     0.026829    -0.042927     0.477357     0.783125     0.000986
     0.026829     0.042927     0.477357     0.783125     0.000310
     0.026829     0.042927     0.478698     0.783125     0.000855
     0.029512    -0.040244     0.474674     0.783125     0.000717
     0.029512    -0.040244     0.477357     0.783125     0.000191
     0.029512     0.040244     0.474674     0.783125     0.000709
     0.029512     0.040244     0.477357     0.783125     0.000120
     0.032195    -0.037561     0.471991     0.783125     0.000998
     0.032195    -0.037561     0.476015     0.783125     0.000975
     0.032195     0.037561     0.471991     0.783125     0.000681
     0.032195     0.037561     0.474674     0.783125     0.000968
     0.034878    -0.034878     0.467966     0.783125     0.000398
     0.034878    -0.034878     0.473332     0.783125     0.000240
     0.034878     0.034878     0.467966     0.783125     0.000628
     0.034878     0.034878     0.473332     0.783125     0.000076
     0.037561    -0.032195     0.470649     0.783125     0.000125
     0.037561     0.032195     0.470649     0.783125     0.000094
     0.040244    -0.029512     0.462601     0.783125     0.000280
     0.040244    -0.029512     0.463942     0.783125     0.000544
     0.040244    -0.029512     0.465283     0.783125     0.000071
     0.040244    -0.026829     0.458576     0.783125     0.000010
     0.040244     0.026829     0.458576     0.783125     0.000603
     0.040244     0.026829     0.462601     0.783125     0.000688
     0.040244     0.029512     0.462601     0.783125     0.000414
     0.040244     0.029512     0.465283     0.783125     0.000736
     0.042927    -0.024146     0.459918     0.783125     0.000162
     0.042927    -0.021463     0.454552     0.783125     0.000757
     0.042927     0.024146     0.459918     0.783125     0.000429
     0.045610    -0.018780     0.453210     0.783125     0.000332
     0.045610    -0.016098     0.447844     0.783125     0.000216
     0.045610    -0.016098     0.449186     0.783125     0.000473
     0.045610     0.016098     0.447844     0.783125     0.000658
     0.045610     0.016098     0.449186     0.783125     0.000855
     0.045610     0.018780     0.453210     0.783125     0.000158
     0.048293    -0.013415     0.442479     0.783125     0.000127
     0.048293    -0.013415     0.443820     0.783125     0.000651
     0.048293    -0.013415     0.445162     0.783125     0.000328
     0.048293    -0.010732     0.441137     0.783125     0.000911
     0.048293    -0.010732     0.443820     0.783125     0.000905
     0.048293     0.010732     0.441137     0.783125     0.000692
     0.048293     0.010732     0.443820     0.783125     0.000809
     0.048293     0.013415     0.442479     0.783125     0.000182
     0.048293     0.013415     0.443820     0.783125     0.000791
     0.048293     0.013415     0.445162     0.783125     0.000138


    -0.050976    -0.002683     0.477357     0.784583     0.000325
    -0.050976    -0.002683     0.478698     0.784583     0.000972
    -0.050976    -0.002683     0.480040     0.784583     0.000694
    -0.050976     0.000000     0.477357     0.784583     0.000149
    -0.050976     0.000000     0.481381     0.784583     0.000174
    -0.050976     0.002683     0.477357     0.784583     0.000398
    -0.050976     0.002683     0.478698     0.784583     0.000905
    -0.050976     0.002683     0.480040     0.784583     0.000651
    -0.048293    -0.013415     0.470649     0.784583     0.000283
    -0.048293    -0.013415     0.471991     0.784583     0.000968
    -0.048293    -0.013415     0.473332     0.784583     0.000142
    -0.048293    -0.010732     0.470649     0.784583     0.000298
    -0.048293    -0.010732     0.476015     0.784583     0.000453
    -0.048293    -0.008049     0.473332     0.784583     0.000204
    -0.048293    -0.008049     0.474674     0.784583     0.000145
    -0.048293     0.008049     0.473332     0.784583     0.000105
    -0.048293     0.008049     0.474674     0.784583     0.000010
    -0.048293     0.010732     0.470649     0.784583     0.000201
    -0.048293     0.010732     0.476015     0.784583     0.000347
    -0.048293     0.013415     0.470649     0.784583     0.000059
    -0.048293     0.013415     0.471991     0.784583     0.000663
    -0.048293     0.013415     0.473332     0.784583     0.000067
    -0.045610    -0.018780     0.463942     0.784583     0.000246
    -0.045610    -0.018780     0.465283     0.784583     0.000302
    -0.045610    -0.018780     0.466625     0.784583     0.000501
    -0.045610     0.018780     0.463942     0.784583     0.000483
    -0.045610     0.018780     0.465283     0.784583     0.000101
    -0.045610     0.018780     0.466625     0.784583     0.000626
    -0.042927    -0.024146     0.457235     0.784583     0.000811
    -0.042927    -0.024146     0.458576     0.784583     0.000837
    -0.037561    -0.032195     0.443820     0.784583     0.000637
    -0.037561    -0.032195     0.449186     0.784583     0.000847
    -0.037561     0.032195     0.443820     0.784583     0.000730
    -0.037561     0.032195     0.449186     0.784583     0.000920
    -0.034878     0.034878     0.446503     0.784583     0.000999
    -0.032195     0.037561     0.437113     0.784583     0.000621
    -0.032195     0.037561     0.443820     0.784583     0.000775
    -0.029512    -0.040244     0.441137     0.784583     0.000320
    -0.029512     0.040244     0.441137     0.784583     0.000556
    -0.026829    -0.042927     0.433088     0.784583     0.000709
    -0.026829     0.042927     0.438454     0.784583     0.000793
    -0.024146    -0.042927     0.437113     0.784583     0.000301
    -0.024146    -0.042927     0.438454     0.784583     0.000760
    -0.024146    -0.042927     0.439796     0.784583     0.000375
    -0.024146     0.042927     0.435771     0.784583     0.000820
    -0.024146     0.042927     0.439796     0.784583     0.000690
    -0.021463    -0.045610     0.439796     0.784583     0.000438
    -0.021463     0.045610     0.434430     0.784583     0.000466
    -0.021463     0.045610     0.439796     0.784583     0.000411
    -0.018780    -0.045610     0.437113     0.784583     0.000209
    -0.018780     0.045610     0.437113     0.784583     0.000592
    -0.018780     0.045610     0.442479     0.784583     0.000714
    -0.016098    -0.048293     0.438454     0.784583     0.000582
    -0.016098    -0.048293     0.439796     0.784583     0.000739
    -0.013415     0.048293     0.439796     0.784583     0.000737
    -0.013415     0.048293     0.445162     0.784583     0.000947
    -0.010732    -0.048293     0.447844     0.784583     0.000008
    -0.010732     0.048293     0.447844     0.784583     0.000775
    -0.008049    -0.048293     0.445162     0.784583     0.000605
    -0.008049    -0.048293     0.450527     0.784583     0.000164
    -0.008049     0.048293     0.445162     0.784583     0.000078
    -0.008049     0.048293     0.450527     0.784583     0.000757
    -0.005366    -0.048293     0.449186     0.784583     0.000951
    -0.005366    -0.048293     0.453210     0.784583     0.000747
    -0.005366     0.048293     0.449186     0.784583     0.000680
    -0.005366     0.048293     0.453210     0.784583     0.000080
    -0.002683    -0.048293     0.451869     0.784583     0.000514
    -0.002683    -0.048293     0.453210     0.784583     0.000706
    -0.002683    -0.048293     0.454552     0.784583     0.000499
    -0.002683     0.048293     0.451869     0.784583     0.000915
    -0.002683     0.048293     0.453210     0.784583     0.000640
    -0.002683     0.048293     0.454552     0.784583     0.000841
    -0.002683     0.048293     0.455893     0.784583     0.000399
     0.000000    -0.048293     0.455893     0.784583     0.000272
     0.000000    -0.048293     0.457235     0.784583     0.000467
     0.000000    -0.048293     0.458576     0.784583     0.000721
     0.000000     0.048293     0.455893     0.784583     0.000030
     0.000000     0.048293     0.457235     0.784583     0.000557
     0.000000     0.048293     0.458576     0.784583     0.000280
     0.002683    -0.048293     0.458576     0.784583     0.000636
     0.002683    -0.048293     0.461259     0.784583     0.000363
     0.002683     0.048293     0.458576     0.784583     0.000085
     0.002683     0.048293     0.461259     0.784583     0.000608
     0.005366    -0.048293     0.459918     0.784583     0.000819
     0.005366    -0.048293     0.465283     0.784583     0.000100
     0.005366     0.048293     0.461259     0.784583     0.000839
     0.005366     0.048293     0.465283     0.784583     0.000532
     0.008049    -0.048293     0.462601     0.784583     0.000352
     0.008049    -0.048293     0.469308     0.784583     0.000949
     0.008049     0.048293     0.469308     0.784583     0.000314
     0.010732    -0.048293     0.465283     0.784583     0.000677
     0.010732    -0.048293     0.471991     0.784583     0.000162
     0.010732     0.048293     0.471991     0.784583     0.000980
     0.013415    -0.048293     0.469308     0.784583     0.000303
     0.013415    -0.048293     0.474674     0.784583     0.000896
     0.013415     0.048293     0.469308     0.784583     0.000136
     0.013415     0.048293     0.474674     0.784583     0.000133
     0.018780    -0.045610     0.471991     0.784583     0.000314
     0.018780    -0.045610     0.476015     0.784583     0.000674
     0.018780     0.045610     0.473332     0.784583     0.000836
     0.018780     0.045610     0.476015     0.784583     0.000287
     0.021463    -0.045610     0.474674     0.784583     0.000450
     0.021463    -0.045610     0.478698     0.784583     0.000510
     0.021463     0.045610     0.474674     0.784583     0.000270
     0.021463     0.045610     0.478698     0.784583     0.000161
     0.024146    -0.042927     0.474674     0.784583     0.000782
     0.024146    -0.042927     0.476015     0.784583     0.000551
     0.026829    -0.042927     0.477357     0.784583     0.000568
     0.026829     0.042927     0.476015     0.784583     0.000895
     0.026829     0.042927     0.477357     0.784583     0.000147
     0.026829     0.042927     0.478698     0.784583     0.000349
     0.029512    -0.040244     0.473332     0.784583     0.000780
     0.029512    -0.040244     0.477357     0.784583     0.000396
     0.029512     0.040244     0.473332     0.784583     0.000851
     0.029512     0.040244     0.477357     0.784583     0.000480
     0.032195    -0.037561     0.476015     0.784583     0.000447
     0.032195     0.037561     0.476015     0.784583     0.000668
     0.034878    -0.034878     0.467966     0.784583     0.000177
     0.034878    -0.034878     0.473332     0.784583     0.000709
     0.034878     0.034878     0.467966     0.784583     0.000402
     0.034878     0.034878     0.473332     0.784583     0.000546
     0.037561    -0.032195     0.470649     0.784583     0.000158
     0.037561     0.032195     0.470649     0.784583     0.000395
     0.040244    -0.029512     0.462601     0.784583     0.000308
     0.040244    -0.029512     0.463942     0.784583     0.000540
     0.040244    -0.029512     0.465283     0.784583     0.000045
     0.040244    -0.026829     0.458576     0.784583     0.000208
     0.040244    -0.026829     0.463942     0.784583     0.000907
     0.040244     0.026829     0.458576     0.784583     0.000402
     0.040244     0.026829     0.462601     0.784583     0.000972
     0.040244     0.029512     0.462601     0.784583     0.000397
     0.040244     0.029512     0.465283     0.784583     0.000778
     0.042927    -0.024146     0.459918     0.784583     0.000219
     0.042927    -0.021463     0.454552     0.784583     0.000480
     0.042927     0.024146     0.459918     0.784583     0.000503
     0.045610    -0.018780     0.446503     0.784583     0.000911
     0.045610    -0.018780     0.453210     0.784583     0.000239
     0.045610    -0.016098     0.446503     0.784583     0.000898
     0.045610    -0.016098     0.447844     0.784583     0.000182
     0.045610    -0.016098     0.449186     0.784583     0.000118
     0.045610     0.016098     0.447844     0.784583     0.000262
     0.045610     0.016098     0.449186     0.784583     0.000499
     0.045610     0.018780     0.453210     0.784583     0.000047
     0.048293    -0.013415     0.442479     0.784583     0.000456
     0.048293    -0.013415     0.443820     0.784583     0.000943
     0.048293    -0.013415     0.445162     0.784583     0.000116
     0.048293    -0.010732     0.439796     0.784583     0.000752
     0.048293    -0.010732     0.445162     0.784583     0.000947
     0.048293     0.010732     0.439796     0.784583     0.000979
     0.048293     0.010732     0.445162     0.784583     0.000971
     0.048293     0.013415     0.442479     0.784583     0.000530
     0.048293     0.013415     0.445162     0.784583     0.000094


    -0.050976    -0.002683     0.477357     0.786042     0.000591
    -0.050976    -0.002683     0.478698     0.786042     0.000743
    -0.050976    -0.002683     0.480040     0.786042     0.000558
    -0.050976     0.000000     0.477357     0.786042     0.000120
    -0.050976     0.000000     0.481381     0.786042     0.000203
    -0.050976     0.002683     0.477357     0.786042     0.000666
    -0.050976     0.002683     0.478698     0.786042     0.000675
    -0.050976     0.002683     0.480040     0.786042     0.000511
    -0.048293    -0.013415     0.470649     0.786042     0.000238
    -0.048293    -0.013415     0.471991     0.786042     0.000457
    -0.048293    -0.013415     0.473332     0.786042     0.000269
    -0.048293    -0.010732     0.470649     0.786042     0.000102
    -0.048293    -0.010732     0.476015     0.786042     0.000602
    -0.048293    -0.008049     0.473332     0.786042     0.000377
    -0.048293    -0.008049     0.474674     0.786042     0.000260
    -0.048293     0.008049     0.473332     0.786042     0.000292
    -0.048293     0.008049     0.474674     0.786042     0.000137
    -0.048293     0.010732     0.470649     0.786042     0.000207
    -0.048293     0.010732     0.476015     0.786042     0.000512
    -0.048293     0.013415     0.470649     0.786042     0.000575
    -0.048293     0.013415     0.471991     0.786042     0.000154
    -0.048293     0.013415     0.473332     0.786042     0.000483
    -0.045610    -0.018780     0.463942     0.786042     0.000824
    -0.045610    -0.018780     0.465283     0.786042     0.000287
    -0.045610     0.018780     0.465283     0.786042     0.000491
    -0.037561    -0.032195     0.443820     0.786042     0.000961
    -0.037561    -0.032195     0.447844     0.786042     0.000830
    -0.037561     0.032195     0.445162     0.786042     0.000906
    -0.037561     0.032195     0.447844     0.786042     0.000690
    -0.032195    -0.037561     0.437113     0.786042     0.000947
    -0.032195     0.037561     0.437113     0.786042     0.000551
    -0.029512    -0.040244     0.441137     0.786042     0.000170
    -0.029512     0.040244     0.441137     0.786042     0.000396
    -0.026829    -0.042927     0.433088     0.786042     0.000484
    -0.026829     0.042927     0.438454     0.786042     0.000698
    -0.024146    -0.042927     0.437113     0.786042     0.000541
    -0.024146    -0.042927     0.438454     0.786042     0.000929
    -0.024146    -0.042927     0.439796     0.786042     0.000296
    -0.024146     0.042927     0.435771     0.786042     0.000539
    -0.024146     0.042927     0.439796     0.786042     0.000774
    -0.021463    -0.045610     0.439796     0.786042     0.000343
    -0.021463     0.045610     0.434430     0.786042     0.000692
    -0.021463     0.045610     0.439796     0.786042     0.000313
    -0.018780    -0.045610     0.437113     0.786042     0.000448
    -0.018780     0.045610     0.437113     0.786042     0.000838
    -0.018780     0.045610     0.442479     0.786042     0.000755
    -0.016098    -0.048293     0.438454     0.786042     0.000680
    -0.016098    -0.048293     0.439796     0.786042     0.000897
    -0.013415     0.048293     0.439796     0.786042     0.000666
    -0.010732    -0.048293     0.447844     0.786042     0.000263
    -0.010732     0.048293     0.447844     0.786042     0.000477
    -0.008049    -0.048293     0.445162     0.786042     0.000488
    -0.008049    -0.048293     0.450527     0.786042     0.000411
    -0.008049     0.048293     0.445162     0.786042     0.000033
    -0.008049     0.048293     0.450527     0.786042     0.000481
    -0.005366    -0.048293     0.449186     0.786042     0.000773
    -0.005366    -0.048293     0.453210     0.786042     0.000957
    -0.005366     0.048293     0.449186     0.786042     0.000507
    -0.005366     0.048293     0.453210     0.786042     0.000151
    -0.002683    -0.048293     0.451869     0.786042     0.000668
    -0.002683    -0.048293     0.453210     0.786042     0.000510
    -0.002683    -0.048293     0.454552     0.786042     0.000293
    -0.002683     0.048293     0.453210     0.786042     0.000444
    -0.002683     0.048293     0.454552     0.786042     0.000626
    -0.002683     0.048293     0.455893     0.786042     0.000593
     0.000000    -0.048293     0.455893     0.786042     0.000094
     0.000000    -0.048293     0.457235     0.786042     0.000283
     0.000000    -0.048293     0.458576     0.786042     0.000880
     0.000000     0.048293     0.455893     0.786042     0.000201
     0.000000     0.048293     0.457235     0.786042     0.000371
     0.000000     0.048293     0.458576     0.786042     0.000447
     0.002683    -0.048293     0.458576     0.786042     0.000463
     0.002683    -0.048293     0.461259     0.786042     0.000217
     0.002683     0.048293     0.458576     0.786042     0.000078
     0.002683     0.048293     0.459918     0.786042     0.000931
     0.002683     0.048293     0.461259     0.786042     0.000457
     0.005366    -0.048293     0.459918     0.786042     0.000966
     0.005366    -0.048293     0.465283     0.786042     0.000022
     0.005366     0.048293     0.461259     0.786042     0.000677
     0.005366     0.048293     0.465283     0.786042     0.000451
     0.008049    -0.048293     0.462601     0.786042     0.000501
     0.008049    -0.048293     0.469308     0.786042     0.000936
     0.008049     0.048293     0.469308     0.786042     0.000299
     0.010732    -0.048293     0.465283     0.786042     0.000811
     0.010732    -0.048293     0.471991     0.786042     0.000240
     0.013415    -0.048293     0.469308     0.786042     0.000216
     0.013415    -0.048293     0.474674     0.786042     0.000768
     0.013415     0.048293     0.469308     0.786042     0.000053
     0.013415     0.048293     0.474674     0.786042     0.000279
     0.018780    -0.045610     0.471991     0.786042     0.000063
     0.018780     0.045610     0.471991     0.786042     0.000944
     0.018780     0.045610     0.476015     0.786042     0.000775
     0.021463    -0.045610     0.474674     0.786042     0.000216
     0.021463    -0.045610     0.478698     0.786042     0.000058
     0.021463     0.045610     0.474674     0.786042     0.000027
     0.021463     0.045610     0.478698     0.786042     0.000655
     0.024146    -0.042927     0.474674     0.786042     0.000340
     0.024146    -0.042927     0.476015     0.786042     0.000025
     0.024146     0.042927     0.476015     0.786042     0.000796
     0.026829    -0.042927     0.477357     0.786042     0.000173
     0.026829    -0.042927     0.478698     0.786042     0.000649
     0.026829     0.042927     0.476015     0.786042     0.000580
     0.026829     0.042927     0.477357     0.786042     0.000582
     0.026829     0.042927     0.478698     0.786042     0.000142
     0.029512    -0.040244     0.473332     0.786042     0.000479
     0.029512    -0.040244     0.477357     0.786042     0.000978
     0.029512     0.040244     0.473332     0.786042     0.000546
     0.032195    -0.037561     0.470649     0.786042     0.000797
     0.032195    -0.037561     0.476015     0.786042     0.000069
     0.032195     0.037561     0.476015     0.786042     0.000157
     0.034878    -0.034878     0.467966     0.786042     0.000005
     0.034878     0.034878     0.467966     0.786042     0.000214
     0.034878     0.034878     0.473332     0.786042     0.000994
     0.037561    -0.032195     0.470649     0.786042     0.000404
     0.037561     0.032195     0.470649     0.786042     0.000660
     0.040244    -0.029512     0.462601     0.786042     0.000377
     0.040244    -0.029512     0.463942     0.786042     0.000490
     0.040244    -0.029512     0.465283     0.786042     0.000062
     0.040244    -0.026829     0.458576     0.786042     0.000364
     0.040244    -0.026829     0.463942     0.786042     0.000704
     0.040244     0.026829     0.458576     0.786042     0.000239
     0.040244     0.029512     0.462601     0.786042     0.000335
     0.040244     0.029512     0.465283     0.786042     0.000772
     0.042927    -0.024146     0.459918     0.786042     0.000231
     0.042927    -0.021463     0.453210     0.786042     0.000776
     0.042927    -0.021463     0.454552     0.786042     0.000238
     0.042927     0.021463     0.454552     0.786042     0.000833
     0.042927     0.024146     0.459918     0.786042     0.000531
     0.045610    -0.018780     0.446503     0.786042     0.000743
     0.045610    -0.018780     0.453210     0.786042     0.000188
     0.045610    -0.016098     0.446503     0.786042     0.000536
     0.045610    -0.016098     0.447844     0.786042     0.000552
     0.045610    -0.016098     0.449186     0.786042     0.000205
     0.045610     0.016098     0.446503     0.786042     0.000986
     0.045610     0.016098     0.447844     0.786042     0.000107
     0.045610     0.016098     0.449186     0.786042     0.000173
     0.045610     0.018780     0.446503     0.786042     0.000856
     0.045610     0.018780     0.453210     0.786042     0.000021
     0.048293    -0.013415     0.442479     0.786042     0.000749
     0.048293    -0.013415     0.445162     0.786042     0.000058
     0.048293    -0.010732     0.439796     0.786042     0.000242
     0.048293    -0.010732     0.445162     0.786042     0.000657
     0.048293    -0.008049     0.441137     0.786042     0.000918
     0.048293     0.010732     0.439796     0.786042     0.000467
     0.048293     0.010732     0.445162     0.786042     0.000670
     0.048293     0.013415     0.442479     0.786042     0.000844
     0.048293     0.013415     0.445162     0.786042     0.000288


    -0.050976    -0.002683     0.477357     0.787500     0.000966
    -0.050976    -0.002683     0.478698     0.787500     0.000399
    -0.050976    -0.002683     0.480040     0.787500     0.000303
    -0.050976     0.000000     0.477357     0.787500     0.000498
    -0.050976     0.000000     0.481381     0.787500     0.000350
    -0.050976     0.002683     0.478698     0.787500     0.000329
    -0.050976     0.002683     0.480040     0.787500     0.000252
    -0.048293    -0.013415     0.470649     0.787500     0.000847
    -0.048293    -0.013415     0.471991     0.787500     0.000144
    -0.048293    -0.013415     0.473332     0.787500     0.000778
    -0.048293    -0.010732     0.470649     0.787500     0.000602
    -0.048293    -0.010732     0.476015     0.787500     0.000866
    -0.048293    -0.008049     0.473332     0.787500     0.000666
    -0.048293    -0.008049     0.474674     0.787500     0.000492
    -0.048293     0.008049     0.473332     0.787500     0.000593
    -0.048293     0.008049     0.474674     0.787500     0.000383
    -0.048293     0.010732     0.470649     0.787500     0.000715
    -0.048293     0.010732     0.476015     0.787500     0.000792
    -0.048293     0.013415     0.471991     0.787500     0.000445
    -0.048293     0.013415     0.473332     0.787500     0.000998
    -0.045610    -0.018780     0.465283     0.787500     0.000954
    -0.037561    -0.032195     0.445162     0.787500     0.000491
    -0.037561    -0.032195     0.447844     0.787500     0.000188
    -0.037561     0.032195     0.445162     0.787500     0.000336
    -0.037561     0.032195     0.446503     0.787500     0.000934
    -0.037561     0.032195     0.447844     0.787500     0.000047
    -0.034878    -0.034878     0.441137     0.787500     0.000985
    -0.034878    -0.034878     0.445162     0.787500     0.000735
    -0.032195    -0.037561     0.437113     0.787500     0.000990
    -0.032195     0.037561     0.437113     0.787500     0.000599
    -0.029512    -0.040244     0.441137     0.787500     0.000098
    -0.029512     0.040244     0.441137     0.787500     0.000117
    -0.026829    -0.042927     0.433088     0.787500     0.000375
    -0.026829    -0.042927     0.438454     0.787500     0.000994
    -0.026829     0.042927     0.438454     0.787500     0.000480
    -0.024146    -0.042927     0.437113     0.787500     0.000661
    -0.024146    -0.042927     0.438454     0.787500     0.000974
    -0.024146    -0.042927     0.439796     0.787500     0.000337
    -0.024146     0.042927     0.435771     0.787500     0.000370
    -0.024146     0.042927     0.439796     0.787500     0.000732
    -0.021463    -0.045610     0.439796     0.787500     0.000127
    -0.021463     0.045610     0.434430     0.787500     0.000797
    -0.021463     0.045610     0.439796     0.787500     0.000095
    -0.018780    -0.045610     0.437113     0.787500     0.000568
    -0.018780    -0.045610     0.441137     0.787500     0.000941
    -0.018780     0.045610     0.437113     0.787500     0.000963
    -0.018780     0.045610     0.442479     0.787500     0.000914
    -0.016098    -0.048293     0.438454     0.787500     0.000894
    -0.013415     0.048293     0.439796     0.787500     0.000471
    -0.010732    -0.048293     0.447844     0.787500     0.000644
    -0.010732     0.048293     0.447844     0.787500     0.000068
    -0.008049    -0.048293     0.445162     0.787500     0.000249
    -0.008049    -0.048293     0.450527     0.787500     0.000770
    -0.008049     0.048293     0.445162     0.787500     0.000264
    -0.008049     0.048293     0.450527     0.787500     0.000091
    -0.005366    -0.048293     0.449186     0.787500     0.000474
    -0.005366    -0.048293     0.451869     0.787500     0.000674
    -0.005366     0.048293     0.449186     0.787500     0.000214
    -0.005366     0.048293     0.453210     0.787500     0.000496
    -0.002683    -0.048293     0.451869     0.787500     0.000937
    -0.002683    -0.048293     0.453210     0.787500     0.000194
    -0.002683    -0.048293     0.454552     0.787500     0.000029
    -0.002683     0.048293     0.453210     0.787500     0.000130
    -0.002683     0.048293     0.454552     0.787500     0.000294
    -0.002683     0.048293     0.455893     0.787500     0.000900
     0.000000    -0.048293     0.455893     0.787500     0.000201
     0.000000    -0.048293     0.457235     0.787500     0.000019
     0.000000     0.048293     0.455893     0.787500     0.000489
     0.000000     0.048293     0.457235     0.787500     0.000066
     0.000000     0.048293     0.458576     0.787500     0.000730
     0.002683    -0.048293     0.458576     0.787500     0.000169
     0.002683    -0.048293     0.459918     0.787500     0.000796
     0.002683    -0.048293     0.461259     0.787500     0.000048
     0.002683     0.048293     0.458576     0.787500     0.000357
     0.002683     0.048293     0.459918     0.787500     0.000634
     0.002683     0.048293     0.461259     0.787500     0.000187
     0.005366    -0.048293     0.465283     0.787500     0.000177
     0.005366     0.048293     0.461259     0.787500     0.000394
     0.005366     0.048293     0.465283     0.787500     0.000247
     0.008049    -0.048293     0.462601     0.787500     0.000765
     0.008049     0.048293     0.469308     0.787500     0.000404
     0.010732    -0.048293     0.471991     0.787500     0.000195
     0.013415    -0.048293     0.469308     0.787500     0.000008
     0.013415    -0.048293     0.474674     0.787500     0.000756
     0.013415     0.048293     0.469308     0.787500     0.000151
     0.013415     0.048293     0.474674     0.787500     0.000305
     0.018780    -0.045610     0.471991     0.787500     0.000071
     0.018780     0.045610     0.471991     0.787500     0.000826
     0.021463    -0.045610     0.474674     0.787500     0.000097
     0.021463    -0.045610     0.478698     0.787500     0.000294
     0.021463     0.045610     0.474674     0.787500     0.000099
     0.024146    -0.042927     0.474674     0.787500     0.000002
     0.024146    -0.042927     0.476015     0.787500     0.000408
     0.024146    -0.042927     0.477357     0.787500     0.000729
     0.024146     0.042927     0.474674     0.787500     0.000863
     0.024146     0.042927     0.476015     0.787500     0.000401
     0.026829    -0.042927     0.476015     0.787500     0.000972
     0.026829    -0.042927     0.477357     0.787500     0.000118
     0.026829    -0.042927     0.478698     0.787500     0.000301
     0.026829     0.042927     0.476015     0.787500     0.000374
     0.026829     0.042927     0.477357     0.787500     0.000914
     0.026829     0.042927     0.478698     0.787500     0.000537
     0.029512    -0.040244     0.473332     0.787500     0.000289
     0.029512     0.040244     0.473332     0.787500     0.000351
     0.032195    -0.037561     0.470649     0.787500     0.000665
     0.032195    -0.037561     0.476015     0.787500     0.000491
     0.032195     0.037561     0.470649     0.787500     0.000960
     0.032195     0.037561     0.476015     0.787500     0.000260
     0.034878    -0.034878     0.467966     0.787500     0.000068
     0.034878     0.034878     0.467966     0.787500     0.000143
     0.037561    -0.032195     0.470649     0.787500     0.000532
     0.037561     0.032195     0.470649     0.787500     0.000807
     0.040244    -0.029512     0.462601     0.787500     0.000565
     0.040244    -0.029512     0.463942     0.787500     0.000316
     0.040244    -0.029512     0.465283     0.787500     0.000200
     0.040244    -0.026829     0.458576     0.787500     0.000397
     0.040244    -0.026829     0.463942     0.787500     0.000617
     0.040244     0.026829     0.458576     0.787500     0.000197
     0.040244     0.029512     0.462601     0.787500     0.000151
     0.040244     0.029512     0.465283     0.787500     0.000641
     0.042927    -0.024146     0.459918     0.787500     0.000119
     0.042927    -0.021463     0.453210     0.787500     0.000652
     0.042927    -0.021463     0.454552     0.787500     0.000113
     0.042927    -0.021463     0.455893     0.787500     0.000899
     0.042927     0.021463     0.454552     0.787500     0.000704
     0.042927     0.024146     0.459918     0.787500     0.000434
     0.045610    -0.018780     0.446503     0.787500     0.000691
     0.045610    -0.018780     0.453210     0.787500     0.000258
     0.045610    -0.016098     0.446503     0.787500     0.000282
     0.045610    -0.016098     0.447844     0.787500     0.000811
     0.045610    -0.016098     0.449186     0.787500     0.000414
     0.045610     0.016098     0.446503     0.787500     0.000730
     0.045610     0.016098     0.447844     0.787500     0.000367
     0.045610     0.016098     0.449186     0.787500     0.000041
     0.045610     0.018780     0.446503     0.787500     0.000787
     0.045610     0.018780     0.453210     0.787500     0.000033
     0.048293    -0.013415     0.441137     0.787500     0.000894
     0.048293    -0.013415     0.442479     0.787500     0.000925
     0.048293    -0.013415     0.445162     0.787500     0.000112
     0.048293    -0.010732     0.439796     0.787500     0.000174
     0.048293    -0.010732     0.445162     0.787500     0.000479
     0.048293    -0.008049     0.441137     0.787500     0.000481
     0.048293    -0.008049     0.442479     0.787500     0.000804
     0.048293     0.008049     0.441137     0.787500     0.000696
     0.048293     0.008049     0.442479     0.787500     0.000976
     0.048293     0.010732     0.439796     0.787500     0.000049
     0.048293     0.010732     0.445162     0.787500     0.000480
     0.048293     0.013415     0.441137     0.787500     0.000873
     0.048293     0.013415     0.445162     0.787500     0.000362


    -0.050976    -0.002683     0.478698     0.788958     0.000061
    -0.050976    -0.002683     0.480040     0.788958     0.000073
    -0.050976     0.000000     0.477357     0.788958     0.000987
    -0.050976     0.000000     0.478698     0.788958     0.000646
    -0.050976     0.000000     0.480040     0.788958     0.000798
    -0.050976     0.000000     0.481381     0.788958     0.000619
    -0.050976     0.002683     0.478698     0.788958     0.000133
    -0.050976     0.002683     0.480040     0.788958     0.000126
    -0.048293    -0.013415     0.471991     0.788958     0.000835
    -0.048293    -0.010732     0.471991     0.788958     0.000924
    -0.048293    -0.010732     0.474674     0.788958     0.000909
    -0.048293    -0.008049     0.474674     0.788958     0.000843
    -0.048293     0.008049     0.474674     0.788958     0.000747
    -0.048293     0.010732     0.471991     0.788958     0.000817
    -0.048293     0.010732     0.474674     0.788958     0.000916
    -0.037561    -0.032195     0.445162     0.788958     0.000174
    -0.037561    -0.032195     0.446503     0.788958     0.000357
    -0.037561    -0.032195     0.447844     0.788958     0.000540
    -0.037561     0.032195     0.445162     0.788958     0.000330
    -0.037561     0.032195     0.446503     0.788958     0.000185
    -0.037561     0.032195     0.447844     0.788958     0.000682
    -0.034878    -0.034878     0.441137     0.788958     0.000551
    -0.034878    -0.034878     0.445162     0.788958     0.000138
    -0.034878     0.034878     0.441137     0.788958     0.000856
    -0.034878     0.034878     0.445162     0.788958     0.000413
    -0.032195    -0.037561     0.442479     0.788958     0.000890
    -0.032195     0.037561     0.437113     0.788958     0.000769
    -0.029512    -0.040244     0.441137     0.788958     0.000485
    -0.029512     0.040244     0.441137     0.788958     0.000281
    -0.026829    -0.042927     0.433088     0.788958     0.000384
    -0.026829    -0.042927     0.438454     0.788958     0.000645
    -0.026829     0.042927     0.438454     0.788958     0.000139
    -0.024146    -0.042927     0.437113     0.788958     0.000657
    -0.024146    -0.042927     0.438454     0.788958     0.000889
    -0.024146    -0.042927     0.439796     0.788958     0.000501
    -0.024146     0.042927     0.435771     0.788958     0.000319
    -0.024146     0.042927     0.439796     0.788958     0.000562
    -0.021463    -0.045610     0.439796     0.788958     0.000210
    -0.021463     0.045610     0.434430     0.788958     0.000776
    -0.021463     0.045610     0.439796     0.788958     0.000245
    -0.018780    -0.045610     0.437113     0.788958     0.000563
    -0.018780    -0.045610     0.441137     0.788958     0.000706
    -0.018780     0.045610     0.437113     0.788958     0.000962
    -0.013415    -0.048293     0.443820     0.788958     0.000570
    -0.013415     0.048293     0.439796     0.788958     0.000152
    -0.013415     0.048293     0.443820     0.788958     0.000570
    -0.010732     0.048293     0.442479     0.788958     0.000783
    -0.010732     0.048293     0.447844     0.788958     0.000451
    -0.008049    -0.048293     0.445162     0.788958     0.000111
    -0.008049     0.048293     0.445162     0.788958     0.000614
    -0.008049     0.048293     0.450527     0.788958     0.000410
    -0.005366    -0.048293     0.449186     0.788958     0.000055
    -0.005366    -0.048293     0.450527     0.788958     0.000888
    -0.005366    -0.048293     0.451869     0.788958     0.000193
    -0.005366     0.048293     0.449186     0.788958     0.000198
    -0.005366     0.048293     0.451869     0.788958     0.000716
    -0.005366     0.048293     0.453210     0.788958     0.000955
    -0.002683    -0.048293     0.453210     0.788958     0.000239
    -0.002683    -0.048293     0.454552     0.788958     0.000468
    -0.002683     0.048293     0.453210     0.788958     0.000301
    -0.002683     0.048293     0.454552     0.788958     0.000157
     0.000000    -0.048293     0.455893     0.788958     0.000614
     0.000000    -0.048293     0.457235     0.788958     0.000440
     0.000000     0.048293     0.455893     0.788958     0.000895
     0.000000     0.048293     0.457235     0.788958     0.000358
     0.002683    -0.048293     0.458576     0.788958     0.000243
     0.002683    -0.048293     0.459918     0.788958     0.000373
     0.002683    -0.048293     0.461259     0.788958     0.000434
     0.002683     0.048293     0.458576     0.788958     0.000755
     0.002683     0.048293     0.459918     0.788958     0.000216
     0.002683     0.048293     0.461259     0.788958     0.000205
     0.005366    -0.048293     0.461259     0.788958     0.000729
     0.005366    -0.048293     0.465283     0.788958     0.000498
     0.005366     0.048293     0.461259     0.788958     0.000010
     0.005366     0.048293     0.465283     0.788958     0.000081
     0.008049     0.048293     0.463942     0.788958     0.000958
     0.008049     0.048293     0.469308     0.788958     0.000632
     0.010732    -0.048293     0.471991     0.788958     0.000024
     0.010732     0.048293     0.471991     0.788958     0.000858
     0.013415    -0.048293     0.469308     0.788958     0.000321
     0.013415    -0.048293     0.474674     0.788958     0.000865
     0.013415     0.048293     0.469308     0.788958     0.000477
     0.013415     0.048293     0.474674     0.788958     0.000204
     0.018780    -0.045610     0.471991     0.788958     0.000084
     0.018780    -0.045610     0.477357     0.788958     0.000854
     0.018780     0.045610     0.471991     0.788958     0.000827
     0.021463    -0.045610     0.474674     0.788958     0.000100
     0.021463    -0.045610     0.478698     0.788958     0.000540
     0.021463     0.045610     0.474674     0.788958     0.000104
     0.024146    -0.042927     0.474674     0.788958     0.000237
     0.024146    -0.042927     0.476015     0.788958     0.000744
     0.024146    -0.042927     0.477357     0.788958     0.000382
     0.024146     0.042927     0.474674     0.788958     0.000660
     0.024146     0.042927     0.476015     0.788958     0.000106
     0.026829    -0.042927     0.476015     0.788958     0.000902
     0.026829    -0.042927     0.477357     0.788958     0.000297
     0.026829    -0.042927     0.478698     0.788958     0.000058
     0.026829     0.042927     0.476015     0.788958     0.000284
     0.026829     0.042927     0.478698     0.788958     0.000830
     0.029512    -0.040244     0.473332     0.788958     0.000217
     0.029512    -0.040244     0.478698     0.788958     0.000814
     0.029512     0.040244     0.473332     0.788958     0.000273
     0.029512     0.040244     0.478698     0.788958     0.000717
     0.032195    -0.037561     0.470649     0.788958     0.000651
     0.032195    -0.037561     0.476015     0.788958     0.000814
     0.032195     0.037561     0.470649     0.788958     0.000943
     0.032195     0.037561     0.476015     0.788958     0.000578
     0.034878    -0.034878     0.467966     0.788958     0.000007
     0.034878     0.034878     0.467966     0.788958     0.000196
     0.037561    -0.032195     0.470649     0.788958     0.000536
     0.037561     0.032195     0.470649     0.788958     0.000828
     0.040244    -0.029512     0.462601     0.788958     0.000873
     0.040244    -0.029512     0.463942     0.788958     0.000018
     0.040244    -0.029512     0.465283     0.788958     0.000461
     0.040244    -0.026829     0.458576     0.788958     0.000303
     0.040244    -0.026829     0.463942     0.788958     0.000651
     0.040244     0.026829     0.458576     0.788958     0.000278
     0.040244     0.029512     0.462601     0.788958     0.000156
     0.040244     0.029512     0.463942     0.788958     0.000878
     0.040244     0.029512     0.465283     0.788958     0.000382
     0.042927    -0.024146     0.459918     0.788958     0.000118
     0.042927    -0.021463     0.453210     0.788958     0.000648
     0.042927    -0.021463     0.454552     0.788958     0.000110
     0.042927    -0.021463     0.455893     0.788958     0.000916
     0.042927     0.021463     0.454552     0.788958     0.000694
     0.042927     0.024146     0.459918     0.788958     0.000209
     0.045610    -0.018780     0.446503     0.788958     0.000760
     0.045610    -0.018780     0.453210     0.788958     0.000452
     0.045610    -0.016098     0.446503     0.788958     0.000142
     0.045610    -0.016098     0.447844     0.788958     0.000951
     0.045610    -0.016098     0.449186     0.788958     0.000503
     0.045610     0.016098     0.446503     0.788958     0.000587
     0.045610     0.016098     0.447844     0.788958     0.000510
     0.045610     0.016098     0.449186     0.788958     0.000137
     0.045610     0.018780     0.446503     0.788958     0.000839
     0.045610     0.018780     0.453210     0.788958     0.000212
     0.048293    -0.013415     0.441137     0.788958     0.000830
     0.048293    -0.013415     0.442479     0.788958     0.000978
     0.048293    -0.013415     0.445162     0.788958     0.000041
     0.048293    -0.010732     0.439796     0.788958     0.000490
     0.048293    -0.010732     0.445162     0.788958     0.000419
     0.048293    -0.008049     0.441137     0.788958     0.000141
     0.048293    -0.008049     0.442479     0.788958     0.000539
     0.048293     0.008049     0.441137     0.788958     0.000356
     0.048293     0.008049     0.442479     0.788958     0.000708
     0.048293     0.010732     0.439796     0.788958     0.000270
     0.048293     0.010732     0.445162     0.788958     0.000406
     0.048293     0.013415     0.441137     0.788958     0.000793
     0.048293     0.013415     0.445162     0.788958     0.000310


    -0.050976    -0.002683     0.478698     0.790417     0.000607
    -0.050976    -0.002683     0.480040     0.790417     0.000541
    -0.050976     0.000000     0.478698     0.790417     0.000084
    -0.050976     0.000000     0.480040     0.790417     0.000316
    -0.050976     0.000000     0.481381     0.790417     0.000982
    -0.050976     0.002683     0.478698     0.790417     0.000680
    -0.050976     0.002683     0.480040     0.790417     0.000597
    -0.048293    -0.010732     0.471991     0.790417     0.000185
    -0.048293    -0.010732     0.474674     0.790417     0.000298
    -0.048293     0.010732     0.471991     0.790417     0.000070
    -0.048293     0.010732     0.473332     0.790417     0.000974
    -0.048293     0.010732     0.474674     0.790417     0.000289
    -0.037561    -0.032195     0.445162     0.790417     0.000907
    -0.037561    -0.032195     0.446503     0.790417     0.000452
    -0.037561     0.032195     0.446503     0.790417     0.000622
    -0.034878    -0.034878     0.441137     0.790417     0.000025
    -0.034878    -0.034878     0.445162     0.790417     0.000536
    -0.034878     0.034878     0.441137     0.790417     0.000309
    -0.034878     0.034878     0.445162     0.790417     0.000284
    -0.032195    -0.037561     0.442479     0.790417     0.000322
    -0.032195     0.037561     0.442479     0.790417     0.000749
    -0.029512    -0.040244     0.441137     0.790417     0.000962
    -0.029512     0.040244     0.441137     0.790417     0.000770
    -0.026829    -0.042927     0.433088     0.790417     0.000490
    -0.026829    -0.042927     0.438454     0.790417     0.000200
    -0.026829     0.042927     0.438454     0.790417     0.000297
    -0.024146    -0.042927     0.437113     0.790417     0.000550
    -0.024146    -0.042927     0.438454     0.790417     0.000698
    -0.024146    -0.042927     0.439796     0.790417     0.000763
    -0.024146     0.042927     0.435771     0.790417     0.000363
    -0.024146     0.042927     0.439796     0.790417     0.000288
    -0.021463    -0.045610     0.439796     0.790417     0.000641
    -0.021463     0.045610     0.434430     0.790417     0.000653
    -0.021463     0.045610     0.439796     0.790417     0.000678
    -0.018780    -0.045610     0.437113     0.790417     0.000456
    -0.018780    -0.045610     0.441137     0.790417     0.000367
    -0.018780     0.045610     0.437113     0.790417     0.000857
    -0.013415    -0.048293     0.439796     0.790417     0.000712
    -0.013415    -0.048293     0.443820     0.790417     0.000039
    -0.013415     0.048293     0.439796     0.790417     0.000264
    -0.013415     0.048293     0.443820     0.790417     0.000040
    -0.010732     0.048293     0.442479     0.790417     0.000323
    -0.008049    -0.048293     0.445162     0.790417     0.000566
    -0.008049    -0.048293     0.449186     0.790417     0.000612
    -0.008049     0.048293     0.450527     0.790417     0.000996
    -0.005366    -0.048293     0.449186     0.790417     0.000456
    -0.005366    -0.048293     0.450527     0.790417     0.000314
    -0.005366    -0.048293     0.451869     0.790417     0.000374
    -0.005366     0.048293     0.449186     0.790417     0.000701
    -0.005366     0.048293     0.450527     0.790417     0.000438
    -0.005366     0.048293     0.451869     0.790417     0.000124
    -0.002683    -0.048293     0.453210     0.790417     0.000761
    -0.002683    -0.048293     0.454552     0.790417     0.000996
    -0.002683     0.048293     0.453210     0.790417     0.000822
    -0.002683     0.048293     0.454552     0.790417     0.000695
     0.000000    -0.048293     0.457235     0.790417     0.000950
     0.000000     0.048293     0.457235     0.790417     0.000870
     0.002683    -0.048293     0.458576     0.790417     0.000746
     0.002683    -0.048293     0.459918     0.790417     0.000143
     0.002683    -0.048293     0.461259     0.790417     0.000911
     0.002683     0.048293     0.459918     0.790417     0.000294
     0.002683     0.048293     0.461259     0.790417     0.000688
     0.005366    -0.048293     0.461259     0.790417     0.000206
     0.005366    -0.048293     0.463942     0.790417     0.000945
     0.005366    -0.048293     0.465283     0.790417     0.000913
     0.005366     0.048293     0.461259     0.790417     0.000507
     0.005366     0.048293     0.465283     0.790417     0.000506
     0.008049     0.048293     0.463942     0.790417     0.000447
     0.008049     0.048293     0.469308     0.790417     0.000957
     0.010732    -0.048293     0.471991     0.790417     0.000248
     0.010732     0.048293     0.466625     0.790417     0.000725
     0.010732     0.048293     0.471991     0.790417     0.000582
     0.013415    -0.048293     0.469308     0.790417     0.000745
     0.013415     0.048293     0.469308     0.790417     0.000895
     0.013415     0.048293     0.474674     0.790417     0.000002
     0.018780    -0.045610     0.471991     0.790417     0.000002
     0.018780    -0.045610     0.477357     0.790417     0.000694
     0.018780     0.045610     0.471991     0.790417     0.000922
     0.018780     0.045610     0.477357     0.790417     0.000884
     0.021463    -0.045610     0.474674     0.790417     0.000200
     0.021463    -0.045610     0.478698     0.790417     0.000701
     0.021463     0.045610     0.474674     0.790417     0.000010
     0.024146    -0.042927     0.474674     0.790417     0.000387
     0.024146    -0.042927     0.477357     0.790417     0.000107
     0.024146     0.042927     0.474674     0.790417     0.000542
     0.024146     0.042927     0.476015     0.790417     0.000110
     0.024146     0.042927     0.477357     0.790417     0.000820
     0.026829    -0.042927     0.476015     0.790417     0.000924
     0.026829    -0.042927     0.477357     0.790417     0.000386
     0.026829    -0.042927     0.478698     0.790417     0.000101
     0.026829     0.042927     0.476015     0.790417     0.000287
     0.026829     0.042927     0.480040     0.790417     0.000846
     0.029512    -0.040244     0.473332     0.790417     0.000239
     0.029512    -0.040244     0.478698     0.790417     0.000566
     0.029512     0.040244     0.473332     0.790417     0.000289
     0.029512     0.040244     0.478698     0.790417     0.000457
     0.032195    -0.037561     0.470649     0.790417     0.000732
     0.032195     0.037561     0.476015     0.790417     0.000819
     0.034878    -0.034878     0.467966     0.790417     0.000155
     0.034878     0.034878     0.467966     0.790417     0.000349
     0.037561    -0.032195     0.465283     0.790417     0.000797
     0.037561    -0.032195     0.470649     0.790417     0.000438
     0.037561     0.032195     0.470649     0.790417     0.000747
     0.040244    -0.029512     0.463942     0.790417     0.000377
     0.040244    -0.029512     0.465283     0.790417     0.000819
     0.040244    -0.026829     0.458576     0.790417     0.000107
     0.040244    -0.026829     0.463942     0.790417     0.000782
     0.040244     0.026829     0.458576     0.790417     0.000459
     0.040244     0.029512     0.462601     0.790417     0.000560
     0.040244     0.029512     0.463942     0.790417     0.000476
     0.040244     0.029512     0.465283     0.790417     0.000022
     0.042927    -0.024146     0.459918     0.790417     0.000453
     0.042927    -0.021463     0.453210     0.790417     0.000740
     0.042927    -0.021463     0.454552     0.790417     0.000206
     0.042927     0.021463     0.454552     0.790417     0.000780
     0.042927     0.024146     0.459918     0.790417     0.000116
     0.045610    -0.018780     0.446503     0.790417     0.000926
     0.045610    -0.018780     0.453210     0.790417     0.000744
     0.045610    -0.016098     0.446503     0.790417     0.000095
     0.045610    -0.016098     0.447844     0.790417     0.000993
     0.045610    -0.016098     0.449186     0.790417     0.000494
     0.045610     0.016098     0.446503     0.790417     0.000535
     0.045610     0.016098     0.447844     0.790417     0.000557
     0.045610     0.016098     0.449186     0.790417     0.000137
     0.045610     0.018780     0.446503     0.790417     0.000987
     0.045610     0.018780     0.453210     0.790417     0.000490
     0.048293    -0.013415     0.441137     0.790417     0.000859
     0.048293    -0.013415     0.442479     0.790417     0.000928
     0.048293    -0.013415     0.445162     0.790417     0.000130
     0.048293    -0.010732     0.439796     0.790417     0.000728
     0.048293    -0.010732     0.445162     0.790417     0.000453
     0.048293    -0.008049     0.439796     0.790417     0.000899
     0.048293    -0.008049     0.441137     0.790417     0.000126
     0.048293    -0.008049     0.442479     0.790417     0.000355
     0.048293     0.008049     0.441137     0.790417     0.000090
     0.048293     0.008049     0.442479     0.790417     0.000520
     0.048293     0.010732     0.439796     0.790417     0.000512
     0.048293     0.010732     0.445162     0.790417     0.000428
     0.048293     0.013415     0.441137     0.790417     0.000805
     0.048293     0.013415     0.445162     0.790417     0.000157


    -0.050976     0.000000     0.478698     0.791875     0.000468
    -0.050976     0.000000     0.480040     0.791875     0.000164
    -0.048293    -0.010732     0.471991     0.791875     0.000527
    -0.048293    -0.010732     0.473332     0.791875     0.000339
    -0.048293    -0.010732     0.474674     0.791875     0.000300
    -0.048293     0.010732     0.471991     0.791875     0.000648
    -0.048293     0.010732     0.473332     0.791875     0.000256
    -0.048293     0.010732     0.474674     0.791875     0.000323
    -0.034878    -0.034878     0.441137     0.791875     0.000495
    -0.034878    -0.034878     0.442479     0.791875     0.000816
    -0.034878    -0.034878     0.443820     0.791875     0.000534
    -0.034878     0.034878     0.441137     0.791875     0.000231
    -0.034878     0.034878     0.443820     0.791875     0.000797
    -0.034878     0.034878     0.445162     0.791875     0.000958
    -0.032195    -0.037561     0.442479     0.791875     0.000237
    -0.032195     0.037561     0.442479     0.791875     0.000162
    -0.026829    -0.042927     0.433088     0.791875     0.000600
    -0.026829    -0.042927     0.438454     0.791875     0.000246
    -0.026829     0.042927     0.438454     0.791875     0.000731
    -0.024146    -0.042927     0.437113     0.791875     0.000433
    -0.024146    -0.042927     0.438454     0.791875     0.000496
    -0.024146     0.042927     0.435771     0.791875     0.000411
    -0.024146     0.042927     0.439796     0.791875     0.000006
    -0.021463     0.045610     0.434430     0.791875     0.000519
    -0.018780    -0.045610     0.437113     0.791875     0.000340
    -0.018780    -0.045610     0.441137     0.791875     0.000022
    -0.018780     0.045610     0.437113     0.791875     0.000740
    -0.013415    -0.048293     0.439796     0.791875     0.000269
    -0.013415    -0.048293     0.443820     0.791875     0.000634
    -0.013415     0.048293     0.439796     0.791875     0.000679
    -0.013415     0.048293     0.441137     0.791875     0.000921
    -0.013415     0.048293     0.442479     0.791875     0.000934
    -0.013415     0.048293     0.443820     0.791875     0.000637
    -0.010732    -0.048293     0.442479     0.791875     0.000519
    -0.010732    -0.048293     0.446503     0.791875     0.000507
    -0.010732     0.048293     0.442479     0.791875     0.000137
    -0.010732     0.048293     0.446503     0.791875     0.000953
    -0.008049    -0.048293     0.446503     0.791875     0.000841
    -0.008049    -0.048293     0.449186     0.791875     0.000006
    -0.008049     0.048293     0.446503     0.791875     0.000628
    -0.008049     0.048293     0.449186     0.791875     0.000574
    -0.005366    -0.048293     0.449186     0.791875     0.000960
    -0.005366    -0.048293     0.450527     0.791875     0.000250
    -0.005366    -0.048293     0.451869     0.791875     0.000932
    -0.005366     0.048293     0.450527     0.791875     0.000133
    -0.005366     0.048293     0.451869     0.791875     0.000457
     0.002683    -0.048293     0.459918     0.791875     0.000654
     0.002683     0.048293     0.459918     0.791875     0.000799
     0.005366    -0.048293     0.461259     0.791875     0.000313
     0.005366    -0.048293     0.462601     0.791875     0.000845
     0.005366    -0.048293     0.463942     0.791875     0.000442
     0.005366     0.048293     0.461259     0.791875     0.000998
     0.005366     0.048293     0.462601     0.791875     0.000478
     0.005366     0.048293     0.463942     0.791875     0.000508
     0.005366     0.048293     0.465283     0.791875     0.000929
     0.008049    -0.048293     0.463942     0.791875     0.000745
     0.008049    -0.048293     0.467966     0.791875     0.000909
     0.008049     0.048293     0.463942     0.791875     0.000062
     0.010732    -0.048293     0.466625     0.791875     0.000873
     0.010732    -0.048293     0.471991     0.791875     0.000525
     0.010732     0.048293     0.466625     0.791875     0.000229
     0.010732     0.048293     0.471991     0.791875     0.000296
     0.013415     0.048293     0.474674     0.791875     0.000207
     0.018780    -0.045610     0.471991     0.791875     0.000095
     0.018780    -0.045610     0.477357     0.791875     0.000523
     0.018780     0.045610     0.477357     0.791875     0.000718
     0.021463    -0.045610     0.474674     0.791875     0.000305
     0.021463    -0.045610     0.478698     0.791875     0.000866
     0.021463     0.045610     0.474674     0.791875     0.000090
     0.024146    -0.042927     0.474674     0.791875     0.000540
     0.024146    -0.042927     0.477357     0.791875     0.000186
     0.024146     0.042927     0.474674     0.791875     0.000419
     0.024146     0.042927     0.476015     0.791875     0.000338
     0.024146     0.042927     0.477357     0.791875     0.000560
     0.026829    -0.042927     0.476015     0.791875     0.000946
     0.026829    -0.042927     0.477357     0.791875     0.000475
     0.026829    -0.042927     0.478698     0.791875     0.000268
     0.026829     0.042927     0.476015     0.791875     0.000291
     0.026829     0.042927     0.480040     0.791875     0.000628
     0.029512    -0.040244     0.473332     0.791875     0.000264
     0.029512    -0.040244     0.478698     0.791875     0.000301
     0.029512     0.040244     0.473332     0.791875     0.000309
     0.029512     0.040244     0.478698     0.791875     0.000179
     0.032195    -0.037561     0.470649     0.791875     0.000817
     0.034878    -0.034878     0.467966     0.791875     0.000324
     0.034878     0.034878     0.467966     0.791875     0.000507
     0.037561    -0.032195     0.465283     0.791875     0.000494
     0.037561    -0.032195     0.470649     0.791875     0.000330
     0.037561     0.032195     0.465283     0.791875     0.000737
     0.037561     0.032195     0.470649     0.791875     0.000654
     0.040244    -0.029512     0.463942     0.791875     0.000773
     0.040244    -0.026829     0.458576     0.791875     0.000100
     0.040244    -0.026829     0.463942     0.791875     0.000918
     0.040244     0.026829     0.458576     0.791875     0.000647
     0.040244     0.029512     0.462601     0.791875     0.000963
     0.040244     0.029512     0.463942     0.791875     0.000070
     0.040244     0.029512     0.465283     0.791875     0.000342
     0.042927    -0.024146     0.454552     0.791875     0.000767
     0.042927    -0.024146     0.459918     0.791875     0.000793
     0.042927    -0.021463     0.453210     0.791875     0.000837
     0.042927    -0.021463     0.454552     0.791875     0.000309
     0.042927     0.021463     0.454552     0.791875     0.000870
     0.042927     0.024146     0.454552     0.791875     0.000963
     0.042927     0.024146     0.459918     0.791875     0.000447
     0.045610    -0.016098     0.446503     0.791875     0.000049
     0.045610    -0.016098     0.449186     0.791875     0.000477
     0.045610     0.016098     0.446503     0.791875     0.000482
     0.045610     0.016098     0.447844     0.791875     0.000600
     0.045610     0.016098     0.449186     0.791875     0.000132
     0.045610     0.018780     0.453210     0.791875     0.000773
     0.048293    -0.013415     0.441137     0.791875     0.000888
     0.048293    -0.013415     0.442479     0.791875     0.000867
     0.048293    -0.013415     0.445162     0.791875     0.000308
     0.048293    -0.010732     0.439796     0.791875     0.000979
     0.048293    -0.010732     0.445162     0.791875     0.000491
     0.048293    -0.008049     0.439796     0.791875     0.000606
     0.048293    -0.008049     0.441137     0.791875     0.000410
     0.048293    -0.008049     0.442479     0.791875     0.000161
     0.048293     0.008049     0.439796     0.791875     0.000840
     0.048293     0.008049     0.441137     0.791875     0.000194
     0.048293     0.008049     0.442479     0.791875     0.000322
     0.048293     0.010732     0.439796     0.791875     0.000768
     0.048293     0.010732     0.445162     0.791875     0.000452
     0.048293     0.013415     0.441137     0.791875     0.000817
     0.048293     0.013415     0.445162     0.791875     0.000005


    -0.050976     0.000000     0.478698     0.793333     0.000796
    -0.050976     0.000000     0.480040     0.793333     0.000426
    -0.048293    -0.010732     0.471991     0.793333     0.000998
    -0.048293    -0.010732     0.473332     0.793333     0.000129
    -0.048293    -0.010732     0.474674     0.793333     0.000669
    -0.048293     0.010732     0.473332     0.793333     0.000222
    -0.048293     0.010732     0.474674     0.793333     0.000706
    -0.034878    -0.034878     0.441137     0.793333     0.000793
    -0.034878    -0.034878     0.442479     0.793333     0.000389
    -0.034878    -0.034878     0.443820     0.793333     0.000065
    -0.034878     0.034878     0.441137     0.793333     0.000549
    -0.034878     0.034878     0.442479     0.793333     0.000640
    -0.034878     0.034878     0.443820     0.793333     0.000301
    -0.032195    -0.037561     0.438454     0.793333     0.000835
    -0.032195    -0.037561     0.442479     0.793333     0.000572
    -0.032195     0.037561     0.442479     0.793333     0.000201
    -0.026829    -0.042927     0.433088     0.793333     0.000503
    -0.026829    -0.042927     0.438454     0.793333     0.000476
    -0.026829     0.042927     0.438454     0.793333     0.000948
    -0.024146    -0.042927     0.437113     0.793333     0.000516
    -0.024146    -0.042927     0.438454     0.793333     0.000494
    -0.024146     0.042927     0.435771     0.793333     0.000252
    -0.024146     0.042927     0.439796     0.793333     0.000071
    -0.021463     0.045610     0.434430     0.793333     0.000586
    -0.018780    -0.045610     0.437113     0.793333     0.000425
    -0.018780    -0.045610     0.441137     0.793333     0.000116
    -0.018780     0.045610     0.437113     0.793333     0.000821
    -0.018780     0.045610     0.441137     0.793333     0.000831
    -0.013415    -0.048293     0.439796     0.793333     0.000039
    -0.013415    -0.048293     0.442479     0.793333     0.000911
    -0.013415     0.048293     0.439796     0.793333     0.000879
    -0.013415     0.048293     0.441137     0.793333     0.000590
    -0.013415     0.048293     0.442479     0.793333     0.000536
    -0.010732    -0.048293     0.442479     0.793333     0.000250
    -0.010732    -0.048293     0.446503     0.793333     0.000081
    -0.010732     0.048293     0.442479     0.793333     0.000382
    -0.010732     0.048293     0.446503     0.793333     0.000496
    -0.008049    -0.048293     0.446503     0.793333     0.000483
    -0.008049    -0.048293     0.447844     0.793333     0.000821
    -0.008049    -0.048293     0.449186     0.793333     0.000395
    -0.008049     0.048293     0.446503     0.793333     0.000280
    -0.008049     0.048293     0.449186     0.793333     0.000150
    -0.005366    -0.048293     0.450527     0.793333     0.000591
    -0.005366     0.048293     0.450527     0.793333     0.000480
    -0.005366     0.048293     0.451869     0.793333     0.000811
     0.002683    -0.048293     0.459918     0.793333     0.000945
     0.005366    -0.048293     0.461259     0.793333     0.000611
     0.005366    -0.048293     0.462601     0.793333     0.000511
     0.005366    -0.048293     0.463942     0.793333     0.000154
     0.005366     0.048293     0.462601     0.793333     0.000164
     0.005366     0.048293     0.463942     0.793333     0.000218
     0.008049    -0.048293     0.463942     0.793333     0.000416
     0.008049    -0.048293     0.467966     0.793333     0.000688
     0.008049     0.048293     0.463942     0.793333     0.000352
     0.010732    -0.048293     0.466625     0.793333     0.000562
     0.010732    -0.048293     0.471991     0.793333     0.000594
     0.010732     0.048293     0.466625     0.793333     0.000051
     0.010732     0.048293     0.471991     0.793333     0.000214
     0.013415    -0.048293     0.470649     0.793333     0.000915
     0.013415    -0.048293     0.473332     0.793333     0.000990
     0.013415     0.048293     0.474674     0.793333     0.000212
     0.018780    -0.045610     0.471991     0.793333     0.000016
     0.018780    -0.045610     0.477357     0.793333     0.000136
     0.018780     0.045610     0.471991     0.793333     0.000910
     0.018780     0.045610     0.477357     0.793333     0.000333
     0.021463    -0.045610     0.474674     0.793333     0.000206
     0.021463     0.045610     0.474674     0.793333     0.000014
     0.021463     0.045610     0.480040     0.793333     0.000759
     0.024146    -0.042927     0.474674     0.793333     0.000905
     0.024146    -0.042927     0.477357     0.793333     0.000707
     0.024146     0.042927     0.474674     0.793333     0.000082
     0.024146     0.042927     0.476015     0.793333     0.000785
     0.024146     0.042927     0.477357     0.793333     0.000074
     0.026829    -0.042927     0.476015     0.793333     0.000758
     0.026829    -0.042927     0.477357     0.793333     0.000772
     0.026829    -0.042927     0.478698     0.793333     0.000650
     0.026829     0.042927     0.476015     0.793333     0.000089
     0.026829     0.042927     0.480040     0.793333     0.000188
     0.029512    -0.040244     0.473332     0.793333     0.000083
     0.029512    -0.040244     0.478698     0.793333     0.000190
     0.029512     0.040244     0.473332     0.793333     0.000121
     0.029512     0.040244     0.478698     0.793333     0.000326
     0.032195    -0.037561     0.470649     0.793333     0.000695
     0.032195     0.037561     0.470649     0.793333     0.000971
     0.034878    -0.034878     0.467966     0.793333     0.000289
     0.034878     0.034878     0.467966     0.793333     0.000460
     0.037561    -0.032195     0.465283     0.793333     0.000394
     0.037561    -0.032195     0.470649     0.793333     0.000423
     0.037561     0.032195     0.465283     0.793333     0.000646
     0.037561     0.032195     0.470649     0.793333     0.000760
     0.040244    -0.029512     0.463942     0.793333     0.000955
     0.040244    -0.026829     0.458576     0.793333     0.000103
     0.040244    -0.026829     0.463942     0.793333     0.000846
     0.040244     0.026829     0.458576     0.793333     0.000629
     0.040244     0.029512     0.463942     0.793333     0.000125
     0.040244     0.029512     0.465283     0.793333     0.000495
     0.042927    -0.024146     0.454552     0.793333     0.000588
     0.042927    -0.024146     0.459918     0.793333     0.000921
     0.042927    -0.021463     0.453210     0.793333     0.000727
     0.042927    -0.021463     0.454552     0.793333     0.000208
     0.042927     0.021463     0.454552     0.793333     0.000754
     0.042927     0.024146     0.454552     0.793333     0.000798
     0.042927     0.024146     0.459918     0.793333     0.000568
     0.045610    -0.016098     0.446503     0.793333     0.000203
     0.045610    -0.016098     0.449186     0.793333     0.000661
     0.045610     0.016098     0.446503     0.793333     0.000220
     0.045610     0.016098     0.447844     0.793333     0.000845
     0.045610     0.016098     0.449186     0.793333     0.000330
     0.045610     0.018780     0.453210     0.793333     0.000848
     0.048293    -0.013415     0.441137     0.793333     0.000709
     0.048293    -0.013415     0.445162     0.793333     0.000281
     0.048293    -0.010732     0.445162     0.793333     0.000322
     0.048293    -0.008049     0.439796     0.793333     0.000084
     0.048293    -0.008049     0.441137     0.793333     0.000918
     0.048293    -0.008049     0.442479     0.793333     0.000251
     0.048293     0.008049     0.439796     0.793333     0.000318
     0.048293     0.008049     0.441137     0.793333     0.000703
     0.048293     0.008049     0.442479     0.793333     0.000094
     0.048293     0.010732     0.445162     0.793333     0.000269
     0.048293     0.013415     0.441137     0.793333     0.000621
     0.048293     0.013415     0.445162     0.793333     0.000036


    -0.050976     0.000000     0.480040     0.794792     0.000749
    -0.048293    -0.010732     0.473332     0.794792     0.000639
    -0.048293     0.010732     0.473332     0.794792     0.000739
    -0.034878    -0.034878     0.442479     0.794792     0.000086
    -0.034878    -0.034878     0.443820     0.794792     0.000444
    -0.034878     0.034878     0.441137     0.794792     0.000923
    -0.034878     0.034878     0.442479     0.794792     0.000141
    -0.034878     0.034878     0.443820     0.794792     0.000233
    -0.032195    -0.037561     0.438454     0.794792     0.000583
    -0.032195    -0.037561     0.442479     0.794792     0.000963
    -0.032195     0.037561     0.438454     0.794792     0.000990
    -0.032195     0.037561     0.442479     0.794792     0.000616
    -0.026829    -0.042927     0.433088     0.794792     0.000481
    -0.026829    -0.042927     0.438454     0.794792     0.000769
    -0.024146    -0.042927     0.435771     0.794792     0.000961
    -0.024146    -0.042927     0.437113     0.794792     0.000517
    -0.024146    -0.042927     0.438454     0.794792     0.000412
    -0.024146     0.042927     0.435771     0.794792     0.000171
    -0.024146     0.042927     0.439796     0.794792     0.000223
    -0.021463     0.045610     0.434430     0.794792     0.000572
    -0.018780    -0.045610     0.437113     0.794792     0.000428
    -0.018780    -0.045610     0.441137     0.794792     0.000325
    -0.018780     0.045610     0.437113     0.794792     0.000818
    -0.018780     0.045610     0.441137     0.794792     0.000587
    -0.013415    -0.048293     0.439796     0.794792     0.000257
    -0.013415    -0.048293     0.441137     0.794792     0.000910
    -0.013415    -0.048293     0.442479     0.794792     0.000441
    -0.013415     0.048293     0.441137     0.794792     0.000201
    -0.013415     0.048293     0.442479     0.794792     0.000088
    -0.010732    -0.048293     0.442479     0.794792     0.000083
    -0.010732    -0.048293     0.446503     0.794792     0.000393
    -0.010732     0.048293     0.442479     0.794792     0.000690
    -0.010732     0.048293     0.446503     0.794792     0.000005
    -0.008049    -0.048293     0.446503     0.794792     0.000069
    -0.008049    -0.048293     0.447844     0.794792     0.000345
    -0.008049    -0.048293     0.449186     0.794792     0.000835
    -0.008049     0.048293     0.446503     0.794792     0.000124
    -0.008049     0.048293     0.447844     0.794792     0.000528
    -0.008049     0.048293     0.449186     0.794792     0.000321
    -0.005366    -0.048293     0.450527     0.794792     0.000987
    -0.005366     0.048293     0.450527     0.794792     0.000882
     0.005366    -0.048293     0.461259     0.794792     0.000968
     0.005366    -0.048293     0.462601     0.794792     0.000119
     0.005366    -0.048293     0.463942     0.794792     0.000196
     0.005366     0.048293     0.462601     0.794792     0.000210
     0.005366     0.048293     0.463942     0.794792     0.000134
     0.008049    -0.048293     0.463942     0.794792     0.000028
     0.008049    -0.048293     0.467966     0.794792     0.000397
     0.008049     0.048293     0.463942     0.794792     0.000702
     0.008049     0.048293     0.467966     0.794792     0.000803
     0.010732    -0.048293     0.466625     0.794792     0.000191
     0.010732    -0.048293     0.471991     0.794792     0.000736
     0.010732     0.048293     0.466625     0.794792     0.000392
     0.010732     0.048293     0.471991     0.794792     0.000055
     0.013415    -0.048293     0.470649     0.794792     0.000611
     0.013415    -0.048293     0.473332     0.794792     0.000813
     0.013415     0.048293     0.470649     0.794792     0.000821
     0.013415     0.048293     0.474674     0.794792     0.000293
     0.018780    -0.045610     0.471991     0.794792     0.000047
     0.018780    -0.045610     0.477357     0.794792     0.000183
     0.018780     0.045610     0.471991     0.794792     0.000875
     0.018780     0.045610     0.477357     0.794792     0.000016
     0.021463    -0.045610     0.474674     0.794792     0.000184
     0.021463     0.045610     0.474674     0.794792     0.000038
     0.021463     0.045610     0.480040     0.794792     0.000431
     0.024146     0.042927     0.474674     0.794792     0.000182
     0.024146     0.042927     0.477357     0.794792     0.000352
     0.026829    -0.042927     0.476015     0.794792     0.000643
     0.026829    -0.042927     0.477357     0.794792     0.000991
     0.026829    -0.042927     0.478698     0.794792     0.000960
     0.026829    -0.042927     0.480040     0.794792     0.000735
     0.026829     0.042927     0.476015     0.794792     0.000036
     0.026829     0.042927     0.480040     0.794792     0.000189
     0.029512    -0.040244     0.473332     0.794792     0.000020
     0.029512    -0.040244     0.478698     0.794792     0.000621
     0.029512     0.040244     0.473332     0.794792     0.000012
     0.029512     0.040244     0.478698     0.794792     0.000772
     0.032195    -0.037561     0.470649     0.794792     0.000648
     0.032195     0.037561     0.470649     0.794792     0.000916
     0.034878    -0.034878     0.467966     0.794792     0.000331
     0.034878     0.034878     0.467966     0.794792     0.000490
     0.037561    -0.032195     0.465283     0.794792     0.000217
     0.037561    -0.032195     0.470649     0.794792     0.000434
     0.037561     0.032195     0.465283     0.794792     0.000475
     0.037561     0.032195     0.470649     0.794792     0.000782
     0.040244    -0.026829     0.458576     0.794792     0.000184
     0.040244    -0.026829     0.463942     0.794792     0.000851
     0.040244     0.026829     0.458576     0.794792     0.000687
     0.040244     0.029512     0.463942     0.794792     0.000389
     0.040244     0.029512     0.465283     0.794792     0.000718
     0.042927    -0.024146     0.454552     0.794792     0.000336
     0.042927    -0.021463     0.453210     0.794792     0.000694
     0.042927    -0.021463     0.454552     0.794792     0.000186
     0.042927     0.021463     0.454552     0.794792     0.000714
     0.042927     0.024146     0.454552     0.794792     0.000558
     0.042927     0.024146     0.459918     0.794792     0.000761
     0.045610    -0.016098     0.446503     0.794792     0.000377
     0.045610    -0.016098     0.449186     0.794792     0.000761
     0.045610     0.016098     0.446503     0.794792     0.000034
     0.045610     0.016098     0.449186     0.794792     0.000447
     0.045610     0.018780     0.453210     0.794792     0.000995
     0.048293    -0.013415     0.441137     0.794792     0.000605
     0.048293    -0.013415     0.445162     0.794792     0.000331
     0.048293    -0.010732     0.445162     0.794792     0.000230
     0.048293    -0.008049     0.439796     0.794792     0.000380
     0.048293    -0.008049     0.442479     0.794792     0.000594
     0.048293     0.008049     0.439796     0.794792     0.000146
     0.048293     0.008049     0.442479     0.794792     0.000443
     0.048293     0.010732     0.445162     0.794792     0.000164
     0.048293     0.013415     0.441137     0.794792     0.000499
     0.048293     0.013415     0.445162     0.794792     0.000002


    -0.034878    -0.034878     0.442479     0.796250     0.000619
    -0.034878     0.034878     0.442479     0.796250     0.000414
    -0.034878     0.034878     0.443820     0.796250     0.000818
    -0.032195    -0.037561     0.438454     0.796250     0.000249
    -0.032195    -0.037561     0.441137     0.796250     0.000624
    -0.032195     0.037561     0.438454     0.796250     0.000631
    -0.029512    -0.040244     0.439796     0.796250     0.000714
    -0.029512     0.040244     0.439796     0.796250     0.000844
    -0.026829    -0.042927     0.433088     0.796250     0.000549
    -0.026829     0.042927     0.437113     0.796250     0.000796
    -0.024146    -0.042927     0.435771     0.796250     0.000967
    -0.024146    -0.042927     0.437113     0.796250     0.000424
    -0.024146    -0.042927     0.438454     0.796250     0.000237
    -0.024146     0.042927     0.435771     0.796250     0.000181
    -0.024146     0.042927     0.439796     0.796250     0.000460
    -0.021463     0.045610     0.434430     0.796250     0.000462
    -0.021463     0.045610     0.438454     0.796250     0.000912
    -0.018780    -0.045610     0.437113     0.796250     0.000337
    -0.018780    -0.045610     0.441137     0.796250     0.000617
    -0.018780     0.045610     0.437113     0.796250     0.000718
    -0.018780     0.045610     0.441137     0.796250     0.000260
    -0.013415    -0.048293     0.439796     0.796250     0.000629
    -0.013415    -0.048293     0.441137     0.796250     0.000413
    -0.013415    -0.048293     0.442479     0.796250     0.000089
    -0.013415     0.048293     0.441137     0.796250     0.000256
    -0.013415     0.048293     0.442479     0.796250     0.000422
    -0.010732    -0.048293     0.442479     0.796250     0.000489
    -0.010732    -0.048293     0.443820     0.796250     0.000901
    -0.010732    -0.048293     0.445162     0.796250     0.000722
    -0.010732    -0.048293     0.446503     0.796250     0.000925
    -0.010732     0.048293     0.443820     0.796250     0.000563
    -0.010732     0.048293     0.445162     0.796250     0.000764
    -0.010732     0.048293     0.446503     0.796250     0.000561
    -0.008049    -0.048293     0.446503     0.796250     0.000411
    -0.008049    -0.048293     0.447844     0.796250     0.000190
    -0.008049     0.048293     0.446503     0.796250     0.000595
    -0.008049     0.048293     0.447844     0.796250     0.000021
    -0.008049     0.048293     0.449186     0.796250     0.000851
     0.005366    -0.048293     0.462601     0.796250     0.000342
     0.005366    -0.048293     0.463942     0.796250     0.000618
     0.005366     0.048293     0.462601     0.796250     0.000653
     0.005366     0.048293     0.463942     0.796250     0.000558
     0.008049    -0.048293     0.463942     0.796250     0.000429
     0.008049    -0.048293     0.467966     0.796250     0.000027
     0.008049     0.048293     0.465283     0.796250     0.000866
     0.008049     0.048293     0.467966     0.796250     0.000415
     0.010732    -0.048293     0.466625     0.796250     0.000251
     0.010732    -0.048293     0.471991     0.796250     0.000962
     0.010732     0.048293     0.466625     0.796250     0.000805
     0.010732     0.048293     0.471991     0.796250     0.000190
     0.013415    -0.048293     0.470649     0.796250     0.000230
     0.013415    -0.048293     0.473332     0.796250     0.000547
     0.013415     0.048293     0.470649     0.796250     0.000431
     0.013415     0.048293     0.474674     0.796250     0.000462
     0.018780    -0.045610     0.471991     0.796250     0.000015
     0.018780    -0.045610     0.477357     0.796250     0.000416
     0.018780     0.045610     0.471991     0.796250     0.000928
     0.018780     0.045610     0.477357     0.796250     0.000216
     0.021463    -0.045610     0.474674     0.796250     0.000253
     0.021463     0.045610     0.474674     0.796250     0.000029
     0.021463     0.045610     0.480040     0.796250     0.000185
     0.024146    -0.042927     0.478698     0.796250     0.000909
     0.024146     0.042927     0.474674     0.796250     0.000357
     0.024146     0.042927     0.477357     0.796250     0.000699
     0.026829    -0.042927     0.476015     0.796250     0.000618
     0.026829    -0.042927     0.480040     0.796250     0.000477
     0.026829     0.042927     0.476015     0.796250     0.000070
     0.026829     0.042927     0.480040     0.796250     0.000485
     0.029512    -0.040244     0.473332     0.796250     0.000030
     0.029512    -0.040244     0.478698     0.796250     0.000973
     0.029512     0.040244     0.473332     0.796250     0.000005
     0.032195    -0.037561     0.470649     0.796250     0.000690
     0.032195     0.037561     0.470649     0.796250     0.000950
     0.034878    -0.034878     0.467966     0.796250     0.000462
     0.034878    -0.034878     0.474674     0.796250     0.000866
     0.034878     0.034878     0.467966     0.796250     0.000610
     0.034878     0.034878     0.474674     0.796250     0.000976
     0.037561    -0.032195     0.465283     0.796250     0.000046
     0.037561    -0.032195     0.470649     0.796250     0.000351
     0.037561     0.032195     0.465283     0.796250     0.000217
     0.037561     0.032195     0.470649     0.796250     0.000706
     0.040244    -0.026829     0.458576     0.796250     0.000355
     0.040244    -0.026829     0.463942     0.796250     0.000944
     0.040244     0.026829     0.458576     0.796250     0.000834
     0.040244     0.026829     0.462601     0.796250     0.000968
     0.040244     0.029512     0.463942     0.796250     0.000730
     0.042927    -0.024146     0.454552     0.796250     0.000003
     0.042927    -0.021463     0.453210     0.796250     0.000751
     0.042927    -0.021463     0.454552     0.796250     0.000258
     0.042927     0.021463     0.454552     0.796250     0.000765
     0.042927     0.024146     0.454552     0.796250     0.000234
     0.045610    -0.016098     0.446503     0.796250     0.000456
     0.045610    -0.016098     0.449186     0.796250     0.000763
     0.045610     0.016098     0.446503     0.796250     0.000061
     0.045610     0.016098     0.449186     0.796250     0.000467
     0.048293    -0.013415     0.441137     0.796250     0.000590
     0.048293    -0.013415     0.445162     0.796250     0.000471
     0.048293    -0.010732     0.445162     0.796250     0.000230
     0.048293    -0.008049     0.439796     0.796250     0.000769
     0.048293    -0.008049     0.442479     0.796250     0.000849
     0.048293     0.008049     0.439796     0.796250     0.000537
     0.048293     0.008049     0.442479     0.796250     0.000706
     0.048293     0.010732     0.445162     0.796250     0.000150
     0.048293     0.013415     0.441137     0.796250     0.000467
     0.048293     0.013415     0.445162     0.796250     0.000131


    -0.032195    -0.037561     0.438454     0.797708     0.000185
    -0.032195    -0.037561     0.439796     0.797708     0.000737
    -0.032195    -0.037561     0.441137     0.797708     0.000030
    -0.032195     0.037561     0.438454     0.797708     0.000172
    -0.032195     0.037561     0.441137     0.797708     0.000379
    -0.029512    -0.040244     0.439796     0.797708     0.000164
    -0.029512     0.040244     0.439796     0.797708     0.000280
    -0.026829    -0.042927     0.433088     0.797708     0.000726
    -0.026829     0.042927     0.434430     0.797708     0.000726
    -0.026829     0.042927     0.437113     0.797708     0.000319
    -0.024146    -0.042927     0.437113     0.797708     0.000215
    -0.024146    -0.042927     0.438454     0.797708     0.000048
    -0.024146     0.042927     0.435771     0.797708     0.000305
    -0.024146     0.042927     0.438454     0.797708     0.000985
    -0.024146     0.042927     0.439796     0.797708     0.000802
    -0.021463    -0.045610     0.438454     0.797708     0.000687
    -0.021463     0.045610     0.434430     0.797708     0.000239
    -0.021463     0.045610     0.438454     0.797708     0.000414
    -0.018780    -0.045610     0.437113     0.797708     0.000131
    -0.018780    -0.045610     0.439796     0.797708     0.000984
    -0.018780     0.045610     0.437113     0.797708     0.000502
    -0.018780     0.045610     0.441137     0.797708     0.000168
    -0.013415    -0.048293     0.441137     0.797708     0.000167
    -0.013415    -0.048293     0.442479     0.797708     0.000698
    -0.013415     0.048293     0.441137     0.797708     0.000801
    -0.010732    -0.048293     0.442479     0.797708     0.000987
    -0.010732    -0.048293     0.443820     0.797708     0.000269
    -0.010732    -0.048293     0.445162     0.797708     0.000051
    -0.010732     0.048293     0.443820     0.797708     0.000047
    -0.010732     0.048293     0.445162     0.797708     0.000088
    -0.008049    -0.048293     0.446503     0.797708     0.000976
    -0.008049    -0.048293     0.447844     0.797708     0.000805
    -0.008049     0.048293     0.447844     0.797708     0.000646
     0.005366    -0.048293     0.462601     0.797708     0.000890
     0.008049    -0.048293     0.463942     0.797708     0.000973
     0.008049    -0.048293     0.465283     0.797708     0.000675
     0.008049    -0.048293     0.466625     0.797708     0.000891
     0.008049    -0.048293     0.467966     0.797708     0.000439
     0.008049     0.048293     0.465283     0.797708     0.000278
     0.008049     0.048293     0.466625     0.797708     0.000902
     0.008049     0.048293     0.467966     0.797708     0.000069
     0.010732    -0.048293     0.466625     0.797708     0.000782
     0.010732     0.048293     0.471991     0.797708     0.000540
     0.013415    -0.048293     0.470649     0.797708     0.000248
     0.013415    -0.048293     0.471991     0.797708     0.000770
     0.013415    -0.048293     0.473332     0.797708     0.000175
     0.013415     0.048293     0.470649     0.797708     0.000055
     0.013415     0.048293     0.474674     0.797708     0.000739
     0.018780    -0.045610     0.471991     0.797708     0.000190
     0.018780    -0.045610     0.477357     0.797708     0.000538
     0.018780     0.045610     0.477357     0.797708     0.000337
     0.021463    -0.045610     0.474674     0.797708     0.000434
     0.021463    -0.045610     0.480040     0.797708     0.000901
     0.021463     0.045610     0.474674     0.797708     0.000210
     0.021463     0.045610     0.480040     0.797708     0.000046
     0.024146    -0.042927     0.478698     0.797708     0.000652
     0.024146     0.042927     0.474674     0.797708     0.000419
     0.024146     0.042927     0.477357     0.797708     0.000942
     0.026829    -0.042927     0.476015     0.797708     0.000703
     0.026829    -0.042927     0.480040     0.797708     0.000324
     0.026829     0.042927     0.476015     0.797708     0.000011
     0.026829     0.042927     0.480040     0.797708     0.000674
     0.029512    -0.040244     0.473332     0.797708     0.000074
     0.029512     0.040244     0.473332     0.797708     0.000092
     0.032195    -0.037561     0.470649     0.797708     0.000844
     0.032195    -0.037561     0.477357     0.797708     0.000885
     0.034878    -0.034878     0.467966     0.797708     0.000704
     0.034878    -0.034878     0.474674     0.797708     0.000836
     0.034878     0.034878     0.467966     0.797708     0.000838
     0.034878     0.034878     0.474674     0.797708     0.000939
     0.037561    -0.032195     0.465283     0.797708     0.000414
     0.037561    -0.032195     0.470649     0.797708     0.000152
     0.037561     0.032195     0.465283     0.797708     0.000148
     0.037561     0.032195     0.470649     0.797708     0.000513
     0.040244    -0.026829     0.458576     0.797708     0.000636
     0.040244     0.026829     0.459918     0.797708     0.000989
     0.040244     0.026829     0.462601     0.797708     0.000722
     0.042927    -0.024146     0.454552     0.797708     0.000431
     0.042927    -0.024146     0.458576     0.797708     0.000602
     0.042927    -0.021463     0.453210     0.797708     0.000919
     0.042927    -0.021463     0.454552     0.797708     0.000442
     0.042927     0.021463     0.454552     0.797708     0.000926
     0.042927     0.024146     0.454552     0.797708     0.000192
     0.045610    -0.016098     0.446503     0.797708     0.000418
     0.045610    -0.016098     0.449186     0.797708     0.000645
     0.045610     0.016098     0.446503     0.797708     0.000040
     0.045610     0.016098     0.449186     0.797708     0.000370
     0.048293    -0.013415     0.441137     0.797708     0.000687
     0.048293    -0.013415     0.442479     0.797708     0.000841
     0.048293    -0.013415     0.443820     0.797708     0.000824
     0.048293    -0.013415     0.445162     0.797708     0.000720
     0.048293    -0.010732     0.445162     0.797708     0.000344
     0.048293    -0.008049     0.442479     0.797708     0.000991
     0.048293     0.008049     0.439796     0.797708     0.000827
     0.048293     0.008049     0.442479     0.797708     0.000857
     0.048293     0.010732     0.445162     0.797708     0.000251
     0.048293     0.013415     0.441137     0.797708     0.000547
     0.048293     0.013415     0.445162     0.797708     0.000371


    -0.032195    -0.037561     0.438454     0.799167     0.000720
    -0.032195    -0.037561     0.439796     0.799167     0.000082
    -0.032195    -0.037561     0.441137     0.799167     0.000649
    -0.032195     0.037561     0.438454     0.799167     0.000386
    -0.032195     0.037561     0.439796     0.799167     0.000429
    -0.032195     0.037561     0.441137     0.799167     0.000329
    -0.029512    -0.040244     0.435771     0.799167     0.000743
    -0.029512    -0.040244     0.439796     0.799167     0.000476
    -0.029512     0.040244     0.435771     0.799167     0.000787
    -0.029512     0.040244     0.439796     0.799167     0.000371
    -0.026829    -0.042927     0.437113     0.799167     0.000399
    -0.026829     0.042927     0.434430     0.799167     0.000306
    -0.026829     0.042927     0.435771     0.799167     0.000889
    -0.026829     0.042927     0.437113     0.799167     0.000256
    -0.024146    -0.042927     0.437113     0.799167     0.000111
    -0.024146    -0.042927     0.438454     0.799167     0.000446
    -0.024146     0.042927     0.435771     0.799167     0.000545
    -0.024146     0.042927     0.437113     0.799167     0.000840
    -0.024146     0.042927     0.438454     0.799167     0.000549
    -0.021463    -0.045610     0.434430     0.799167     0.000657
    -0.021463    -0.045610     0.438454     0.799167     0.000081
    -0.021463     0.045610     0.434430     0.799167     0.000100
    -0.021463     0.045610     0.438454     0.799167     0.000179
    -0.018780    -0.045610     0.437113     0.799167     0.000191
    -0.018780    -0.045610     0.439796     0.799167     0.000475
    -0.018780     0.045610     0.437113     0.799167     0.000167
    -0.018780     0.045610     0.441137     0.799167     0.000698
    -0.013415    -0.048293     0.441137     0.799167     0.000833
    -0.010732    -0.048293     0.443820     0.799167     0.000443
    -0.010732    -0.048293     0.445162     0.799167     0.000695
    -0.010732     0.048293     0.443820     0.799167     0.000740
    -0.010732     0.048293     0.445162     0.799167     0.000662
     0.008049    -0.048293     0.465283     0.799167     0.000025
     0.008049    -0.048293     0.466625     0.799167     0.000213
     0.008049     0.048293     0.465283     0.799167     0.000396
     0.008049     0.048293     0.466625     0.799167     0.000224
     0.008049     0.048293     0.467966     0.799167     0.000650
     0.010732    -0.048293     0.467966     0.799167     0.000712
     0.010732    -0.048293     0.470649     0.799167     0.000513
     0.010732     0.048293     0.467966     0.799167     0.000475
     0.010732     0.048293     0.471991     0.799167     0.000997
     0.013415    -0.048293     0.470649     0.799167     0.000821
     0.013415    -0.048293     0.471991     0.799167     0.000200
     0.013415    -0.048293     0.473332     0.799167     0.000305
     0.013415     0.048293     0.470649     0.799167     0.000637
     0.013415     0.048293     0.471991     0.799167     0.000787
     0.013415     0.048293     0.473332     0.799167     0.000594
     0.018780    -0.045610     0.471991     0.799167     0.000482
     0.018780    -0.045610     0.477357     0.799167     0.000541
     0.018780     0.045610     0.477357     0.799167     0.000341
     0.021463    -0.045610     0.474674     0.799167     0.000729
     0.021463    -0.045610     0.480040     0.799167     0.000898
     0.021463     0.045610     0.474674     0.799167     0.000506
     0.021463     0.045610     0.480040     0.799167     0.000021
     0.024146    -0.042927     0.478698     0.799167     0.000499
     0.024146     0.042927     0.474674     0.799167     0.000359
     0.026829    -0.042927     0.476015     0.799167     0.000903
     0.026829    -0.042927     0.477357     0.799167     0.000997
     0.026829    -0.042927     0.480040     0.799167     0.000282
     0.026829     0.042927     0.476015     0.799167     0.000211
     0.026829     0.042927     0.480040     0.799167     0.000747
     0.029512    -0.040244     0.473332     0.799167     0.000297
     0.029512     0.040244     0.473332     0.799167     0.000307
     0.032195    -0.037561     0.477357     0.799167     0.000836
     0.034878    -0.034878     0.474674     0.799167     0.000920
     0.037561    -0.032195     0.465283     0.799167     0.000887
     0.037561    -0.032195     0.470649     0.799167     0.000164
     0.037561     0.032195     0.465283     0.799167     0.000620
     0.037561     0.032195     0.470649     0.799167     0.000200
     0.040244    -0.026829     0.462601     0.799167     0.000794
     0.040244     0.026829     0.459918     0.799167     0.000577
     0.040244     0.026829     0.462601     0.799167     0.000357
     0.042927    -0.024146     0.454552     0.799167     0.000966
     0.042927    -0.024146     0.455893     0.799167     0.000832
     0.042927    -0.024146     0.458576     0.799167     0.000017
     0.042927    -0.021463     0.454552     0.799167     0.000742
     0.042927     0.024146     0.454552     0.799167     0.000720
     0.042927     0.024146     0.458576     0.799167     0.000467
     0.045610    -0.018780     0.447844     0.799167     0.000924
     0.045610    -0.018780     0.451869     0.799167     0.000486
     0.045610    -0.016098     0.446503     0.799167     0.000257
     0.045610    -0.016098     0.449186     0.799167     0.000404
     0.045610     0.016098     0.446503     0.799167     0.000101
     0.045610     0.016098     0.447844     0.799167     0.000826
     0.045610     0.016098     0.449186     0.799167     0.000150
     0.045610     0.018780     0.451869     0.799167     0.000864
     0.048293    -0.013415     0.441137     0.799167     0.000899
     0.048293    -0.013415     0.442479     0.799167     0.000552
     0.048293    -0.013415     0.443820     0.799167     0.000476
     0.048293    -0.010732     0.445162     0.799167     0.000575
     0.048293     0.008049     0.442479     0.799167     0.000888
     0.048293     0.010732     0.445162     0.799167     0.000470
     0.048293     0.013415     0.441137     0.799167     0.000743
     0.048293     0.013415     0.442479     0.799167     0.000830
     0.048293     0.013415     0.443820     0.799167     0.000834
     0.048293     0.013415     0.445162     0.799167     0.000725


    -0.032195    -0.037561     0.439796     0.800625     0.000716
    -0.032195     0.037561     0.439796     0.800625     0.000398
    -0.029512    -0.040244     0.435771     0.800625     0.000130
    -0.029512    -0.040244     0.438454     0.800625     0.000866
    -0.029512     0.040244     0.435771     0.800625     0.000166
    -0.029512     0.040244     0.438454     0.800625     0.000930
    -0.026829    -0.042927     0.434430     0.800625     0.000555
    -0.026829    -0.042927     0.437113     0.800625     0.000358
    -0.026829     0.042927     0.434430     0.800625     0.000278
    -0.026829     0.042927     0.435771     0.800625     0.000186
    -0.026829     0.042927     0.437113     0.800625     0.000981
    -0.024146    -0.042927     0.437113     0.800625     0.000607
    -0.024146     0.042927     0.435771     0.800625     0.000956
    -0.024146     0.042927     0.437113     0.800625     0.000312
    -0.024146     0.042927     0.438454     0.800625     0.000054
    -0.021463    -0.045610     0.434430     0.800625     0.000131
    -0.021463    -0.045610     0.438454     0.800625     0.000672
    -0.021463     0.045610     0.434430     0.800625     0.000607
    -0.021463     0.045610     0.437113     0.800625     0.000875
    -0.021463     0.045610     0.438454     0.800625     0.000920
    -0.018780    -0.045610     0.437113     0.800625     0.000683
    -0.018780    -0.045610     0.438454     0.800625     0.000398
    -0.018780    -0.045610     0.439796     0.800625     0.000193
    -0.018780     0.045610     0.437113     0.800625     0.000338
    -0.018780     0.045610     0.438454     0.800625     0.000988
    -0.018780     0.045610     0.439796     0.800625     0.000554
     0.008049    -0.048293     0.465283     0.800625     0.000863
     0.008049    -0.048293     0.466625     0.800625     0.000605
     0.008049     0.048293     0.466625     0.800625     0.000594
     0.010732    -0.048293     0.467966     0.800625     0.000140
     0.010732    -0.048293     0.469308     0.800625     0.000636
     0.010732    -0.048293     0.470649     0.800625     0.000225
     0.010732     0.048293     0.467966     0.800625     0.000360
     0.010732     0.048293     0.469308     0.800625     0.000811
     0.010732     0.048293     0.470649     0.800625     0.000308
     0.013415    -0.048293     0.471991     0.800625     0.000521
     0.013415    -0.048293     0.473332     0.800625     0.000943
     0.013415     0.048293     0.471991     0.800625     0.000034
     0.013415     0.048293     0.473332     0.800625     0.000083
     0.018780    -0.045610     0.471991     0.800625     0.000943
     0.018780    -0.045610     0.477357     0.800625     0.000367
     0.018780     0.045610     0.477357     0.800625     0.000169
     0.021463     0.045610     0.474674     0.800625     0.000970
     0.021463     0.045610     0.480040     0.800625     0.000169
     0.024146    -0.042927     0.478698     0.800625     0.000511
     0.024146     0.042927     0.474674     0.800625     0.000123
     0.026829    -0.042927     0.477357     0.800625     0.000694
     0.026829    -0.042927     0.480040     0.800625     0.000411
     0.026829     0.042927     0.476015     0.800625     0.000583
     0.026829     0.042927     0.480040     0.800625     0.000646
     0.029512    -0.040244     0.473332     0.800625     0.000692
     0.029512     0.040244     0.473332     0.800625     0.000696
     0.032195    -0.037561     0.477357     0.800625     0.000954
     0.037561    -0.032195     0.470649     0.800625     0.000651
     0.037561     0.032195     0.470649     0.800625     0.000285
     0.040244    -0.026829     0.459918     0.800625     0.000452
     0.040244    -0.026829     0.462601     0.800625     0.000226
     0.040244     0.026829     0.459918     0.800625     0.000004
     0.040244     0.026829     0.461259     0.800625     0.000714
     0.040244     0.026829     0.462601     0.800625     0.000179
     0.042927    -0.024146     0.455893     0.800625     0.000044
     0.042927    -0.024146     0.457235     0.800625     0.000414
     0.042927    -0.024146     0.458576     0.800625     0.000718
     0.042927     0.024146     0.455893     0.800625     0.000429
     0.042927     0.024146     0.457235     0.800625     0.000883
     0.042927     0.024146     0.458576     0.800625     0.000278
     0.045610    -0.018780     0.447844     0.800625     0.000300
     0.045610    -0.018780     0.451869     0.800625     0.000204
     0.045610    -0.016098     0.446503     0.800625     0.000082
     0.045610    -0.016098     0.447844     0.800625     0.000769
     0.045610    -0.016098     0.449186     0.800625     0.000014
     0.045610     0.016098     0.446503     0.800625     0.000418
     0.045610     0.016098     0.447844     0.800625     0.000459
     0.045610     0.016098     0.449186     0.800625     0.000245
     0.045610     0.018780     0.447844     0.800625     0.000482
     0.045610     0.018780     0.451869     0.800625     0.000172
     0.048293    -0.013415     0.442479     0.800625     0.000087
     0.048293    -0.013415     0.443820     0.800625     0.000044
     0.048293    -0.010732     0.445162     0.800625     0.000977
     0.048293    -0.008049     0.442479     0.800625     0.000854
     0.048293     0.008049     0.442479     0.800625     0.000741
     0.048293     0.010732     0.445162     0.800625     0.000861
     0.048293     0.013415     0.442479     0.800625     0.000378
     0.048293     0.013415     0.443820     0.800625     0.000321


    -0.029512    -0.040244     0.435771     0.802083     0.000628
    -0.029512    -0.040244     0.437113     0.802083     0.000526
    -0.029512    -0.040244     0.438454     0.802083     0.000107
    -0.029512     0.040244     0.435771     0.802083     0.000599
    -0.029512     0.040244     0.437113     0.802083     0.000556
    -0.029512     0.040244     0.438454     0.802083     0.000054
    -0.026829    -0.042927     0.434430     0.802083     0.000207
    -0.026829    -0.042927     0.435771     0.802083     0.000126
    -0.026829     0.042927     0.435771     0.802083     0.000652
    -0.024146     0.042927     0.437113     0.802083     0.000370
    -0.024146     0.042927     0.438454     0.802083     0.000802
    -0.021463    -0.045610     0.434430     0.802083     0.000547
    -0.021463    -0.045610     0.435771     0.802083     0.000910
    -0.021463    -0.045610     0.437113     0.802083     0.000480
    -0.021463     0.045610     0.435771     0.802083     0.000195
    -0.021463     0.045610     0.437113     0.802083     0.000025
    -0.018780    -0.045610     0.438454     0.802083     0.000363
    -0.018780     0.045610     0.437113     0.802083     0.000994
    -0.018780     0.045610     0.438454     0.802083     0.000193
    -0.018780     0.045610     0.439796     0.802083     0.000298
     0.010732    -0.048293     0.469308     0.802083     0.000343
     0.010732     0.048293     0.469308     0.802083     0.000180
     0.010732     0.048293     0.470649     0.802083     0.000593
     0.013415     0.048293     0.471991     0.802083     0.000850
     0.013415     0.048293     0.473332     0.802083     0.000899
     0.018780    -0.045610     0.477357     0.802083     0.000031
     0.018780     0.045610     0.473332     0.802083     0.000553
     0.018780     0.045610     0.477357     0.802083     0.000165
     0.021463    -0.045610     0.476015     0.802083     0.000839
     0.021463     0.045610     0.480040     0.802083     0.000475
     0.024146    -0.042927     0.474674     0.802083     0.000769
     0.024146    -0.042927     0.478698     0.802083     0.000674
     0.024146     0.042927     0.474674     0.802083     0.000276
     0.024146     0.042927     0.477357     0.802083     0.000818
     0.026829    -0.042927     0.477357     0.802083     0.000227
     0.026829    -0.042927     0.478698     0.802083     0.000690
     0.026829    -0.042927     0.480040     0.802083     0.000697
     0.026829     0.042927     0.480040     0.802083     0.000383
     0.034878     0.034878     0.469308     0.802083     0.000969
     0.037561    -0.032195     0.466625     0.802083     0.000144
     0.037561    -0.032195     0.469308     0.802083     0.000820
     0.037561     0.032195     0.466625     0.802083     0.000567
     0.037561     0.032195     0.470649     0.802083     0.000923
     0.040244    -0.026829     0.459918     0.802083     0.000316
     0.040244    -0.026829     0.461259     0.802083     0.000398
     0.040244    -0.026829     0.462601     0.802083     0.000492
     0.040244     0.026829     0.459918     0.802083     0.000734
     0.040244     0.026829     0.461259     0.802083     0.000031
     0.040244     0.026829     0.462601     0.802083     0.000866
     0.042927    -0.024146     0.455893     0.802083     0.000871
     0.042927    -0.024146     0.457235     0.802083     0.000526
     0.042927     0.024146     0.455893     0.802083     0.000493
     0.042927     0.024146     0.457235     0.802083     0.000073
     0.045610    -0.018780     0.447844     0.802083     0.000469
     0.045610    -0.018780     0.449186     0.802083     0.000990
     0.045610    -0.018780     0.450527     0.802083     0.000754
     0.045610    -0.016098     0.446503     0.802083     0.000582
     0.045610    -0.016098     0.447844     0.802083     0.000211
     0.045610    -0.016098     0.449186     0.802083     0.000591
     0.045610     0.016098     0.446503     0.802083     0.000895
     0.045610     0.016098     0.447844     0.802083     0.000071
     0.045610     0.016098     0.449186     0.802083     0.000799
     0.045610     0.018780     0.447844     0.802083     0.000275
     0.045610     0.018780     0.451869     0.802083     0.000659
     0.048293    -0.013415     0.442479     0.802083     0.000533
     0.048293    -0.013415     0.443820     0.802083     0.000716
     0.048293    -0.008049     0.442479     0.802083     0.000528
     0.048293     0.008049     0.439796     0.802083     0.000872
     0.048293     0.008049     0.442479     0.802083     0.000427
     0.048293     0.013415     0.442479     0.802083     0.000233
     0.048293     0.013415     0.443820     0.802083     0.000347


    -0.029512    -0.040244     0.437113     0.803542     0.000421
    -0.029512     0.040244     0.437113     0.803542     0.000399
    -0.026829    -0.042927     0.435771     0.803542     0.000782
    -0.021463    -0.045610     0.435771     0.803542     0.000019
    -0.021463    -0.045610     0.437113     0.803542     0.000473
    -0.021463     0.045610     0.435771     0.803542     0.000653
    -0.021463     0.045610     0.437113     0.803542     0.000946
    -0.018780     0.045610     0.438454     0.803542     0.000637
     0.018780    -0.045610     0.473332     0.803542     0.000805
     0.018780    -0.045610     0.477357     0.803542     0.000365
     0.018780     0.045610     0.473332     0.803542     0.000099
     0.018780     0.045610     0.477357     0.803542     0.000556
     0.021463    -0.045610     0.476015     0.803542     0.000175
     0.021463    -0.045610     0.478698     0.803542     0.000686
     0.021463     0.045610     0.476015     0.803542     0.000743
     0.021463     0.045610     0.480040     0.803542     0.000836
     0.024146    -0.042927     0.474674     0.803542     0.000299
     0.024146    -0.042927     0.478698     0.803542     0.000886
     0.024146     0.042927     0.474674     0.803542     0.000732
     0.024146     0.042927     0.476015     0.803542     0.000893
     0.024146     0.042927     0.477357     0.803542     0.000549
     0.026829    -0.042927     0.477357     0.803542     0.000298
     0.026829    -0.042927     0.478698     0.803542     0.000257
     0.026829     0.042927     0.477357     0.803542     0.000737
     0.026829     0.042927     0.480040     0.803542     0.000061
     0.029512    -0.040244     0.478698     0.803542     0.000832
     0.032195    -0.037561     0.471991     0.803542     0.000712
     0.032195     0.037561     0.471991     0.803542     0.000480
     0.034878    -0.034878     0.469308     0.803542     0.000260
     0.034878     0.034878     0.469308     0.803542     0.000197
     0.037561    -0.032195     0.466625     0.803542     0.000742
     0.037561    -0.032195     0.467966     0.803542     0.000496
     0.037561    -0.032195     0.469308     0.803542     0.000007
     0.037561     0.032195     0.466625     0.803542     0.000334
     0.037561     0.032195     0.469308     0.803542     0.000488
     0.040244    -0.026829     0.461259     0.803542     0.000427
     0.040244     0.026829     0.461259     0.803542     0.000816
     0.045610    -0.018780     0.449186     0.803542     0.000061
     0.045610    -0.018780     0.450527     0.803542     0.000190
     0.045610    -0.016098     0.447844     0.803542     0.000402
     0.045610     0.016098     0.447844     0.803542     0.000656
     0.045610     0.018780     0.449186     0.803542     0.000399
     0.045610     0.018780     0.450527     0.803542     0.000212
     0.048293    -0.008049     0.439796     0.803542     0.000869
     0.048293    -0.008049     0.442479     0.803542     0.000139
     0.048293     0.008049     0.439796     0.803542     0.000665
     0.048293     0.008049     0.442479     0.803542     0.000052
     0.048293     0.013415     0.442479     0.803542     0.000893


    -0.021463    -0.045610     0.435771     0.805000     0.000901
     0.018780    -0.045610     0.473332     0.805000     0.000053
     0.018780    -0.045610     0.477357     0.805000     0.000823
     0.018780     0.045610     0.473332     0.805000     0.000806
     0.021463    -0.045610     0.476015     0.805000     0.000543
     0.021463    -0.045610     0.477357     0.805000     0.000849
     0.021463    -0.045610     0.478698     0.805000     0.000147
     0.021463     0.045610     0.476015     0.805000     0.000002
     0.024146    -0.042927     0.474674     0.805000     0.000239
     0.024146     0.042927     0.476015     0.805000     0.000451
     0.024146     0.042927     0.477357     0.805000     0.000211
     0.026829    -0.042927     0.477357     0.805000     0.000884
     0.026829    -0.042927     0.478698     0.805000     0.000242
     0.026829     0.042927     0.477357     0.805000     0.000131
     0.026829     0.042927     0.480040     0.805000     0.000326
     0.029512    -0.040244     0.474674     0.805000     0.000946
     0.029512    -0.040244     0.478698     0.805000     0.000490
     0.029512     0.040244     0.478698     0.805000     0.000750
     0.032195    -0.037561     0.471991     0.805000     0.000021
     0.032195     0.037561     0.471991     0.805000     0.000232
     0.034878    -0.034878     0.469308     0.805000     0.000572
     0.034878    -0.034878     0.473332     0.805000     0.000440
     0.034878     0.034878     0.469308     0.805000     0.000620
     0.034878     0.034878     0.473332     0.805000     0.000407
     0.037561    -0.032195     0.467966     0.805000     0.000458
     0.037561    -0.032195     0.469308     0.805000     0.000872
     0.037561     0.032195     0.467966     0.805000     0.000041
     0.037561     0.032195     0.469308     0.805000     0.000397
     0.045610    -0.018780     0.449186     0.805000     0.000893
     0.045610     0.018780     0.449186     0.805000     0.000559
     0.045610     0.018780     0.450527     0.805000     0.000764
     0.048293    -0.010732     0.443820     0.805000     0.000596
     0.048293    -0.008049     0.439796     0.805000     0.000582
     0.048293    -0.008049     0.442479     0.805000     0.000317
     0.048293     0.008049     0.439796     0.805000     0.000390
     0.048293     0.008049     0.442479     0.805000     0.000390
     0.048293     0.010732     0.443820     0.805000     0.000766


    -0.024839     0.042581     0.437719     0.805000     0.000843
    -0.017742    -0.046129     0.439493     0.805000     0.000940
    -0.017742     0.046129     0.439493     0.805000     0.000534
     0.017742    -0.046129     0.476751     0.805000     0.000653
     0.017742     0.046129     0.473202     0.805000     0.000927
     0.017742     0.046129     0.476751     0.805000     0.000677
     0.021290     0.046129     0.478525     0.805000     0.000334
     0.024839    -0.042581     0.478525     0.805000     0.000572
     0.024839     0.042581     0.474977     0.805000     0.000374
     0.024839     0.042581     0.478525     0.805000     0.000133
     0.031935    -0.039032     0.474977     0.805000     0.000848
     0.031935    -0.039032     0.476751     0.805000     0.000259
     0.031935     0.039032     0.474977     0.805000     0.000146
     0.031935     0.039032     0.476751     0.805000     0.000871
     0.035484     0.035484     0.473202     0.805000     0.000838
     0.046129    -0.017742     0.446590     0.805000     0.000910
     0.046129    -0.017742     0.448364     0.805000     0.000304
     0.046129     0.017742     0.446590     0.805000     0.000688
     0.046129     0.017742     0.448364     0.805000     0.000681
     0.046129     0.017742     0.450138     0.805000     0.000742
     0.049677    -0.007097     0.435944     0.805000     0.000747
     0.049677     0.007097     0.435944     0.805000     0.000762
     0.049677     0.007097     0.441267     0.805000     0.000885


    -0.017742     0.046129     0.439493     0.805556     0.000736
     0.017742    -0.046129     0.476751     0.805556     0.000591
     0.017742     0.046129     0.473202     0.805556     0.000776
     0.017742     0.046129     0.476751     0.805556     0.000617
     0.021290     0.046129     0.478525     0.805556     0.000410
     0.024839    -0.042581     0.478525     0.805556     0.000619
     0.024839     0.042581     0.474977     0.805556     0.000329
     0.024839     0.042581     0.478525     0.805556     0.000088
     0.031935    -0.039032     0.474977     0.805556     0.000950
     0.031935    -0.039032     0.476751     0.805556     0.000329
     0.031935     0.039032     0.474977     0.805556     0.000033
     0.031935     0.039032     0.476751     0.805556     0.000791
     0.035484     0.035484     0.473202     0.805556     0.000964
     0.046129    -0.017742     0.448364     0.805556     0.000100
     0.046129     0.017742     0.446590     0.805556     0.000842
     0.046129     0.017742     0.448364     0.805556     0.000474
     0.046129     0.017742     0.450138     0.805556     0.000929
     0.049677    -0.007097     0.435944     0.805556     0.000711
     0.049677     0.007097     0.435944     0.805556     0.000722
     0.049677     0.007097     0.441267     0.805556     0.000954


    -0.017742     0.046129     0.439493     0.806111     0.000943
     0.017742    -0.046129     0.476751     0.806111     0.000518
     0.017742     0.046129     0.473202     0.806111     0.000615
     0.017742     0.046129     0.476751     0.806111     0.000545
     0.021290     0.046129     0.478525     0.806111     0.000497
     0.024839    -0.042581     0.478525     0.806111     0.000654
     0.024839     0.042581     0.474977     0.806111     0.000273
     0.024839     0.042581     0.478525     0.806111     0.000054
     0.031935    -0.039032     0.476751     0.806111     0.000410
     0.031935     0.039032     0.474977     0.806111     0.000090
     0.031935     0.039032     0.476751     0.806111     0.000701
     0.046129    -0.017742     0.448364     0.806111     0.000111
     0.046129     0.017742     0.448364     0.806111     0.000261
     0.049677    -0.007097     0.435944     0.806111     0.000686
     0.049677     0.007097     0.435944     0.806111     0.000693


     0.017742    -0.046129     0.476751     0.806667     0.000429
     0.017742     0.046129     0.473202     0.806667     0.000441
     0.017742     0.046129     0.476751     0.806667     0.000457
     0.021290     0.046129     0.478525     0.806667     0.000598
     0.024839    -0.042581     0.478525     0.806667     0.000671
     0.024839     0.042581     0.474977     0.806667     0.000200
     0.024839     0.042581     0.478525     0.806667     0.000036
     0.031935    -0.039032     0.476751     0.806667     0.000506
     0.031935     0.039032     0.474977     0.806667     0.000227
     0.031935     0.039032     0.476751     0.806667     0.000594
     0.046129    -0.017742     0.448364     0.806667     0.000331
     0.046129     0.017742     0.448364     0.806667     0.000038
     0.049677    -0.007097     0.435944     0.806667     0.000677
     0.049677     0.007097     0.435944     0.806667     0.000680


     0.017742    -0.046129     0.473202     0.807222     0.000869
     0.017742    -0.046129     0.476751     0.807222     0.000307
     0.017742     0.046129     0.473202     0.807222     0.000238
     0.017742     0.046129     0.476751     0.807222     0.000337
     0.021290     0.046129     0.478525     0.807222     0.000731
     0.024839    -0.042581     0.478525     0.807222     0.000655
     0.024839     0.042581     0.474977     0.807222     0.000095
     0.024839     0.042581     0.478525     0.807222     0.000052
     0.031935    -0.039032     0.476751     0.807222     0.000633
     0.031935     0.039032     0.474977     0.807222     0.000394
     0.031935     0.039032     0.476751     0.807222     0.000456
     0.046129    -0.017742     0.448364     0.807222     0.000578
     0.046129     0.017742     0.448364     0.807222     0.000212
     0.049677    -0.007097     0.435944     0.807222     0.000700
     0.049677     0.007097     0.435944     0.807222     0.000699


     0.017742    -0.046129     0.473202     0.807778     0.000596
     0.017742    -0.046129     0.476751     0.807778     0.000130
     0.017742     0.046129     0.473202     0.807778     0.000018
     0.017742     0.046129     0.476751     0.807778     0.000161
     0.021290     0.046129     0.478525     0.807778     0.000918
     0.024839    -0.042581     0.474977     0.807778     0.000888
     0.024839    -0.042581     0.478525     0.807778     0.000582
     0.024839     0.042581     0.474977     0.807778     0.000066
     0.024839     0.042581     0.478525     0.807778     0.000124
     0.031935    -0.039032     0.476751     0.807778     0.000815
     0.031935     0.039032     0.474977     0.807778     0.000615
     0.031935     0.039032     0.476751     0.807778     0.000262
     0.046129    -0.017742     0.448364     0.807778     0.000876
     0.046129     0.017742     0.448364     0.807778     0.000512
     0.049677    -0.007097     0.435944     0.807778     0.000780
     0.049677     0.007097     0.435944     0.807778     0.000774


     0.017742    -0.046129     0.473202     0.808333     0.000252
     0.017742    -0.046129     0.476751     0.808333     0.000122
     0.017742     0.046129     0.473202     0.808333     0.000345
     0.017742     0.046129     0.476751     0.808333     0.000090
     0.024839    -0.042581     0.474977     0.808333     0.000638
     0.024839    -0.042581     0.478525     0.808333     0.000432
     0.024839     0.042581     0.474977     0.808333     0.000302
     0.024839     0.042581     0.478525     0.808333     0.000271
     0.031935     0.039032     0.474977     0.808333     0.000908
     0.031935     0.039032     0.476751     0.808333     0.000006
     0.046129     0.017742     0.448364     0.808333     0.000882
     0.049677    -0.007097     0.435944     0.808333     0.000934
     0.049677     0.007097     0.435944     0.808333     0.000924


     0.017742    -0.046129     0.473202     0.808889     0.000136
     0.017742    -0.046129     0.476751     0.808889     0.000421
     0.017742     0.046129     0.473202     0.808889     0.000717
     0.017742     0.046129     0.476751     0.808889     0.000388
     0.024839    -0.042581     0.474977     0.808889     0.000340
     0.024839    -0.042581     0.478525     0.808889     0.000233
     0.024839     0.042581     0.474977     0.808889     0.000585
     0.024839     0.042581     0.478525     0.808889     0.000468
     0.031935     0.039032     0.476751     0.808889     0.000321


     0.017742    -0.046129     0.473202     0.809444     0.000541
     0.017742    -0.046129     0.476751     0.809444     0.000741
     0.017742     0.046129     0.474977     0.809444     0.000732
     0.017742     0.046129     0.476751     0.809444     0.000707
     0.024839    -0.042581     0.474977     0.809444     0.000020
     0.024839    -0.042581     0.478525     0.809444     0.000012
     0.024839     0.042581     0.474977     0.809444     0.000890
     0.024839     0.042581     0.476751     0.809444     0.000934
     0.024839     0.042581     0.478525     0.809444     0.000686
     0.031935     0.039032     0.476751     0.809444     0.000656
     0.049677    -0.007097     0.439493     0.809444     0.000884


     0.017742    -0.046129     0.473202     0.810000     0.000953
     0.017742    -0.046129     0.474977     0.810000     0.000632
     0.017742     0.046129     0.474977     0.810000     0.000326
     0.024839    -0.042581     0.474977     0.810000     0.000311
     0.024839    -0.042581     0.478525     0.810000     0.000224
     0.024839     0.042581     0.476751     0.810000     0.000641
     0.024839     0.042581     0.478525     0.810000     0.000917
     0.049677    -0.007097     0.439493     0.810000     0.000537
     0.049677     0.007097     0.439493     0.810000     0.000740


