    -0.050000    -0.010000     0.471806     0.760000     0.009266
    -0.050000    -0.010000     0.473520     0.760000     0.007914
    -0.050000    -0.010000     0.475235     0.760000     0.007969
    -0.050000    -0.010000     0.476949     0.760000     0.009428
    -0.050000    -0.006000     0.471806     0.760000     0.009640
    -0.050000    -0.006000     0.473520     0.760000     0.007375
    -0.050000    -0.006000     0.475235     0.760000     0.006431
    -0.050000    -0.006000     0.476949     0.760000     0.007103
    -0.050000    -0.006000     0.478663     0.760000     0.009199
    -0.050000    -0.002000     0.473520     0.760000     0.008698
    -0.050000    -0.002000     0.475235     0.760000     0.007384
    -0.050000    -0.002000     0.476949     0.760000     0.007566
    -0.050000    -0.002000     0.478663     0.760000     0.009206
    -0.050000     0.002000     0.473520     0.760000     0.008679
    -0.050000     0.002000     0.475235     0.760000     0.007354
    -0.050000     0.002000     0.476949     0.760000     0.007526
    -0.050000     0.002000     0.478663     0.760000     0.009160
    -0.050000     0.006000     0.471806     0.760000     0.009638
    -0.050000     0.006000     0.473520     0.760000     0.007348
    -0.050000     0.006000     0.475235     0.760000     0.006371
    -0.050000     0.006000     0.476949     0.760000     0.007013
    -0.050000     0.006000     0.478663     0.760000     0.009090
    -0.050000     0.010000     0.471806     0.760000     0.009362
    -0.050000     0.010000     0.473520     0.760000     0.007975
    -0.050000     0.010000     0.475235     0.760000     0.007979
    -0.050000     0.010000     0.476949     0.760000     0.009387
    -0.046000    -0.022000     0.461520     0.760000     0.009743
    -0.046000    -0.022000     0.463235     0.760000     0.009962
    -0.046000    -0.018000     0.459806     0.760000     0.009677
    -0.046000    -0.018000     0.461520     0.760000     0.005888
    -0.046000    -0.018000     0.463235     0.760000     0.002730
    -0.046000    -0.018000     0.464949     0.760000     0.001056
    -0.046000    -0.018000     0.466663     0.760000     0.001836
    -0.046000    -0.018000     0.468378     0.760000     0.004568
    -0.046000    -0.018000     0.470092     0.760000     0.008201
    -0.046000     0.018000     0.459806     0.760000     0.009698
    -0.046000     0.018000     0.461520     0.760000     0.005892
    -0.046000     0.018000     0.463235     0.760000     0.002685
    -0.046000     0.018000     0.464949     0.760000     0.000917
    -0.046000     0.018000     0.466663     0.760000     0.001614
    -0.046000     0.018000     0.468378     0.760000     0.004314
    -0.046000     0.018000     0.470092     0.760000     0.007937
    -0.042000    -0.026000     0.449520     0.760000     0.009935
    -0.042000    -0.026000     0.451235     0.760000     0.005918
    -0.042000    -0.026000     0.452949     0.760000     0.002354
    -0.042000    -0.026000     0.454663     0.760000     0.000030
    -0.042000    -0.026000     0.456378     0.760000     0.000360
    -0.042000    -0.026000     0.458092     0.760000     0.003068
    -0.042000    -0.026000     0.459806     0.760000     0.006759
    -0.042000     0.026000     0.449520     0.760000     0.009998
    -0.042000     0.026000     0.451235     0.760000     0.006013
    -0.042000     0.026000     0.452949     0.760000     0.002475
    -0.042000     0.026000     0.454663     0.760000     0.000142
    -0.042000     0.026000     0.456378     0.760000     0.000384
    -0.042000     0.026000     0.458092     0.760000     0.003000
    -0.042000     0.026000     0.459806     0.760000     0.006632
    -0.038000    -0.034000     0.442663     0.760000     0.009352
    -0.038000    -0.034000     0.444378     0.760000     0.008283
    -0.038000    -0.034000     0.446092     0.760000     0.008590
    -0.038000    -0.030000     0.446092     0.760000     0.009421
    -0.038000    -0.030000     0.447806     0.760000     0.007055
    -0.038000    -0.030000     0.449520     0.760000     0.005959
    -0.038000    -0.030000     0.451235     0.760000     0.006452
    -0.038000    -0.030000     0.452949     0.760000     0.008369
    -0.038000     0.030000     0.446092     0.760000     0.008902
    -0.038000     0.030000     0.447806     0.760000     0.006460
    -0.038000     0.030000     0.449520     0.760000     0.005306
    -0.038000     0.030000     0.451235     0.760000     0.005801
    -0.038000     0.030000     0.452949     0.760000     0.007765
    -0.038000     0.034000     0.444378     0.760000     0.009149
    -0.038000     0.034000     0.446092     0.760000     0.009403
    -0.034000    -0.038000     0.437520     0.760000     0.009804
    -0.034000    -0.038000     0.439235     0.760000     0.008186
    -0.034000    -0.038000     0.440949     0.760000     0.007972
    -0.034000    -0.038000     0.442663     0.760000     0.009206
    -0.034000     0.038000     0.439235     0.760000     0.008961
    -0.034000     0.038000     0.440949     0.760000     0.008729
    -0.034000     0.038000     0.442663     0.760000     0.009857
    -0.026000    -0.042000     0.439235     0.760000     0.009626
    -0.026000     0.042000     0.439235     0.760000     0.009166
    -0.026000     0.042000     0.440949     0.760000     0.009658
    -0.022000    -0.046000     0.435806     0.760000     0.009244
    -0.022000    -0.046000     0.437520     0.760000     0.008543
    -0.022000    -0.046000     0.439235     0.760000     0.009308
    -0.022000     0.046000     0.435806     0.760000     0.009816
    -0.022000     0.046000     0.437520     0.760000     0.009028
    -0.022000     0.046000     0.439235     0.760000     0.009642
    -0.018000    -0.046000     0.439235     0.760000     0.008374
    -0.018000    -0.046000     0.440949     0.760000     0.007615
    -0.018000    -0.046000     0.442663     0.760000     0.008376
    -0.018000     0.046000     0.439235     0.760000     0.008130
    -0.018000     0.046000     0.440949     0.760000     0.007207
    -0.018000     0.046000     0.442663     0.760000     0.007825
    -0.018000     0.046000     0.444378     0.760000     0.009797
    -0.010000    -0.050000     0.442663     0.760000     0.009512
    -0.010000    -0.050000     0.444378     0.760000     0.008082
    -0.010000    -0.050000     0.446092     0.760000     0.008029
    -0.010000    -0.050000     0.447806     0.760000     0.009357
    -0.010000     0.050000     0.444378     0.760000     0.008767
    -0.010000     0.050000     0.446092     0.760000     0.008430
    -0.010000     0.050000     0.447806     0.760000     0.009446
    -0.006000    -0.050000     0.446092     0.760000     0.008118
    -0.006000    -0.050000     0.447806     0.760000     0.005421
    -0.006000    -0.050000     0.449520     0.760000     0.004074
    -0.006000    -0.050000     0.451235     0.760000     0.004574
    -0.006000    -0.050000     0.452949     0.760000     0.006704
    -0.006000    -0.050000     0.454663     0.760000     0.009831
    -0.006000     0.050000     0.446092     0.760000     0.009024
    -0.006000     0.050000     0.447806     0.760000     0.006172
    -0.006000     0.050000     0.449520     0.760000     0.004508
    -0.006000     0.050000     0.451235     0.760000     0.004574
    -0.006000     0.050000     0.452949     0.760000     0.006338
    -0.006000     0.050000     0.454663     0.760000     0.009232
    -0.002000    -0.050000     0.449520     0.760000     0.009519
    -0.002000    -0.050000     0.451235     0.760000     0.005973
    -0.002000    -0.050000     0.452949     0.760000     0.003250
    -0.002000    -0.050000     0.454663     0.760000     0.002167
    -0.002000    -0.050000     0.456378     0.760000     0.003282
    -0.002000    -0.050000     0.458092     0.760000     0.006017
    -0.002000    -0.050000     0.459806     0.760000     0.009559
    -0.002000     0.050000     0.451235     0.760000     0.006812
    -0.002000     0.050000     0.452949     0.760000     0.003855
    -0.002000     0.050000     0.454663     0.760000     0.002312
    -0.002000     0.050000     0.456378     0.760000     0.002911
    -0.002000     0.050000     0.458092     0.760000     0.005325
    -0.002000     0.050000     0.459806     0.760000     0.008710
     0.002000    -0.050000     0.454663     0.760000     0.008720
     0.002000    -0.050000     0.456378     0.760000     0.005336
     0.002000    -0.050000     0.458092     0.760000     0.002921
     0.002000    -0.050000     0.459806     0.760000     0.002320
     0.002000    -0.050000     0.461520     0.760000     0.003858
     0.002000    -0.050000     0.463235     0.760000     0.006812
     0.002000     0.050000     0.454663     0.760000     0.009561
     0.002000     0.050000     0.456378     0.760000     0.006017
     0.002000     0.050000     0.458092     0.760000     0.003279
     0.002000     0.050000     0.459806     0.760000     0.002159
     0.002000     0.050000     0.461520     0.760000     0.003240
     0.002000     0.050000     0.463235     0.760000     0.005963
     0.002000     0.050000     0.464949     0.760000     0.009510
     0.006000    -0.050000     0.459806     0.760000     0.009243
     0.006000    -0.050000     0.461520     0.760000     0.006350
     0.006000    -0.050000     0.463235     0.760000     0.004585
     0.006000    -0.050000     0.464949     0.760000     0.004515
     0.006000    -0.050000     0.466663     0.760000     0.006176
     0.006000    -0.050000     0.468378     0.760000     0.009025
     0.006000     0.050000     0.459806     0.760000     0.009832
     0.006000     0.050000     0.461520     0.760000     0.006703
     0.006000     0.050000     0.463235     0.760000     0.004570
     0.006000     0.050000     0.464949     0.760000     0.004067
     0.006000     0.050000     0.466663     0.760000     0.005412
     0.006000     0.050000     0.468378     0.760000     0.008109
     0.010000    -0.050000     0.466663     0.760000     0.009459
     0.010000    -0.050000     0.468378     0.760000     0.008441
     0.010000    -0.050000     0.470092     0.760000     0.008775
     0.010000     0.050000     0.466663     0.760000     0.009354
     0.010000     0.050000     0.468378     0.760000     0.008024
     0.010000     0.050000     0.470092     0.760000     0.008075
     0.010000     0.050000     0.471806     0.760000     0.009504
     0.018000    -0.046000     0.470092     0.760000     0.009795
     0.018000    -0.046000     0.471806     0.760000     0.007820
     0.018000    -0.046000     0.473520     0.760000     0.007198
     0.018000    -0.046000     0.475235     0.760000     0.008117
     0.018000     0.046000     0.471806     0.760000     0.008380
     0.018000     0.046000     0.473520     0.760000     0.007618
     0.018000     0.046000     0.475235     0.760000     0.008373
     0.022000    -0.046000     0.475235     0.760000     0.009645
     0.022000    -0.046000     0.476949     0.760000     0.009029
     0.022000    -0.046000     0.478663     0.760000     0.009813
     0.022000     0.046000     0.475235     0.760000     0.009309
     0.022000     0.046000     0.476949     0.760000     0.008542
     0.022000     0.046000     0.478663     0.760000     0.009241
     0.026000    -0.042000     0.473520     0.760000     0.009649
     0.026000    -0.042000     0.475235     0.760000     0.009152
     0.026000     0.042000     0.475235     0.760000     0.009626
     0.034000    -0.038000     0.471806     0.760000     0.009859
     0.034000    -0.038000     0.473520     0.760000     0.008727
     0.034000    -0.038000     0.475235     0.760000     0.008956
     0.034000     0.038000     0.471806     0.760000     0.009204
     0.034000     0.038000     0.473520     0.760000     0.007966
     0.034000     0.038000     0.475235     0.760000     0.008175
     0.034000     0.038000     0.476949     0.760000     0.009790
     0.038000    -0.034000     0.468378     0.760000     0.009403
     0.038000    -0.034000     0.470092     0.760000     0.009147
     0.038000    -0.030000     0.461520     0.760000     0.007759
     0.038000    -0.030000     0.463235     0.760000     0.005789
     0.038000    -0.030000     0.464949     0.760000     0.005289
     0.038000    -0.030000     0.466663     0.760000     0.006440
     0.038000    -0.030000     0.468378     0.760000     0.008881
     0.038000     0.030000     0.461520     0.760000     0.008373
     0.038000     0.030000     0.463235     0.760000     0.006450
     0.038000     0.030000     0.464949     0.760000     0.005949
     0.038000     0.030000     0.466663     0.760000     0.007038
     0.038000     0.030000     0.468378     0.760000     0.009401
     0.038000     0.034000     0.468378     0.760000     0.008583
     0.038000     0.034000     0.470092     0.760000     0.008271
     0.038000     0.034000     0.471806     0.760000     0.009336
     0.042000    -0.026000     0.454663     0.760000     0.006633
     0.042000    -0.026000     0.456378     0.760000     0.002996
     0.042000    -0.026000     0.458092     0.760000     0.000371
     0.042000    -0.026000     0.459806     0.760000     0.000121
     0.042000    -0.026000     0.461520     0.760000     0.002453
     0.042000    -0.026000     0.463235     0.760000     0.005993
     0.042000    -0.026000     0.464949     0.760000     0.009980
     0.042000     0.026000     0.454663     0.760000     0.006766
     0.042000     0.026000     0.456378     0.760000     0.003068
     0.042000     0.026000     0.458092     0.760000     0.000346
     0.042000     0.026000     0.459806     0.760000     0.000000
     0.042000     0.026000     0.461520     0.760000     0.002321
     0.042000     0.026000     0.463235     0.760000     0.005887
     0.042000     0.026000     0.464949     0.760000     0.009906
     0.046000    -0.018000     0.444378     0.760000     0.007937
     0.046000    -0.018000     0.446092     0.760000     0.004308
     0.046000    -0.018000     0.447806     0.760000     0.001597
     0.046000    -0.018000     0.449520     0.760000     0.000890
     0.046000    -0.018000     0.451235     0.760000     0.002656
     0.046000    -0.018000     0.452949     0.760000     0.005866
     0.046000    -0.018000     0.454663     0.760000     0.009674
     0.046000     0.018000     0.444378     0.760000     0.008203
     0.046000     0.018000     0.446092     0.760000     0.004561
     0.046000     0.018000     0.447806     0.760000     0.001817
     0.046000     0.018000     0.449520     0.760000     0.001022
     0.046000     0.018000     0.451235     0.760000     0.002691
     0.046000     0.018000     0.452949     0.760000     0.005852
     0.046000     0.018000     0.454663     0.760000     0.009643
     0.046000     0.022000     0.451235     0.760000     0.009950
     0.046000     0.022000     0.452949     0.760000     0.009724
     0.050000    -0.010000     0.437520     0.760000     0.009368
     0.050000    -0.010000     0.439235     0.760000     0.007953
     0.050000    -0.010000     0.440949     0.760000     0.007943
     0.050000    -0.010000     0.442663     0.760000     0.009329
     0.050000    -0.006000     0.435806     0.760000     0.009072
     0.050000    -0.006000     0.437520     0.760000     0.006987
     0.050000    -0.006000     0.439235     0.760000     0.006337
     0.050000    -0.006000     0.440949     0.760000     0.007311
     0.050000    -0.006000     0.442663     0.760000     0.009602
     0.050000    -0.002000     0.435806     0.760000     0.009142
     0.050000    -0.002000     0.437520     0.760000     0.007500
     0.050000    -0.002000     0.439235     0.760000     0.007321
     0.050000    -0.002000     0.440949     0.760000     0.008643
     0.050000     0.002000     0.435806     0.760000     0.009187
     0.050000     0.002000     0.437520     0.760000     0.007538
     0.050000     0.002000     0.439235     0.760000     0.007350
     0.050000     0.002000     0.440949     0.760000     0.008661
     0.050000     0.006000     0.435806     0.760000     0.009180
     0.050000     0.006000     0.437520     0.760000     0.007075
     0.050000     0.006000     0.439235     0.760000     0.006394
     0.050000     0.006000     0.440949     0.760000     0.007334
     0.050000     0.006000     0.442663     0.760000     0.009600
     0.050000     0.010000     0.437520     0.760000     0.009405
     0.050000     0.010000     0.439235     0.760000     0.007938
     0.050000     0.010000     0.440949     0.760000     0.007877
     0.050000     0.010000     0.442663     0.760000     0.009227


    -0.050000    -0.010000     0.471806     0.760769     0.009409
    -0.050000    -0.010000     0.473520     0.760769     0.008018
    -0.050000    -0.010000     0.475235     0.760769     0.008047
    -0.050000    -0.010000     0.476949     0.760769     0.009502
    -0.050000    -0.006000     0.471806     0.760769     0.009749
    -0.050000    -0.006000     0.473520     0.760769     0.007426
    -0.050000    -0.006000     0.475235     0.760769     0.006433
    -0.050000    -0.006000     0.476949     0.760769     0.007089
    -0.050000    -0.006000     0.478663     0.760769     0.009200
    -0.050000    -0.002000     0.473520     0.760769     0.008751
    -0.050000    -0.002000     0.475235     0.760769     0.007384
    -0.050000    -0.002000     0.476949     0.760769     0.007539
    -0.050000    -0.002000     0.478663     0.760769     0.009185
    -0.050000     0.002000     0.473520     0.760769     0.008732
    -0.050000     0.002000     0.475235     0.760769     0.007354
    -0.050000     0.002000     0.476949     0.760769     0.007500
    -0.050000     0.002000     0.478663     0.760769     0.009140
    -0.050000     0.006000     0.471806     0.760769     0.009749
    -0.050000     0.006000     0.473520     0.760769     0.007401
    -0.050000     0.006000     0.475235     0.760769     0.006374
    -0.050000     0.006000     0.476949     0.760769     0.007000
    -0.050000     0.006000     0.478663     0.760769     0.009091
    -0.050000     0.010000     0.471806     0.760769     0.009509
    -0.050000     0.010000     0.473520     0.760769     0.008083
    -0.050000     0.010000     0.475235     0.760769     0.008062
    -0.050000     0.010000     0.476949     0.760769     0.009465
    -0.046000    -0.022000     0.461520     0.760769     0.009998
    -0.046000    -0.018000     0.459806     0.760769     0.009855
    -0.046000    -0.018000     0.461520     0.760769     0.006020
    -0.046000    -0.018000     0.463235     0.760769     0.002788
    -0.046000    -0.018000     0.464949     0.760769     0.001037
    -0.046000    -0.018000     0.466663     0.760769     0.001826
    -0.046000    -0.018000     0.468378     0.760769     0.004616
    -0.046000    -0.018000     0.470092     0.760769     0.008297
    -0.046000     0.018000     0.459806     0.760769     0.009881
    -0.046000     0.018000     0.461520     0.760769     0.006030
    -0.046000     0.018000     0.463235     0.760769     0.002750
    -0.046000     0.018000     0.464949     0.760769     0.000903
    -0.046000     0.018000     0.466663     0.760769     0.001605
    -0.046000     0.018000     0.468378     0.760769     0.004365
    -0.046000     0.018000     0.470092     0.760769     0.008035
    -0.042000    -0.026000     0.451235     0.760769     0.006049
    -0.042000    -0.026000     0.452949     0.760769     0.002426
    -0.042000    -0.026000     0.454663     0.760769     0.000030
    -0.042000    -0.026000     0.456378     0.760769     0.000383
    -0.042000    -0.026000     0.458092     0.760769     0.003173
    -0.042000    -0.026000     0.459806     0.760769     0.006918
    -0.042000     0.026000     0.451235     0.760769     0.006150
    -0.042000     0.026000     0.452949     0.760769     0.002558
    -0.042000     0.026000     0.454663     0.760769     0.000159
    -0.042000     0.026000     0.456378     0.760769     0.000419
    -0.042000     0.026000     0.458092     0.760769     0.003112
    -0.042000     0.026000     0.459806     0.760769     0.006796
    -0.038000    -0.034000     0.442663     0.760769     0.009508
    -0.038000    -0.034000     0.444378     0.760769     0.008448
    -0.038000    -0.034000     0.446092     0.760769     0.008776
    -0.038000    -0.030000     0.446092     0.760769     0.009490
    -0.038000    -0.030000     0.447806     0.760769     0.007099
    -0.038000    -0.030000     0.449520     0.760769     0.005996
    -0.038000    -0.030000     0.451235     0.760769     0.006513
    -0.038000    -0.030000     0.452949     0.760769     0.008471
    -0.038000     0.030000     0.446092     0.760769     0.008967
    -0.038000     0.030000     0.447806     0.760769     0.006497
    -0.038000     0.030000     0.449520     0.760769     0.005334
    -0.038000     0.030000     0.451235     0.760769     0.005854
    -0.038000     0.030000     0.452949     0.760769     0.007863
    -0.038000     0.034000     0.444378     0.760769     0.009324
    -0.038000     0.034000     0.446092     0.760769     0.009598
    -0.034000    -0.038000     0.437520     0.760769     0.009875
    -0.034000    -0.038000     0.439235     0.760769     0.008259
    -0.034000    -0.038000     0.440949     0.760769     0.008069
    -0.034000    -0.038000     0.442663     0.760769     0.009341
    -0.034000     0.038000     0.439235     0.760769     0.009048
    -0.034000     0.038000     0.440949     0.760769     0.008838
    -0.026000    -0.042000     0.439235     0.760769     0.009626
    -0.026000     0.042000     0.439235     0.760769     0.009158
    -0.026000     0.042000     0.440949     0.760769     0.009686
    -0.022000    -0.046000     0.435806     0.760769     0.009262
    -0.022000    -0.046000     0.437520     0.760769     0.008578
    -0.022000    -0.046000     0.439235     0.760769     0.009383
    -0.022000     0.046000     0.435806     0.760769     0.009845
    -0.022000     0.046000     0.437520     0.760769     0.009073
    -0.022000     0.046000     0.439235     0.760769     0.009723
    -0.018000    -0.046000     0.439235     0.760769     0.008358
    -0.018000    -0.046000     0.440949     0.760769     0.007611
    -0.018000    -0.046000     0.442663     0.760769     0.008412
    -0.018000     0.046000     0.439235     0.760769     0.008110
    -0.018000     0.046000     0.440949     0.760769     0.007194
    -0.018000     0.046000     0.442663     0.760769     0.007852
    -0.018000     0.046000     0.444378     0.760769     0.009878
    -0.010000    -0.050000     0.442663     0.760769     0.009673
    -0.010000    -0.050000     0.444378     0.760769     0.008250
    -0.010000    -0.050000     0.446092     0.760769     0.008215
    -0.010000    -0.050000     0.447806     0.760769     0.009567
    -0.010000     0.050000     0.444378     0.760769     0.008941
    -0.010000     0.050000     0.446092     0.760769     0.008619
    -0.010000     0.050000     0.447806     0.760769     0.009658
    -0.006000    -0.050000     0.446092     0.760769     0.008284
    -0.006000    -0.050000     0.447806     0.760769     0.005575
    -0.006000    -0.050000     0.449520     0.760769     0.004226
    -0.006000    -0.050000     0.451235     0.760769     0.004747
    -0.006000    -0.050000     0.452949     0.760769     0.006908
    -0.006000     0.050000     0.446092     0.760769     0.009199
    -0.006000     0.050000     0.447806     0.760769     0.006335
    -0.006000     0.050000     0.449520     0.760769     0.004666
    -0.006000     0.050000     0.451235     0.760769     0.004747
    -0.006000     0.050000     0.452949     0.760769     0.006539
    -0.006000     0.050000     0.454663     0.760769     0.009457
    -0.002000    -0.050000     0.449520     0.760769     0.009716
    -0.002000    -0.050000     0.451235     0.760769     0.006149
    -0.002000    -0.050000     0.452949     0.760769     0.003401
    -0.002000    -0.050000     0.454663     0.760769     0.002307
    -0.002000    -0.050000     0.456378     0.760769     0.003446
    -0.002000    -0.050000     0.458092     0.760769     0.006212
    -0.002000    -0.050000     0.459806     0.760769     0.009777
    -0.002000     0.050000     0.451235     0.760769     0.006996
    -0.002000     0.050000     0.452949     0.760769     0.004015
    -0.002000     0.050000     0.454663     0.760769     0.002456
    -0.002000     0.050000     0.456378     0.760769     0.003069
    -0.002000     0.050000     0.458092     0.760769     0.005514
    -0.002000     0.050000     0.459806     0.760769     0.008923
     0.002000    -0.050000     0.454663     0.760769     0.008933
     0.002000    -0.050000     0.456378     0.760769     0.005524
     0.002000    -0.050000     0.458092     0.760769     0.003079
     0.002000    -0.050000     0.459806     0.760769     0.002464
     0.002000    -0.050000     0.461520     0.760769     0.004019
     0.002000    -0.050000     0.463235     0.760769     0.006997
     0.002000     0.050000     0.454663     0.760769     0.009779
     0.002000     0.050000     0.456378     0.760769     0.006212
     0.002000     0.050000     0.458092     0.760769     0.003442
     0.002000     0.050000     0.459806     0.760769     0.002300
     0.002000     0.050000     0.461520     0.760769     0.003392
     0.002000     0.050000     0.463235     0.760769     0.006139
     0.002000     0.050000     0.464949     0.760769     0.009706
     0.006000    -0.050000     0.459806     0.760769     0.009468
     0.006000    -0.050000     0.461520     0.760769     0.006550
     0.006000    -0.050000     0.463235     0.760769     0.004758
     0.006000    -0.050000     0.464949     0.760769     0.004674
     0.006000    -0.050000     0.466663     0.760769     0.006339
     0.006000    -0.050000     0.468378     0.760769     0.009200
     0.006000     0.050000     0.461520     0.760769     0.006906
     0.006000     0.050000     0.463235     0.760769     0.004742
     0.006000     0.050000     0.464949     0.760769     0.004219
     0.006000     0.050000     0.466663     0.760769     0.005566
     0.006000     0.050000     0.468378     0.760769     0.008275
     0.010000    -0.050000     0.466663     0.760769     0.009670
     0.010000    -0.050000     0.468378     0.760769     0.008630
     0.010000    -0.050000     0.470092     0.760769     0.008949
     0.010000     0.050000     0.466663     0.760769     0.009564
     0.010000     0.050000     0.468378     0.760769     0.008210
     0.010000     0.050000     0.470092     0.760769     0.008243
     0.010000     0.050000     0.471806     0.760769     0.009665
     0.018000    -0.046000     0.470092     0.760769     0.009877
     0.018000    -0.046000     0.471806     0.760769     0.007847
     0.018000    -0.046000     0.473520     0.760769     0.007185
     0.018000    -0.046000     0.475235     0.760769     0.008097
     0.018000     0.046000     0.471806     0.760769     0.008417
     0.018000     0.046000     0.473520     0.760769     0.007613
     0.018000     0.046000     0.475235     0.760769     0.008358
     0.022000    -0.046000     0.475235     0.760769     0.009727
     0.022000    -0.046000     0.476949     0.760769     0.009073
     0.022000    -0.046000     0.478663     0.760769     0.009842
     0.022000     0.046000     0.475235     0.760769     0.009384
     0.022000     0.046000     0.476949     0.760769     0.008577
     0.022000     0.046000     0.478663     0.760769     0.009259
     0.026000    -0.042000     0.473520     0.760769     0.009677
     0.026000    -0.042000     0.475235     0.760769     0.009145
     0.026000     0.042000     0.475235     0.760769     0.009626
     0.034000    -0.038000     0.473520     0.760769     0.008837
     0.034000    -0.038000     0.475235     0.760769     0.009044
     0.034000     0.038000     0.471806     0.760769     0.009340
     0.034000     0.038000     0.473520     0.760769     0.008063
     0.034000     0.038000     0.475235     0.760769     0.008249
     0.034000     0.038000     0.476949     0.760769     0.009862
     0.038000    -0.034000     0.468378     0.760769     0.009599
     0.038000    -0.034000     0.470092     0.760769     0.009323
     0.038000    -0.030000     0.461520     0.760769     0.007858
     0.038000    -0.030000     0.463235     0.760769     0.005842
     0.038000    -0.030000     0.464949     0.760769     0.005317
     0.038000    -0.030000     0.466663     0.760769     0.006477
     0.038000    -0.030000     0.468378     0.760769     0.008946
     0.038000     0.030000     0.461520     0.760769     0.008475
     0.038000     0.030000     0.463235     0.760769     0.006511
     0.038000     0.030000     0.464949     0.760769     0.005986
     0.038000     0.030000     0.466663     0.760769     0.007082
     0.038000     0.030000     0.468378     0.760769     0.009470
     0.038000     0.034000     0.468378     0.760769     0.008769
     0.038000     0.034000     0.470092     0.760769     0.008436
     0.038000     0.034000     0.471806     0.760769     0.009492
     0.042000    -0.026000     0.454663     0.760769     0.006798
     0.042000    -0.026000     0.456378     0.760769     0.003109
     0.042000    -0.026000     0.458092     0.760769     0.000406
     0.042000    -0.026000     0.459806     0.760769     0.000138
     0.042000    -0.026000     0.461520     0.760769     0.002537
     0.042000    -0.026000     0.463235     0.760769     0.006130
     0.042000     0.026000     0.454663     0.760769     0.006926
     0.042000     0.026000     0.456378     0.760769     0.003174
     0.042000     0.026000     0.458092     0.760769     0.000369
     0.042000     0.026000     0.459806     0.760769     0.000000
     0.042000     0.026000     0.461520     0.760769     0.002393
     0.042000     0.026000     0.463235     0.760769     0.006017
     0.046000    -0.018000     0.444378     0.760769     0.008036
     0.046000    -0.018000     0.446092     0.760769     0.004359
     0.046000    -0.018000     0.447806     0.760769     0.001588
     0.046000    -0.018000     0.449520     0.760769     0.000876
     0.046000    -0.018000     0.451235     0.760769     0.002722
     0.046000    -0.018000     0.452949     0.760769     0.006004
     0.046000    -0.018000     0.454663     0.760769     0.009857
     0.046000     0.018000     0.444378     0.760769     0.008299
     0.046000     0.018000     0.446092     0.760769     0.004611
     0.046000     0.018000     0.447806     0.760769     0.001807
     0.046000     0.018000     0.449520     0.760769     0.001003
     0.046000     0.018000     0.451235     0.760769     0.002749
     0.046000     0.018000     0.452949     0.760769     0.005983
     0.046000     0.018000     0.454663     0.760769     0.009821
     0.046000     0.022000     0.452949     0.760769     0.009980
     0.050000    -0.010000     0.437520     0.760769     0.009446
     0.050000    -0.010000     0.439235     0.760769     0.008036
     0.050000    -0.010000     0.440949     0.760769     0.008052
     0.050000    -0.010000     0.442663     0.760769     0.009476
     0.050000    -0.006000     0.435806     0.760769     0.009074
     0.050000    -0.006000     0.437520     0.760769     0.006975
     0.050000    -0.006000     0.439235     0.760769     0.006341
     0.050000    -0.006000     0.440949     0.760769     0.007364
     0.050000    -0.006000     0.442663     0.760769     0.009713
     0.050000    -0.002000     0.435806     0.760769     0.009122
     0.050000    -0.002000     0.437520     0.760769     0.007473
     0.050000    -0.002000     0.439235     0.760769     0.007321
     0.050000    -0.002000     0.440949     0.760769     0.008696
     0.050000     0.002000     0.435806     0.760769     0.009166
     0.050000     0.002000     0.437520     0.760769     0.007511
     0.050000     0.002000     0.439235     0.760769     0.007349
     0.050000     0.002000     0.440949     0.760769     0.008713
     0.050000     0.006000     0.435806     0.760769     0.009181
     0.050000     0.006000     0.437520     0.760769     0.007061
     0.050000     0.006000     0.439235     0.760769     0.006396
     0.050000     0.006000     0.440949     0.760769     0.007385
     0.050000     0.006000     0.442663     0.760769     0.009709
     0.050000     0.010000     0.437520     0.760769     0.009479
     0.050000     0.010000     0.439235     0.760769     0.008017
     0.050000     0.010000     0.440949     0.760769     0.007981
     0.050000     0.010000     0.442663     0.760769     0.009370


    -0.050000    -0.010000     0.471806     0.761538     0.009554
    -0.050000    -0.010000     0.473520     0.761538     0.008123
    -0.050000    -0.010000     0.475235     0.761538     0.008127
    -0.050000    -0.010000     0.476949     0.761538     0.009577
    -0.050000    -0.006000     0.471806     0.761538     0.009859
    -0.050000    -0.006000     0.473520     0.761538     0.007477
    -0.050000    -0.006000     0.475235     0.761538     0.006433
    -0.050000    -0.006000     0.476949     0.761538     0.007073
    -0.050000    -0.006000     0.478663     0.761538     0.009199
    -0.050000    -0.002000     0.473520     0.761538     0.008802
    -0.050000    -0.002000     0.475235     0.761538     0.007381
    -0.050000    -0.002000     0.476949     0.761538     0.007509
    -0.050000    -0.002000     0.478663     0.761538     0.009162
    -0.050000     0.002000     0.473520     0.761538     0.008785
    -0.050000     0.002000     0.475235     0.761538     0.007352
    -0.050000     0.002000     0.476949     0.761538     0.007470
    -0.050000     0.002000     0.478663     0.761538     0.009117
    -0.050000     0.006000     0.471806     0.761538     0.009861
    -0.050000     0.006000     0.473520     0.761538     0.007454
    -0.050000     0.006000     0.475235     0.761538     0.006376
    -0.050000     0.006000     0.476949     0.761538     0.006985
    -0.050000     0.006000     0.478663     0.761538     0.009091
    -0.050000     0.010000     0.471806     0.761538     0.009658
    -0.050000     0.010000     0.473520     0.761538     0.008194
    -0.050000     0.010000     0.475235     0.761538     0.008146
    -0.050000     0.010000     0.476949     0.761538     0.009543
    -0.046000    -0.018000     0.461520     0.761538     0.006154
    -0.046000    -0.018000     0.463235     0.761538     0.002848
    -0.046000    -0.018000     0.464949     0.761538     0.001016
    -0.046000    -0.018000     0.466663     0.761538     0.001813
    -0.046000    -0.018000     0.468378     0.761538     0.004665
    -0.046000    -0.018000     0.470092     0.761538     0.008394
    -0.046000     0.018000     0.461520     0.761538     0.006171
    -0.046000     0.018000     0.463235     0.761538     0.002819
    -0.046000     0.018000     0.464949     0.761538     0.000888
    -0.046000     0.018000     0.466663     0.761538     0.001595
    -0.046000     0.018000     0.468378     0.761538     0.004417
    -0.046000     0.018000     0.470092     0.761538     0.008135
    -0.042000    -0.026000     0.451235     0.761538     0.006182
    -0.042000    -0.026000     0.452949     0.761538     0.002502
    -0.042000    -0.026000     0.454663     0.761538     0.000030
    -0.042000    -0.026000     0.456378     0.761538     0.000407
    -0.042000    -0.026000     0.458092     0.761538     0.003282
    -0.042000    -0.026000     0.459806     0.761538     0.007081
    -0.042000     0.026000     0.451235     0.761538     0.006290
    -0.042000     0.026000     0.452949     0.761538     0.002646
    -0.042000     0.026000     0.454663     0.761538     0.000178
    -0.042000     0.026000     0.456378     0.761538     0.000456
    -0.042000     0.026000     0.458092     0.761538     0.003228
    -0.042000     0.026000     0.459806     0.761538     0.006964
    -0.038000    -0.034000     0.442663     0.761538     0.009665
    -0.038000    -0.034000     0.444378     0.761538     0.008616
    -0.038000    -0.034000     0.446092     0.761538     0.008964
    -0.038000    -0.030000     0.446092     0.761538     0.009558
    -0.038000    -0.030000     0.447806     0.761538     0.007143
    -0.038000    -0.030000     0.449520     0.761538     0.006033
    -0.038000    -0.030000     0.451235     0.761538     0.006574
    -0.038000    -0.030000     0.452949     0.761538     0.008574
    -0.038000     0.030000     0.446092     0.761538     0.009031
    -0.038000     0.030000     0.447806     0.761538     0.006533
    -0.038000     0.030000     0.449520     0.761538     0.005361
    -0.038000     0.030000     0.451235     0.761538     0.005908
    -0.038000     0.030000     0.452949     0.761538     0.007963
    -0.038000     0.034000     0.444378     0.761538     0.009502
    -0.038000     0.034000     0.446092     0.761538     0.009795
    -0.034000    -0.038000     0.437520     0.761538     0.009946
    -0.034000    -0.038000     0.439235     0.761538     0.008333
    -0.034000    -0.038000     0.440949     0.761538     0.008167
    -0.034000    -0.038000     0.442663     0.761538     0.009479
    -0.034000     0.038000     0.439235     0.761538     0.009136
    -0.034000     0.038000     0.440949     0.761538     0.008949
    -0.026000    -0.042000     0.439235     0.761538     0.009623
    -0.026000     0.042000     0.439235     0.761538     0.009149
    -0.026000     0.042000     0.440949     0.761538     0.009712
    -0.022000    -0.046000     0.435806     0.761538     0.009278
    -0.022000    -0.046000     0.437520     0.761538     0.008612
    -0.022000    -0.046000     0.439235     0.761538     0.009458
    -0.022000     0.046000     0.435806     0.761538     0.009873
    -0.022000     0.046000     0.437520     0.761538     0.009117
    -0.022000     0.046000     0.439235     0.761538     0.009804
    -0.018000    -0.046000     0.439235     0.761538     0.008340
    -0.018000    -0.046000     0.440949     0.761538     0.007604
    -0.018000    -0.046000     0.442663     0.761538     0.008448
    -0.018000     0.046000     0.439235     0.761538     0.008088
    -0.018000     0.046000     0.440949     0.761538     0.007179
    -0.018000     0.046000     0.442663     0.761538     0.007878
    -0.018000     0.046000     0.444378     0.761538     0.009960
    -0.010000    -0.050000     0.442663     0.761538     0.009837
    -0.010000    -0.050000     0.444378     0.761538     0.008420
    -0.010000    -0.050000     0.446092     0.761538     0.008403
    -0.010000    -0.050000     0.447806     0.761538     0.009781
    -0.010000     0.050000     0.444378     0.761538     0.009118
    -0.010000     0.050000     0.446092     0.761538     0.008811
    -0.010000     0.050000     0.447806     0.761538     0.009871
    -0.006000    -0.050000     0.446092     0.761538     0.008453
    -0.006000    -0.050000     0.447806     0.761538     0.005732
    -0.006000    -0.050000     0.449520     0.761538     0.004383
    -0.006000    -0.050000     0.451235     0.761538     0.004925
    -0.006000    -0.050000     0.452949     0.761538     0.007115
    -0.006000     0.050000     0.446092     0.761538     0.009376
    -0.006000     0.050000     0.447806     0.761538     0.006501
    -0.006000     0.050000     0.449520     0.761538     0.004829
    -0.006000     0.050000     0.451235     0.761538     0.004925
    -0.006000     0.050000     0.452949     0.761538     0.006744
    -0.006000     0.050000     0.454663     0.761538     0.009686
    -0.002000    -0.050000     0.449520     0.761538     0.009914
    -0.002000    -0.050000     0.451235     0.761538     0.006329
    -0.002000    -0.050000     0.452949     0.761538     0.003558
    -0.002000    -0.050000     0.454663     0.761538     0.002455
    -0.002000    -0.050000     0.456378     0.761538     0.003616
    -0.002000    -0.050000     0.458092     0.761538     0.006412
    -0.002000    -0.050000     0.459806     0.761538     0.009998
    -0.002000     0.050000     0.451235     0.761538     0.007185
    -0.002000     0.050000     0.452949     0.761538     0.004181
    -0.002000     0.050000     0.454663     0.761538     0.002606
    -0.002000     0.050000     0.456378     0.761538     0.003233
    -0.002000     0.050000     0.458092     0.761538     0.005707
    -0.002000     0.050000     0.459806     0.761538     0.009139
     0.002000    -0.050000     0.454663     0.761538     0.009149
     0.002000    -0.050000     0.456378     0.761538     0.005718
     0.002000    -0.050000     0.458092     0.761538     0.003244
     0.002000    -0.050000     0.459806     0.761538     0.002614
     0.002000    -0.050000     0.461520     0.761538     0.004184
     0.002000    -0.050000     0.463235     0.761538     0.007185
     0.002000     0.050000     0.454663     0.761538     0.010000
     0.002000     0.050000     0.456378     0.761538     0.006411
     0.002000     0.050000     0.458092     0.761538     0.003612
     0.002000     0.050000     0.459806     0.761538     0.002447
     0.002000     0.050000     0.461520     0.761538     0.003548
     0.002000     0.050000     0.463235     0.761538     0.006319
     0.002000     0.050000     0.464949     0.761538     0.009905
     0.006000    -0.050000     0.459806     0.761538     0.009697
     0.006000    -0.050000     0.461520     0.761538     0.006755
     0.006000    -0.050000     0.463235     0.761538     0.004936
     0.006000    -0.050000     0.464949     0.761538     0.004837
     0.006000    -0.050000     0.466663     0.761538     0.006505
     0.006000    -0.050000     0.468378     0.761538     0.009377
     0.006000     0.050000     0.461520     0.761538     0.007114
     0.006000     0.050000     0.463235     0.761538     0.004920
     0.006000     0.050000     0.464949     0.761538     0.004375
     0.006000     0.050000     0.466663     0.761538     0.005723
     0.006000     0.050000     0.468378     0.761538     0.008444
     0.010000    -0.050000     0.466663     0.761538     0.009884
     0.010000    -0.050000     0.468378     0.761538     0.008822
     0.010000    -0.050000     0.470092     0.761538     0.009126
     0.010000     0.050000     0.466663     0.761538     0.009778
     0.010000     0.050000     0.468378     0.761538     0.008398
     0.010000     0.050000     0.470092     0.761538     0.008413
     0.010000     0.050000     0.471806     0.761538     0.009829
     0.018000    -0.046000     0.470092     0.761538     0.009959
     0.018000    -0.046000     0.471806     0.761538     0.007873
     0.018000    -0.046000     0.473520     0.761538     0.007170
     0.018000    -0.046000     0.475235     0.761538     0.008074
     0.018000     0.046000     0.471806     0.761538     0.008453
     0.018000     0.046000     0.473520     0.761538     0.007606
     0.018000     0.046000     0.475235     0.761538     0.008340
     0.022000    -0.046000     0.475235     0.761538     0.009809
     0.022000    -0.046000     0.476949     0.761538     0.009118
     0.022000    -0.046000     0.478663     0.761538     0.009870
     0.022000     0.046000     0.475235     0.761538     0.009460
     0.022000     0.046000     0.476949     0.761538     0.008611
     0.022000     0.046000     0.478663     0.761538     0.009275
     0.026000    -0.042000     0.473520     0.761538     0.009703
     0.026000    -0.042000     0.475235     0.761538     0.009135
     0.026000    -0.042000     0.476949     0.761538     0.009992
     0.026000     0.042000     0.475235     0.761538     0.009623
     0.034000    -0.038000     0.473520     0.761538     0.008948
     0.034000    -0.038000     0.475235     0.761538     0.009132
     0.034000     0.038000     0.471806     0.761538     0.009478
     0.034000     0.038000     0.473520     0.761538     0.008161
     0.034000     0.038000     0.475235     0.761538     0.008323
     0.034000     0.038000     0.476949     0.761538     0.009933
     0.038000    -0.034000     0.468378     0.761538     0.009797
     0.038000    -0.034000     0.470092     0.761538     0.009501
     0.038000    -0.030000     0.461520     0.761538     0.007958
     0.038000    -0.030000     0.463235     0.761538     0.005896
     0.038000    -0.030000     0.464949     0.761538     0.005344
     0.038000    -0.030000     0.466663     0.761538     0.006513
     0.038000    -0.030000     0.468378     0.761538     0.009010
     0.038000     0.030000     0.461520     0.761538     0.008579
     0.038000     0.030000     0.463235     0.761538     0.006573
     0.038000     0.030000     0.464949     0.761538     0.006023
     0.038000     0.030000     0.466663     0.761538     0.007126
     0.038000     0.030000     0.468378     0.761538     0.009539
     0.038000     0.034000     0.468378     0.761538     0.008959
     0.038000     0.034000     0.470092     0.761538     0.008604
     0.038000     0.034000     0.471806     0.761538     0.009649
     0.042000    -0.026000     0.454663     0.761538     0.006967
     0.042000    -0.026000     0.456378     0.761538     0.003226
     0.042000    -0.026000     0.458092     0.761538     0.000444
     0.042000    -0.026000     0.459806     0.761538     0.000156
     0.042000    -0.026000     0.461520     0.761538     0.002624
     0.042000    -0.026000     0.463235     0.761538     0.006271
     0.042000     0.026000     0.454663     0.761538     0.007090
     0.042000     0.026000     0.456378     0.761538     0.003284
     0.042000     0.026000     0.458092     0.761538     0.000394
     0.042000     0.026000     0.459806     0.761538     0.000000
     0.042000     0.026000     0.461520     0.761538     0.002469
     0.042000     0.026000     0.463235     0.761538     0.006151
     0.046000    -0.018000     0.444378     0.761538     0.008136
     0.046000    -0.018000     0.446092     0.761538     0.004412
     0.046000    -0.018000     0.447806     0.761538     0.001578
     0.046000    -0.018000     0.449520     0.761538     0.000860
     0.046000    -0.018000     0.451235     0.761538     0.002790
     0.046000    -0.018000     0.452949     0.761538     0.006145
     0.046000     0.018000     0.444378     0.761538     0.008397
     0.046000     0.018000     0.446092     0.761538     0.004661
     0.046000     0.018000     0.447806     0.761538     0.001795
     0.046000     0.018000     0.449520     0.761538     0.000981
     0.046000     0.018000     0.451235     0.761538     0.002810
     0.046000     0.018000     0.452949     0.761538     0.006118
     0.050000    -0.010000     0.437520     0.761538     0.009524
     0.050000    -0.010000     0.439235     0.761538     0.008120
     0.050000    -0.010000     0.440949     0.761538     0.008163
     0.050000    -0.010000     0.442663     0.761538     0.009626
     0.050000    -0.006000     0.435806     0.761538     0.009074
     0.050000    -0.006000     0.437520     0.761538     0.006959
     0.050000    -0.006000     0.439235     0.761538     0.006342
     0.050000    -0.006000     0.440949     0.761538     0.007417
     0.050000    -0.006000     0.442663     0.761538     0.009825
     0.050000    -0.002000     0.435806     0.761538     0.009098
     0.050000    -0.002000     0.437520     0.761538     0.007443
     0.050000    -0.002000     0.439235     0.761538     0.007318
     0.050000    -0.002000     0.440949     0.761538     0.008748
     0.050000     0.002000     0.435806     0.761538     0.009143
     0.050000     0.002000     0.437520     0.761538     0.007481
     0.050000     0.002000     0.439235     0.761538     0.007346
     0.050000     0.002000     0.440949     0.761538     0.008765
     0.050000     0.006000     0.435806     0.761538     0.009180
     0.050000     0.006000     0.437520     0.761538     0.007044
     0.050000     0.006000     0.439235     0.761538     0.006396
     0.050000     0.006000     0.440949     0.761538     0.007436
     0.050000     0.006000     0.442663     0.761538     0.009819
     0.050000     0.010000     0.437520     0.761538     0.009554
     0.050000     0.010000     0.439235     0.761538     0.008096
     0.050000     0.010000     0.440949     0.761538     0.008087
     0.050000     0.010000     0.442663     0.761538     0.009515


    -0.050000    -0.010000     0.471806     0.762308     0.009700
    -0.050000    -0.010000     0.473520     0.762308     0.008230
    -0.050000    -0.010000     0.475235     0.762308     0.008207
    -0.050000    -0.010000     0.476949     0.762308     0.009651
    -0.050000    -0.006000     0.471806     0.762308     0.009970
    -0.050000    -0.006000     0.473520     0.762308     0.007527
    -0.050000    -0.006000     0.475235     0.762308     0.006430
    -0.050000    -0.006000     0.476949     0.762308     0.007053
    -0.050000    -0.006000     0.478663     0.762308     0.009195
    -0.050000    -0.002000     0.473520     0.762308     0.008854
    -0.050000    -0.002000     0.475235     0.762308     0.007376
    -0.050000    -0.002000     0.476949     0.762308     0.007475
    -0.050000    -0.002000     0.478663     0.762308     0.009135
    -0.050000     0.002000     0.473520     0.762308     0.008836
    -0.050000     0.002000     0.475235     0.762308     0.007347
    -0.050000     0.002000     0.476949     0.762308     0.007436
    -0.050000     0.002000     0.478663     0.762308     0.009090
    -0.050000     0.006000     0.471806     0.762308     0.009974
    -0.050000     0.006000     0.473520     0.762308     0.007507
    -0.050000     0.006000     0.475235     0.762308     0.006376
    -0.050000     0.006000     0.476949     0.762308     0.006967
    -0.050000     0.006000     0.478663     0.762308     0.009088
    -0.050000     0.010000     0.471806     0.762308     0.009809
    -0.050000     0.010000     0.473520     0.762308     0.008305
    -0.050000     0.010000     0.475235     0.762308     0.008231
    -0.050000     0.010000     0.476949     0.762308     0.009621
    -0.046000    -0.018000     0.461520     0.762308     0.006292
    -0.046000    -0.018000     0.463235     0.762308     0.002911
    -0.046000    -0.018000     0.464949     0.762308     0.000992
    -0.046000    -0.018000     0.466663     0.762308     0.001799
    -0.046000    -0.018000     0.468378     0.762308     0.004715
    -0.046000    -0.018000     0.470092     0.762308     0.008491
    -0.046000     0.018000     0.461520     0.762308     0.006315
    -0.046000     0.018000     0.463235     0.762308     0.002890
    -0.046000     0.018000     0.464949     0.762308     0.000870
    -0.046000     0.018000     0.466663     0.762308     0.001583
    -0.046000     0.018000     0.468378     0.762308     0.004470
    -0.046000     0.018000     0.470092     0.762308     0.008235
    -0.042000    -0.026000     0.451235     0.762308     0.006319
    -0.042000    -0.026000     0.452949     0.762308     0.002581
    -0.042000    -0.026000     0.454663     0.762308     0.000030
    -0.042000    -0.026000     0.456378     0.762308     0.000433
    -0.042000    -0.026000     0.458092     0.762308     0.003395
    -0.042000    -0.026000     0.459806     0.762308     0.007247
    -0.042000     0.026000     0.451235     0.762308     0.006433
    -0.042000     0.026000     0.452949     0.762308     0.002737
    -0.042000     0.026000     0.454663     0.762308     0.000198
    -0.042000     0.026000     0.456378     0.762308     0.000497
    -0.042000     0.026000     0.458092     0.762308     0.003349
    -0.042000     0.026000     0.459806     0.762308     0.007135
    -0.038000    -0.034000     0.442663     0.762308     0.009825
    -0.038000    -0.034000     0.444378     0.762308     0.008786
    -0.038000    -0.034000     0.446092     0.762308     0.009156
    -0.038000    -0.030000     0.446092     0.762308     0.009627
    -0.038000    -0.030000     0.447806     0.762308     0.007186
    -0.038000    -0.030000     0.449520     0.762308     0.006070
    -0.038000    -0.030000     0.451235     0.762308     0.006636
    -0.038000    -0.030000     0.452949     0.762308     0.008678
    -0.038000     0.030000     0.446092     0.762308     0.009096
    -0.038000     0.030000     0.447806     0.762308     0.006569
    -0.038000     0.030000     0.449520     0.762308     0.005388
    -0.038000     0.030000     0.451235     0.762308     0.005962
    -0.038000     0.030000     0.452949     0.762308     0.008064
    -0.038000     0.034000     0.444378     0.762308     0.009683
    -0.038000     0.034000     0.446092     0.762308     0.009995
    -0.034000    -0.038000     0.439235     0.762308     0.008407
    -0.034000    -0.038000     0.440949     0.762308     0.008265
    -0.034000    -0.038000     0.442663     0.762308     0.009618
    -0.034000     0.038000     0.439235     0.762308     0.009225
    -0.034000     0.038000     0.440949     0.762308     0.009060
    -0.026000    -0.042000     0.439235     0.762308     0.009618
    -0.026000     0.042000     0.437520     0.762308     0.009987
    -0.026000     0.042000     0.439235     0.762308     0.009136
    -0.026000     0.042000     0.440949     0.762308     0.009737
    -0.022000    -0.046000     0.435806     0.762308     0.009292
    -0.022000    -0.046000     0.437520     0.762308     0.008644
    -0.022000    -0.046000     0.439235     0.762308     0.009534
    -0.022000     0.046000     0.435806     0.762308     0.009899
    -0.022000     0.046000     0.437520     0.762308     0.009159
    -0.022000     0.046000     0.439235     0.762308     0.009886
    -0.018000    -0.046000     0.439235     0.762308     0.008319
    -0.018000    -0.046000     0.440949     0.762308     0.007595
    -0.018000    -0.046000     0.442663     0.762308     0.008482
    -0.018000     0.046000     0.439235     0.762308     0.008062
    -0.018000     0.046000     0.440949     0.762308     0.007161
    -0.018000     0.046000     0.442663     0.762308     0.007903
    -0.010000    -0.050000     0.444378     0.762308     0.008593
    -0.010000    -0.050000     0.446092     0.762308     0.008595
    -0.010000    -0.050000     0.447806     0.762308     0.009996
    -0.010000     0.050000     0.444378     0.762308     0.009297
    -0.010000     0.050000     0.446092     0.762308     0.009006
    -0.006000    -0.050000     0.446092     0.762308     0.008625
    -0.006000    -0.050000     0.447806     0.762308     0.005893
    -0.006000    -0.050000     0.449520     0.762308     0.004544
    -0.006000    -0.050000     0.451235     0.762308     0.005107
    -0.006000    -0.050000     0.452949     0.762308     0.007326
    -0.006000     0.050000     0.446092     0.762308     0.009556
    -0.006000     0.050000     0.447806     0.762308     0.006671
    -0.006000     0.050000     0.449520     0.762308     0.004996
    -0.006000     0.050000     0.451235     0.762308     0.005108
    -0.006000     0.050000     0.452949     0.762308     0.006953
    -0.006000     0.050000     0.454663     0.762308     0.009917
    -0.002000    -0.050000     0.451235     0.762308     0.006513
    -0.002000    -0.050000     0.452949     0.762308     0.003721
    -0.002000    -0.050000     0.454663     0.762308     0.002608
    -0.002000    -0.050000     0.456378     0.762308     0.003791
    -0.002000    -0.050000     0.458092     0.762308     0.006615
    -0.002000     0.050000     0.451235     0.762308     0.007376
    -0.002000     0.050000     0.452949     0.762308     0.004352
    -0.002000     0.050000     0.454663     0.762308     0.002763
    -0.002000     0.050000     0.456378     0.762308     0.003404
    -0.002000     0.050000     0.458092     0.762308     0.005905
    -0.002000     0.050000     0.459806     0.762308     0.009358
     0.002000    -0.050000     0.454663     0.762308     0.009368
     0.002000    -0.050000     0.456378     0.762308     0.005916
     0.002000    -0.050000     0.458092     0.762308     0.003415
     0.002000    -0.050000     0.459806     0.762308     0.002771
     0.002000    -0.050000     0.461520     0.762308     0.004355
     0.002000    -0.050000     0.463235     0.762308     0.007376
     0.002000     0.050000     0.456378     0.762308     0.006615
     0.002000     0.050000     0.458092     0.762308     0.003787
     0.002000     0.050000     0.459806     0.762308     0.002600
     0.002000     0.050000     0.461520     0.762308     0.003711
     0.002000     0.050000     0.463235     0.762308     0.006503
     0.006000    -0.050000     0.459806     0.762308     0.009929
     0.006000    -0.050000     0.461520     0.762308     0.006964
     0.006000    -0.050000     0.463235     0.762308     0.005119
     0.006000    -0.050000     0.464949     0.762308     0.005004
     0.006000    -0.050000     0.466663     0.762308     0.006675
     0.006000    -0.050000     0.468378     0.762308     0.009557
     0.006000     0.050000     0.461520     0.762308     0.007325
     0.006000     0.050000     0.463235     0.762308     0.005103
     0.006000     0.050000     0.464949     0.762308     0.004537
     0.006000     0.050000     0.466663     0.762308     0.005883
     0.006000     0.050000     0.468378     0.762308     0.008615
     0.010000    -0.050000     0.468378     0.762308     0.009017
     0.010000    -0.050000     0.470092     0.762308     0.009305
     0.010000     0.050000     0.466663     0.762308     0.009993
     0.010000     0.050000     0.468378     0.762308     0.008589
     0.010000     0.050000     0.470092     0.762308     0.008586
     0.010000     0.050000     0.471806     0.762308     0.009994
     0.018000    -0.046000     0.471806     0.762308     0.007898
     0.018000    -0.046000     0.473520     0.762308     0.007151
     0.018000    -0.046000     0.475235     0.762308     0.008048
     0.018000     0.046000     0.471806     0.762308     0.008487
     0.018000     0.046000     0.473520     0.762308     0.007597
     0.018000     0.046000     0.475235     0.762308     0.008319
     0.022000    -0.046000     0.475235     0.762308     0.009890
     0.022000    -0.046000     0.476949     0.762308     0.009161
     0.022000    -0.046000     0.478663     0.762308     0.009896
     0.022000     0.046000     0.475235     0.762308     0.009535
     0.022000     0.046000     0.476949     0.762308     0.008643
     0.022000     0.046000     0.478663     0.762308     0.009288
     0.026000    -0.042000     0.473520     0.762308     0.009728
     0.026000    -0.042000     0.475235     0.762308     0.009122
     0.026000    -0.042000     0.476949     0.762308     0.009969
     0.026000     0.042000     0.475235     0.762308     0.009618
     0.034000    -0.038000     0.473520     0.762308     0.009060
     0.034000    -0.038000     0.475235     0.762308     0.009221
     0.034000     0.038000     0.471806     0.762308     0.009617
     0.034000     0.038000     0.473520     0.762308     0.008260
     0.034000     0.038000     0.475235     0.762308     0.008397
     0.038000    -0.034000     0.468378     0.762308     0.009997
     0.038000    -0.034000     0.470092     0.762308     0.009682
     0.038000    -0.030000     0.461520     0.762308     0.008059
     0.038000    -0.030000     0.463235     0.762308     0.005951
     0.038000    -0.030000     0.464949     0.762308     0.005371
     0.038000    -0.030000     0.466663     0.762308     0.006549
     0.038000    -0.030000     0.468378     0.762308     0.009075
     0.038000     0.030000     0.461520     0.762308     0.008684
     0.038000     0.030000     0.463235     0.762308     0.006635
     0.038000     0.030000     0.464949     0.762308     0.006060
     0.038000     0.030000     0.466663     0.762308     0.007170
     0.038000     0.030000     0.468378     0.762308     0.009608
     0.038000     0.034000     0.468378     0.762308     0.009150
     0.038000     0.034000     0.470092     0.762308     0.008775
     0.038000     0.034000     0.471806     0.762308     0.009809
     0.042000    -0.026000     0.454663     0.762308     0.007138
     0.042000    -0.026000     0.456378     0.762308     0.003348
     0.042000    -0.026000     0.458092     0.762308     0.000486
     0.042000    -0.026000     0.459806     0.762308     0.000177
     0.042000    -0.026000     0.461520     0.762308     0.002716
     0.042000    -0.026000     0.463235     0.762308     0.006414
     0.042000     0.026000     0.454663     0.762308     0.007256
     0.042000     0.026000     0.456378     0.762308     0.003398
     0.042000     0.026000     0.458092     0.762308     0.000421
     0.042000     0.026000     0.459806     0.762308     0.000000
     0.042000     0.026000     0.461520     0.762308     0.002548
     0.042000     0.026000     0.463235     0.762308     0.006288
     0.046000    -0.018000     0.444378     0.762308     0.008237
     0.046000    -0.018000     0.446092     0.762308     0.004465
     0.046000    -0.018000     0.447806     0.762308     0.001567
     0.046000    -0.018000     0.449520     0.762308     0.000842
     0.046000    -0.018000     0.451235     0.762308     0.002861
     0.046000    -0.018000     0.452949     0.762308     0.006289
     0.046000     0.018000     0.444378     0.762308     0.008495
     0.046000     0.018000     0.446092     0.762308     0.004711
     0.046000     0.018000     0.447806     0.762308     0.001780
     0.046000     0.018000     0.449520     0.762308     0.000957
     0.046000     0.018000     0.451235     0.762308     0.002872
     0.046000     0.018000     0.452949     0.762308     0.006256
     0.050000    -0.010000     0.437520     0.762308     0.009602
     0.050000    -0.010000     0.439235     0.762308     0.008205
     0.050000    -0.010000     0.440949     0.762308     0.008274
     0.050000    -0.010000     0.442663     0.762308     0.009777
     0.050000    -0.006000     0.435806     0.762308     0.009071
     0.050000    -0.006000     0.437520     0.762308     0.006941
     0.050000    -0.006000     0.439235     0.762308     0.006342
     0.050000    -0.006000     0.440949     0.762308     0.007469
     0.050000    -0.006000     0.442663     0.762308     0.009938
     0.050000    -0.002000     0.435806     0.762308     0.009071
     0.050000    -0.002000     0.437520     0.762308     0.007409
     0.050000    -0.002000     0.439235     0.762308     0.007313
     0.050000    -0.002000     0.440949     0.762308     0.008800
     0.050000     0.002000     0.435806     0.762308     0.009116
     0.050000     0.002000     0.437520     0.762308     0.007447
     0.050000     0.002000     0.439235     0.762308     0.007341
     0.050000     0.002000     0.440949     0.762308     0.008816
     0.050000     0.006000     0.435806     0.762308     0.009176
     0.050000     0.006000     0.437520     0.762308     0.007025
     0.050000     0.006000     0.439235     0.762308     0.006393
     0.050000     0.006000     0.440949     0.762308     0.007486
     0.050000     0.006000     0.442663     0.762308     0.009929
     0.050000     0.010000     0.437520     0.762308     0.009629
     0.050000     0.010000     0.439235     0.762308     0.008176
     0.050000     0.010000     0.440949     0.762308     0.008193
     0.050000     0.010000     0.442663     0.762308     0.009661


    -0.050000    -0.010000     0.471806     0.763077     0.009847
    -0.050000    -0.010000     0.473520     0.763077     0.008337
    -0.050000    -0.010000     0.475235     0.763077     0.008286
    -0.050000    -0.010000     0.476949     0.763077     0.009725
    -0.050000    -0.006000     0.473520     0.763077     0.007577
    -0.050000    -0.006000     0.475235     0.763077     0.006425
    -0.050000    -0.006000     0.476949     0.763077     0.007030
    -0.050000    -0.006000     0.478663     0.763077     0.009188
    -0.050000    -0.002000     0.473520     0.763077     0.008904
    -0.050000    -0.002000     0.475235     0.763077     0.007368
    -0.050000    -0.002000     0.476949     0.763077     0.007437
    -0.050000    -0.002000     0.478663     0.763077     0.009104
    -0.050000     0.002000     0.473520     0.763077     0.008887
    -0.050000     0.002000     0.475235     0.763077     0.007339
    -0.050000     0.002000     0.476949     0.763077     0.007398
    -0.050000     0.002000     0.478663     0.763077     0.009058
    -0.050000     0.006000     0.473520     0.763077     0.007559
    -0.050000     0.006000     0.475235     0.763077     0.006373
    -0.050000     0.006000     0.476949     0.763077     0.006944
    -0.050000     0.006000     0.478663     0.763077     0.009081
    -0.050000     0.010000     0.471806     0.763077     0.009961
    -0.050000     0.010000     0.473520     0.763077     0.008417
    -0.050000     0.010000     0.475235     0.763077     0.008315
    -0.050000     0.010000     0.476949     0.763077     0.009698
    -0.046000    -0.018000     0.461520     0.763077     0.006432
    -0.046000    -0.018000     0.463235     0.763077     0.002976
    -0.046000    -0.018000     0.464949     0.763077     0.000966
    -0.046000    -0.018000     0.466663     0.763077     0.001782
    -0.046000    -0.018000     0.468378     0.763077     0.004766
    -0.046000    -0.018000     0.470092     0.763077     0.008589
    -0.046000     0.018000     0.461520     0.763077     0.006461
    -0.046000     0.018000     0.463235     0.763077     0.002964
    -0.046000     0.018000     0.464949     0.763077     0.000851
    -0.046000     0.018000     0.466663     0.763077     0.001569
    -0.046000     0.018000     0.468378     0.763077     0.004523
    -0.046000     0.018000     0.470092     0.763077     0.008337
    -0.042000    -0.026000     0.451235     0.763077     0.006458
    -0.042000    -0.026000     0.452949     0.763077     0.002664
    -0.042000    -0.026000     0.454663     0.763077     0.000031
    -0.042000    -0.026000     0.456378     0.763077     0.000462
    -0.042000    -0.026000     0.458092     0.763077     0.003513
    -0.042000    -0.026000     0.459806     0.763077     0.007415
    -0.042000     0.026000     0.451235     0.763077     0.006579
    -0.042000     0.026000     0.452949     0.763077     0.002832
    -0.042000     0.026000     0.454663     0.763077     0.000219
    -0.042000     0.026000     0.456378     0.763077     0.000541
    -0.042000     0.026000     0.458092     0.763077     0.003475
    -0.042000     0.026000     0.459806     0.763077     0.007309
    -0.038000    -0.034000     0.442663     0.763077     0.009985
    -0.038000    -0.034000     0.444378     0.763077     0.008958
    -0.038000    -0.034000     0.446092     0.763077     0.009349
    -0.038000    -0.030000     0.446092     0.763077     0.009695
    -0.038000    -0.030000     0.447806     0.763077     0.007229
    -0.038000    -0.030000     0.449520     0.763077     0.006105
    -0.038000    -0.030000     0.451235     0.763077     0.006698
    -0.038000    -0.030000     0.452949     0.763077     0.008783
    -0.038000     0.030000     0.446092     0.763077     0.009160
    -0.038000     0.030000     0.447806     0.763077     0.006605
    -0.038000     0.030000     0.449520     0.763077     0.005414
    -0.038000     0.030000     0.451235     0.763077     0.006016
    -0.038000     0.030000     0.452949     0.763077     0.008166
    -0.038000     0.034000     0.444378     0.763077     0.009864
    -0.034000    -0.038000     0.439235     0.763077     0.008480
    -0.034000    -0.038000     0.440949     0.763077     0.008364
    -0.034000    -0.038000     0.442663     0.763077     0.009757
    -0.034000     0.038000     0.439235     0.763077     0.009313
    -0.034000     0.038000     0.440949     0.763077     0.009172
    -0.026000    -0.042000     0.439235     0.763077     0.009610
    -0.026000     0.042000     0.437520     0.763077     0.009959
    -0.026000     0.042000     0.439235     0.763077     0.009119
    -0.026000     0.042000     0.440949     0.763077     0.009760
    -0.022000    -0.046000     0.435806     0.763077     0.009303
    -0.022000    -0.046000     0.437520     0.763077     0.008675
    -0.022000    -0.046000     0.439235     0.763077     0.009608
    -0.022000     0.046000     0.435806     0.763077     0.009922
    -0.022000     0.046000     0.437520     0.763077     0.009200
    -0.022000     0.046000     0.439235     0.763077     0.009966
    -0.018000    -0.046000     0.439235     0.763077     0.008294
    -0.018000    -0.046000     0.440949     0.763077     0.007582
    -0.018000    -0.046000     0.442663     0.763077     0.008515
    -0.018000     0.046000     0.439235     0.763077     0.008032
    -0.018000     0.046000     0.440949     0.763077     0.007139
    -0.018000     0.046000     0.442663     0.763077     0.007925
    -0.010000    -0.050000     0.444378     0.763077     0.008768
    -0.010000    -0.050000     0.446092     0.763077     0.008788
    -0.010000     0.050000     0.444378     0.763077     0.009477
    -0.010000     0.050000     0.446092     0.763077     0.009202
    -0.006000    -0.050000     0.446092     0.763077     0.008798
    -0.006000    -0.050000     0.447806     0.763077     0.006057
    -0.006000    -0.050000     0.449520     0.763077     0.004710
    -0.006000    -0.050000     0.451235     0.763077     0.005294
    -0.006000    -0.050000     0.452949     0.763077     0.007541
    -0.006000     0.050000     0.446092     0.763077     0.009737
    -0.006000     0.050000     0.447806     0.763077     0.006843
    -0.006000     0.050000     0.449520     0.763077     0.005167
    -0.006000     0.050000     0.451235     0.763077     0.005295
    -0.006000     0.050000     0.452949     0.763077     0.007165
    -0.002000    -0.050000     0.451235     0.763077     0.006701
    -0.002000    -0.050000     0.452949     0.763077     0.003889
    -0.002000    -0.050000     0.454663     0.763077     0.002769
    -0.002000    -0.050000     0.456378     0.763077     0.003972
    -0.002000    -0.050000     0.458092     0.763077     0.006822
    -0.002000     0.050000     0.451235     0.763077     0.007571
    -0.002000     0.050000     0.452949     0.763077     0.004527
    -0.002000     0.050000     0.454663     0.763077     0.002925
    -0.002000     0.050000     0.456378     0.763077     0.003580
    -0.002000     0.050000     0.458092     0.763077     0.006107
    -0.002000     0.050000     0.459806     0.763077     0.009579
     0.002000    -0.050000     0.454663     0.763077     0.009590
     0.002000    -0.050000     0.456378     0.763077     0.006118
     0.002000    -0.050000     0.458092     0.763077     0.003591
     0.002000    -0.050000     0.459806     0.763077     0.002933
     0.002000    -0.050000     0.461520     0.763077     0.004531
     0.002000    -0.050000     0.463235     0.763077     0.007571
     0.002000     0.050000     0.456378     0.763077     0.006822
     0.002000     0.050000     0.458092     0.763077     0.003968
     0.002000     0.050000     0.459806     0.763077     0.002761
     0.002000     0.050000     0.461520     0.763077     0.003878
     0.002000     0.050000     0.463235     0.763077     0.006690
     0.006000    -0.050000     0.461520     0.763077     0.007177
     0.006000    -0.050000     0.463235     0.763077     0.005306
     0.006000    -0.050000     0.464949     0.763077     0.005176
     0.006000    -0.050000     0.466663     0.763077     0.006848
     0.006000    -0.050000     0.468378     0.763077     0.009738
     0.006000     0.050000     0.461520     0.763077     0.007539
     0.006000     0.050000     0.463235     0.763077     0.005290
     0.006000     0.050000     0.464949     0.763077     0.004702
     0.006000     0.050000     0.466663     0.763077     0.006047
     0.006000     0.050000     0.468378     0.763077     0.008789
     0.010000    -0.050000     0.468378     0.763077     0.009214
     0.010000    -0.050000     0.470092     0.763077     0.009486
     0.010000     0.050000     0.468378     0.763077     0.008783
     0.010000     0.050000     0.470092     0.763077     0.008761
     0.018000    -0.046000     0.471806     0.763077     0.007921
     0.018000    -0.046000     0.473520     0.763077     0.007129
     0.018000    -0.046000     0.475235     0.763077     0.008018
     0.018000     0.046000     0.471806     0.763077     0.008520
     0.018000     0.046000     0.473520     0.763077     0.007584
     0.018000     0.046000     0.475235     0.763077     0.008293
     0.022000    -0.046000     0.475235     0.763077     0.009971
     0.022000    -0.046000     0.476949     0.763077     0.009202
     0.022000    -0.046000     0.478663     0.763077     0.009920
     0.022000     0.046000     0.475235     0.763077     0.009610
     0.022000     0.046000     0.476949     0.763077     0.008674
     0.022000     0.046000     0.478663     0.763077     0.009300
     0.026000    -0.042000     0.473520     0.763077     0.009750
     0.026000    -0.042000     0.475235     0.763077     0.009105
     0.026000    -0.042000     0.476949     0.763077     0.009942
     0.026000     0.042000     0.475235     0.763077     0.009610
     0.034000    -0.038000     0.473520     0.763077     0.009172
     0.034000    -0.038000     0.475235     0.763077     0.009309
     0.034000     0.038000     0.471806     0.763077     0.009757
     0.034000     0.038000     0.473520     0.763077     0.008359
     0.034000     0.038000     0.475235     0.763077     0.008470
     0.038000    -0.034000     0.470092     0.763077     0.009864
     0.038000    -0.030000     0.461520     0.763077     0.008161
     0.038000    -0.030000     0.463235     0.763077     0.006006
     0.038000    -0.030000     0.464949     0.763077     0.005397
     0.038000    -0.030000     0.466663     0.763077     0.006584
     0.038000    -0.030000     0.468378     0.763077     0.009139
     0.038000     0.030000     0.461520     0.763077     0.008789
     0.038000     0.030000     0.463235     0.763077     0.006697
     0.038000     0.030000     0.464949     0.763077     0.006096
     0.038000     0.030000     0.466663     0.763077     0.007213
     0.038000     0.030000     0.468378     0.763077     0.009676
     0.038000     0.034000     0.468378     0.763077     0.009344
     0.038000     0.034000     0.470092     0.763077     0.008947
     0.038000     0.034000     0.471806     0.763077     0.009969
     0.042000    -0.026000     0.454663     0.763077     0.007313
     0.042000    -0.026000     0.456378     0.763077     0.003474
     0.042000    -0.026000     0.458092     0.763077     0.000531
     0.042000    -0.026000     0.459806     0.763077     0.000199
     0.042000    -0.026000     0.461520     0.763077     0.002811
     0.042000    -0.026000     0.463235     0.763077     0.006561
     0.042000     0.026000     0.454663     0.763077     0.007426
     0.042000     0.026000     0.456378     0.763077     0.003517
     0.042000     0.026000     0.458092     0.763077     0.000451
     0.042000     0.026000     0.459806     0.763077     0.000000
     0.042000     0.026000     0.461520     0.763077     0.002631
     0.042000     0.026000     0.463235     0.763077     0.006427
     0.046000    -0.018000     0.444378     0.763077     0.008339
     0.046000    -0.018000     0.446092     0.763077     0.004519
     0.046000    -0.018000     0.447806     0.763077     0.001553
     0.046000    -0.018000     0.449520     0.763077     0.000823
     0.046000    -0.018000     0.451235     0.763077     0.002935
     0.046000    -0.018000     0.452949     0.763077     0.006436
     0.046000     0.018000     0.444378     0.763077     0.008594
     0.046000     0.018000     0.446092     0.763077     0.004763
     0.046000     0.018000     0.447806     0.763077     0.001764
     0.046000     0.018000     0.449520     0.763077     0.000930
     0.046000     0.018000     0.451235     0.763077     0.002937
     0.046000     0.018000     0.452949     0.763077     0.006396
     0.050000    -0.010000     0.437520     0.763077     0.009680
     0.050000    -0.010000     0.439235     0.763077     0.008290
     0.050000    -0.010000     0.440949     0.763077     0.008387
     0.050000    -0.010000     0.442663     0.763077     0.009929
     0.050000    -0.006000     0.435806     0.763077     0.009065
     0.050000    -0.006000     0.437520     0.763077     0.006918
     0.050000    -0.006000     0.439235     0.763077     0.006338
     0.050000    -0.006000     0.440949     0.763077     0.007521
     0.050000    -0.002000     0.435806     0.763077     0.009040
     0.050000    -0.002000     0.437520     0.763077     0.007370
     0.050000    -0.002000     0.439235     0.763077     0.007305
     0.050000    -0.002000     0.440949     0.763077     0.008850
     0.050000     0.002000     0.435806     0.763077     0.009085
     0.050000     0.002000     0.437520     0.763077     0.007409
     0.050000     0.002000     0.439235     0.763077     0.007333
     0.050000     0.002000     0.440949     0.763077     0.008866
     0.050000     0.006000     0.435806     0.763077     0.009170
     0.050000     0.006000     0.437520     0.763077     0.007002
     0.050000     0.006000     0.439235     0.763077     0.006388
     0.050000     0.006000     0.440949     0.763077     0.007535
     0.050000     0.010000     0.437520     0.763077     0.009703
     0.050000     0.010000     0.439235     0.763077     0.008256
     0.050000     0.010000     0.440949     0.763077     0.008300
     0.050000     0.010000     0.442663     0.763077     0.009809


    -0.050000    -0.010000     0.471806     0.763846     0.009995
    -0.050000    -0.010000     0.473520     0.763846     0.008444
    -0.050000    -0.010000     0.475235     0.763846     0.008365
    -0.050000    -0.010000     0.476949     0.763846     0.009797
    -0.050000    -0.006000     0.473520     0.763846     0.007625
    -0.050000    -0.006000     0.475235     0.763846     0.006417
    -0.050000    -0.006000     0.476949     0.763846     0.007003
    -0.050000    -0.006000     0.478663     0.763846     0.009177
    -0.050000    -0.002000     0.473520     0.763846     0.008952
    -0.050000    -0.002000     0.475235     0.763846     0.007356
    -0.050000    -0.002000     0.476949     0.763846     0.007393
    -0.050000    -0.002000     0.478663     0.763846     0.009068
    -0.050000     0.002000     0.473520     0.763846     0.008936
    -0.050000     0.002000     0.475235     0.763846     0.007328
    -0.050000     0.002000     0.476949     0.763846     0.007354
    -0.050000     0.002000     0.478663     0.763846     0.009022
    -0.050000     0.006000     0.473520     0.763846     0.007610
    -0.050000     0.006000     0.475235     0.763846     0.006366
    -0.050000     0.006000     0.476949     0.763846     0.006918
    -0.050000     0.006000     0.478663     0.763846     0.009071
    -0.050000     0.010000     0.473520     0.763846     0.008530
    -0.050000     0.010000     0.475235     0.763846     0.008399
    -0.050000     0.010000     0.476949     0.763846     0.009775
    -0.046000    -0.018000     0.461520     0.763846     0.006574
    -0.046000    -0.018000     0.463235     0.763846     0.003043
    -0.046000    -0.018000     0.464949     0.763846     0.000935
    -0.046000    -0.018000     0.466663     0.763846     0.001762
    -0.046000    -0.018000     0.468378     0.763846     0.004816
    -0.046000    -0.018000     0.470092     0.763846     0.008687
    -0.046000     0.018000     0.461520     0.763846     0.006610
    -0.046000     0.018000     0.463235     0.763846     0.003040
    -0.046000     0.018000     0.464949     0.763846     0.000828
    -0.046000     0.018000     0.466663     0.763846     0.001552
    -0.046000     0.018000     0.468378     0.763846     0.004577
    -0.046000     0.018000     0.470092     0.763846     0.008438
    -0.042000    -0.026000     0.451235     0.763846     0.006599
    -0.042000    -0.026000     0.452949     0.763846     0.002750
    -0.042000    -0.026000     0.454663     0.763846     0.000031
    -0.042000    -0.026000     0.456378     0.763846     0.000492
    -0.042000    -0.026000     0.458092     0.763846     0.003634
    -0.042000    -0.026000     0.459806     0.763846     0.007586
    -0.042000     0.026000     0.451235     0.763846     0.006727
    -0.042000     0.026000     0.452949     0.763846     0.002930
    -0.042000     0.026000     0.454663     0.763846     0.000243
    -0.042000     0.026000     0.456378     0.763846     0.000588
    -0.042000     0.026000     0.458092     0.763846     0.003605
    -0.042000     0.026000     0.459806     0.763846     0.007485
    -0.038000    -0.034000     0.444378     0.763846     0.009131
    -0.038000    -0.034000     0.446092     0.763846     0.009543
    -0.038000    -0.030000     0.446092     0.763846     0.009762
    -0.038000    -0.030000     0.447806     0.763846     0.007270
    -0.038000    -0.030000     0.449520     0.763846     0.006140
    -0.038000    -0.030000     0.451235     0.763846     0.006759
    -0.038000    -0.030000     0.452949     0.763846     0.008888
    -0.038000     0.030000     0.446092     0.763846     0.009222
    -0.038000     0.030000     0.447806     0.763846     0.006638
    -0.038000     0.030000     0.449520     0.763846     0.005438
    -0.038000     0.030000     0.451235     0.763846     0.006070
    -0.038000     0.030000     0.452949     0.763846     0.008267
    -0.034000    -0.038000     0.439235     0.763846     0.008553
    -0.034000    -0.038000     0.440949     0.763846     0.008463
    -0.034000    -0.038000     0.442663     0.763846     0.009897
    -0.034000     0.038000     0.439235     0.763846     0.009400
    -0.034000     0.038000     0.440949     0.763846     0.009284
    -0.026000    -0.042000     0.439235     0.763846     0.009597
    -0.026000     0.042000     0.437520     0.763846     0.009927
    -0.026000     0.042000     0.439235     0.763846     0.009099
    -0.026000     0.042000     0.440949     0.763846     0.009779
    -0.022000    -0.046000     0.435806     0.763846     0.009311
    -0.022000    -0.046000     0.437520     0.763846     0.008703
    -0.022000    -0.046000     0.439235     0.763846     0.009682
    -0.022000     0.046000     0.435806     0.763846     0.009943
    -0.022000     0.046000     0.437520     0.763846     0.009239
    -0.018000    -0.046000     0.439235     0.763846     0.008264
    -0.018000    -0.046000     0.440949     0.763846     0.007565
    -0.018000    -0.046000     0.442663     0.763846     0.008546
    -0.018000     0.046000     0.439235     0.763846     0.007997
    -0.018000     0.046000     0.440949     0.763846     0.007112
    -0.018000     0.046000     0.442663     0.763846     0.007946
    -0.010000    -0.050000     0.444378     0.763846     0.008944
    -0.010000    -0.050000     0.446092     0.763846     0.008983
    -0.010000     0.050000     0.444378     0.763846     0.009659
    -0.010000     0.050000     0.446092     0.763846     0.009400
    -0.006000    -0.050000     0.446092     0.763846     0.008973
    -0.006000    -0.050000     0.447806     0.763846     0.006224
    -0.006000    -0.050000     0.449520     0.763846     0.004880
    -0.006000    -0.050000     0.451235     0.763846     0.005485
    -0.006000    -0.050000     0.452949     0.763846     0.007758
    -0.006000     0.050000     0.446092     0.763846     0.009919
    -0.006000     0.050000     0.447806     0.763846     0.007018
    -0.006000     0.050000     0.449520     0.763846     0.005342
    -0.006000     0.050000     0.451235     0.763846     0.005486
    -0.006000     0.050000     0.452949     0.763846     0.007380
    -0.002000    -0.050000     0.451235     0.763846     0.006891
    -0.002000    -0.050000     0.452949     0.763846     0.004061
    -0.002000    -0.050000     0.454663     0.763846     0.002935
    -0.002000    -0.050000     0.456378     0.763846     0.004158
    -0.002000    -0.050000     0.458092     0.763846     0.007032
    -0.002000     0.050000     0.451235     0.763846     0.007768
    -0.002000     0.050000     0.452949     0.763846     0.004707
    -0.002000     0.050000     0.454663     0.763846     0.003094
    -0.002000     0.050000     0.456378     0.763846     0.003762
    -0.002000     0.050000     0.458092     0.763846     0.006312
    -0.002000     0.050000     0.459806     0.763846     0.009802
     0.002000    -0.050000     0.454663     0.763846     0.009812
     0.002000    -0.050000     0.456378     0.763846     0.006323
     0.002000    -0.050000     0.458092     0.763846     0.003773
     0.002000    -0.050000     0.459806     0.763846     0.003102
     0.002000    -0.050000     0.461520     0.763846     0.004711
     0.002000    -0.050000     0.463235     0.763846     0.007768
     0.002000     0.050000     0.456378     0.763846     0.007032
     0.002000     0.050000     0.458092     0.763846     0.004154
     0.002000     0.050000     0.459806     0.763846     0.002927
     0.002000     0.050000     0.461520     0.763846     0.004051
     0.002000     0.050000     0.463235     0.763846     0.006880
     0.006000    -0.050000     0.461520     0.763846     0.007392
     0.006000    -0.050000     0.463235     0.763846     0.005498
     0.006000    -0.050000     0.464949     0.763846     0.005351
     0.006000    -0.050000     0.466663     0.763846     0.007023
     0.006000    -0.050000     0.468378     0.763846     0.009920
     0.006000     0.050000     0.461520     0.763846     0.007756
     0.006000     0.050000     0.463235     0.763846     0.005480
     0.006000     0.050000     0.464949     0.763846     0.004872
     0.006000     0.050000     0.466663     0.763846     0.006214
     0.006000     0.050000     0.468378     0.763846     0.008963
     0.010000    -0.050000     0.468378     0.763846     0.009412
     0.010000    -0.050000     0.470092     0.763846     0.009668
     0.010000     0.050000     0.468378     0.763846     0.008978
     0.010000     0.050000     0.470092     0.763846     0.008937
     0.018000    -0.046000     0.471806     0.763846     0.007941
     0.018000    -0.046000     0.473520     0.763846     0.007103
     0.018000    -0.046000     0.475235     0.763846     0.007984
     0.018000     0.046000     0.471806     0.763846     0.008551
     0.018000     0.046000     0.473520     0.763846     0.007568
     0.018000     0.046000     0.475235     0.763846     0.008264
     0.022000    -0.046000     0.476949     0.763846     0.009241
     0.022000    -0.046000     0.478663     0.763846     0.009941
     0.022000     0.046000     0.475235     0.763846     0.009683
     0.022000     0.046000     0.476949     0.763846     0.008702
     0.022000     0.046000     0.478663     0.763846     0.009307
     0.026000    -0.042000     0.473520     0.763846     0.009770
     0.026000    -0.042000     0.475235     0.763846     0.009085
     0.026000    -0.042000     0.476949     0.763846     0.009909
     0.026000     0.042000     0.475235     0.763846     0.009598
     0.034000    -0.038000     0.473520     0.763846     0.009285
     0.034000    -0.038000     0.475235     0.763846     0.009397
     0.034000     0.038000     0.471806     0.763846     0.009897
     0.034000     0.038000     0.473520     0.763846     0.008458
     0.034000     0.038000     0.475235     0.763846     0.008543
     0.038000    -0.030000     0.461520     0.763846     0.008263
     0.038000    -0.030000     0.463235     0.763846     0.006060
     0.038000    -0.030000     0.464949     0.763846     0.005421
     0.038000    -0.030000     0.466663     0.763846     0.006618
     0.038000    -0.030000     0.468378     0.763846     0.009202
     0.038000     0.030000     0.461520     0.763846     0.008895
     0.038000     0.030000     0.463235     0.763846     0.006759
     0.038000     0.030000     0.464949     0.763846     0.006131
     0.038000     0.030000     0.466663     0.763846     0.007255
     0.038000     0.030000     0.468378     0.763846     0.009743
     0.038000     0.034000     0.468378     0.763846     0.009538
     0.038000     0.034000     0.470092     0.763846     0.009120
     0.042000    -0.026000     0.454663     0.763846     0.007489
     0.042000    -0.026000     0.456378     0.763846     0.003605
     0.042000    -0.026000     0.458092     0.763846     0.000579
     0.042000    -0.026000     0.459806     0.763846     0.000223
     0.042000    -0.026000     0.461520     0.763846     0.002910
     0.042000    -0.026000     0.463235     0.763846     0.006709
     0.042000     0.026000     0.454663     0.763846     0.007597
     0.042000     0.026000     0.456378     0.763846     0.003639
     0.042000     0.026000     0.458092     0.763846     0.000482
     0.042000     0.026000     0.459806     0.763846     0.000000
     0.042000     0.026000     0.461520     0.763846     0.002717
     0.042000     0.026000     0.463235     0.763846     0.006569
     0.046000    -0.018000     0.444378     0.763846     0.008440
     0.046000    -0.018000     0.446092     0.763846     0.004574
     0.046000    -0.018000     0.447806     0.763846     0.001537
     0.046000    -0.018000     0.449520     0.763846     0.000800
     0.046000    -0.018000     0.451235     0.763846     0.003012
     0.046000    -0.018000     0.452949     0.763846     0.006585
     0.046000     0.018000     0.444378     0.763846     0.008692
     0.046000     0.018000     0.446092     0.763846     0.004814
     0.046000     0.018000     0.447806     0.763846     0.001745
     0.046000     0.018000     0.449520     0.763846     0.000900
     0.046000     0.018000     0.451235     0.763846     0.003004
     0.046000     0.018000     0.452949     0.763846     0.006539
     0.050000    -0.010000     0.437520     0.763846     0.009756
     0.050000    -0.010000     0.439235     0.763846     0.008374
     0.050000    -0.010000     0.440949     0.763846     0.008499
     0.050000    -0.006000     0.435806     0.763846     0.009055
     0.050000    -0.006000     0.437520     0.763846     0.006892
     0.050000    -0.006000     0.439235     0.763846     0.006332
     0.050000    -0.006000     0.440949     0.763846     0.007572
     0.050000    -0.002000     0.435806     0.763846     0.009004
     0.050000    -0.002000     0.437520     0.763846     0.007327
     0.050000    -0.002000     0.439235     0.763846     0.007293
     0.050000    -0.002000     0.440949     0.763846     0.008899
     0.050000     0.002000     0.435806     0.763846     0.009049
     0.050000     0.002000     0.437520     0.763846     0.007365
     0.050000     0.002000     0.439235     0.763846     0.007320
     0.050000     0.002000     0.440949     0.763846     0.008914
     0.050000     0.006000     0.435806     0.763846     0.009159
     0.050000     0.006000     0.437520     0.763846     0.006974
     0.050000     0.006000     0.439235     0.763846     0.006379
     0.050000     0.006000     0.440949     0.763846     0.007583
     0.050000     0.010000     0.437520     0.763846     0.009775
     0.050000     0.010000     0.439235     0.763846     0.008335
     0.050000     0.010000     0.440949     0.763846     0.008407
     0.050000     0.010000     0.442663     0.763846     0.009957


    -0.050000    -0.010000     0.473520     0.764615     0.008550
    -0.050000    -0.010000     0.475235     0.764615     0.008443
    -0.050000    -0.010000     0.476949     0.764615     0.009867
    -0.050000    -0.006000     0.473520     0.764615     0.007671
    -0.050000    -0.006000     0.475235     0.764615     0.006404
    -0.050000    -0.006000     0.476949     0.764615     0.006970
    -0.050000    -0.006000     0.478663     0.764615     0.009161
    -0.050000    -0.002000     0.473520     0.764615     0.008998
    -0.050000    -0.002000     0.475235     0.764615     0.007339
    -0.050000    -0.002000     0.476949     0.764615     0.007344
    -0.050000    -0.002000     0.478663     0.764615     0.009026
    -0.050000     0.002000     0.473520     0.764615     0.008983
    -0.050000     0.002000     0.475235     0.764615     0.007312
    -0.050000     0.002000     0.476949     0.764615     0.007305
    -0.050000     0.002000     0.478663     0.764615     0.008980
    -0.050000     0.006000     0.473520     0.764615     0.007658
    -0.050000     0.006000     0.475235     0.764615     0.006355
    -0.050000     0.006000     0.476949     0.764615     0.006886
    -0.050000     0.006000     0.478663     0.764615     0.009056
    -0.050000     0.010000     0.473520     0.764615     0.008642
    -0.050000     0.010000     0.475235     0.764615     0.008482
    -0.050000     0.010000     0.476949     0.764615     0.009849
    -0.046000    -0.018000     0.461520     0.764615     0.006718
    -0.046000    -0.018000     0.463235     0.764615     0.003112
    -0.046000    -0.018000     0.464949     0.764615     0.000901
    -0.046000    -0.018000     0.466663     0.764615     0.001739
    -0.046000    -0.018000     0.468378     0.764615     0.004866
    -0.046000    -0.018000     0.470092     0.764615     0.008784
    -0.046000     0.018000     0.461520     0.764615     0.006761
    -0.046000     0.018000     0.463235     0.764615     0.003118
    -0.046000     0.018000     0.464949     0.764615     0.000802
    -0.046000     0.018000     0.466663     0.764615     0.001532
    -0.046000     0.018000     0.468378     0.764615     0.004631
    -0.046000     0.018000     0.470092     0.764615     0.008539
    -0.042000    -0.026000     0.451235     0.764615     0.006742
    -0.042000    -0.026000     0.452949     0.764615     0.002839
    -0.042000    -0.026000     0.454663     0.764615     0.000031
    -0.042000    -0.026000     0.456378     0.764615     0.000525
    -0.042000    -0.026000     0.458092     0.764615     0.003759
    -0.042000    -0.026000     0.459806     0.764615     0.007758
    -0.042000     0.026000     0.451235     0.764615     0.006877
    -0.042000     0.026000     0.452949     0.764615     0.003032
    -0.042000     0.026000     0.454663     0.764615     0.000269
    -0.042000     0.026000     0.456378     0.764615     0.000640
    -0.042000     0.026000     0.458092     0.764615     0.003738
    -0.042000     0.026000     0.459806     0.764615     0.007663
    -0.038000    -0.034000     0.444378     0.764615     0.009304
    -0.038000    -0.034000     0.446092     0.764615     0.009738
    -0.038000    -0.030000     0.446092     0.764615     0.009827
    -0.038000    -0.030000     0.447806     0.764615     0.007310
    -0.038000    -0.030000     0.449520     0.764615     0.006173
    -0.038000    -0.030000     0.451235     0.764615     0.006820
    -0.038000    -0.030000     0.452949     0.764615     0.008992
    -0.038000     0.030000     0.446092     0.764615     0.009283
    -0.038000     0.030000     0.447806     0.764615     0.006670
    -0.038000     0.030000     0.449520     0.764615     0.005460
    -0.038000     0.030000     0.451235     0.764615     0.006123
    -0.038000     0.030000     0.452949     0.764615     0.008369
    -0.034000    -0.038000     0.439235     0.764615     0.008624
    -0.034000    -0.038000     0.440949     0.764615     0.008561
    -0.034000     0.038000     0.439235     0.764615     0.009486
    -0.034000     0.038000     0.440949     0.764615     0.009395
    -0.026000    -0.042000     0.439235     0.764615     0.009580
    -0.026000     0.042000     0.437520     0.764615     0.009889
    -0.026000     0.042000     0.439235     0.764615     0.009073
    -0.026000     0.042000     0.440949     0.764615     0.009795
    -0.022000    -0.046000     0.435806     0.764615     0.009315
    -0.022000    -0.046000     0.437520     0.764615     0.008728
    -0.022000    -0.046000     0.439235     0.764615     0.009753
    -0.022000     0.046000     0.435806     0.764615     0.009960
    -0.022000     0.046000     0.437520     0.764615     0.009275
    -0.018000    -0.046000     0.439235     0.764615     0.008229
    -0.018000    -0.046000     0.440949     0.764615     0.007544
    -0.018000    -0.046000     0.442663     0.764615     0.008574
    -0.018000     0.046000     0.439235     0.764615     0.007956
    -0.018000     0.046000     0.440949     0.764615     0.007081
    -0.018000     0.046000     0.442663     0.764615     0.007963
    -0.010000    -0.050000     0.444378     0.764615     0.009120
    -0.010000    -0.050000     0.446092     0.764615     0.009179
    -0.010000     0.050000     0.444378     0.764615     0.009841
    -0.010000     0.050000     0.446092     0.764615     0.009598
    -0.006000    -0.050000     0.446092     0.764615     0.009148
    -0.006000    -0.050000     0.447806     0.764615     0.006393
    -0.006000    -0.050000     0.449520     0.764615     0.005053
    -0.006000    -0.050000     0.451235     0.764615     0.005679
    -0.006000    -0.050000     0.452949     0.764615     0.007976
    -0.006000     0.050000     0.447806     0.764615     0.007195
    -0.006000     0.050000     0.449520     0.764615     0.005520
    -0.006000     0.050000     0.451235     0.764615     0.005680
    -0.006000     0.050000     0.452949     0.764615     0.007597
    -0.002000    -0.050000     0.451235     0.764615     0.007083
    -0.002000    -0.050000     0.452949     0.764615     0.004238
    -0.002000    -0.050000     0.454663     0.764615     0.003107
    -0.002000    -0.050000     0.456378     0.764615     0.004349
    -0.002000    -0.050000     0.458092     0.764615     0.007245
    -0.002000     0.050000     0.451235     0.764615     0.007966
    -0.002000     0.050000     0.452949     0.764615     0.004891
    -0.002000     0.050000     0.454663     0.764615     0.003268
    -0.002000     0.050000     0.456378     0.764615     0.003948
    -0.002000     0.050000     0.458092     0.764615     0.006520
     0.002000    -0.050000     0.456378     0.764615     0.006531
     0.002000    -0.050000     0.458092     0.764615     0.003960
     0.002000    -0.050000     0.459806     0.764615     0.003276
     0.002000    -0.050000     0.461520     0.764615     0.004895
     0.002000    -0.050000     0.463235     0.764615     0.007966
     0.002000     0.050000     0.456378     0.764615     0.007244
     0.002000     0.050000     0.458092     0.764615     0.004345
     0.002000     0.050000     0.459806     0.764615     0.003098
     0.002000     0.050000     0.461520     0.764615     0.004227
     0.002000     0.050000     0.463235     0.764615     0.007072
     0.006000    -0.050000     0.461520     0.764615     0.007609
     0.006000    -0.050000     0.463235     0.764615     0.005692
     0.006000    -0.050000     0.464949     0.764615     0.005529
     0.006000    -0.050000     0.466663     0.764615     0.007199
     0.006000     0.050000     0.461520     0.764615     0.007975
     0.006000     0.050000     0.463235     0.764615     0.005674
     0.006000     0.050000     0.464949     0.764615     0.005045
     0.006000     0.050000     0.466663     0.764615     0.006383
     0.006000     0.050000     0.468378     0.764615     0.009138
     0.010000    -0.050000     0.468378     0.764615     0.009610
     0.010000    -0.050000     0.470092     0.764615     0.009850
     0.010000     0.050000     0.468378     0.764615     0.009174
     0.010000     0.050000     0.470092     0.764615     0.009113
     0.018000    -0.046000     0.471806     0.764615     0.007959
     0.018000    -0.046000     0.473520     0.764615     0.007071
     0.018000    -0.046000     0.475235     0.764615     0.007943
     0.018000     0.046000     0.471806     0.764615     0.008579
     0.018000     0.046000     0.473520     0.764615     0.007547
     0.018000     0.046000     0.475235     0.764615     0.008228
     0.022000    -0.046000     0.476949     0.764615     0.009277
     0.022000    -0.046000     0.478663     0.764615     0.009958
     0.022000     0.046000     0.475235     0.764615     0.009755
     0.022000     0.046000     0.476949     0.764615     0.008727
     0.022000     0.046000     0.478663     0.764615     0.009311
     0.026000    -0.042000     0.473520     0.764615     0.009787
     0.026000    -0.042000     0.475235     0.764615     0.009059
     0.026000    -0.042000     0.476949     0.764615     0.009872
     0.026000     0.042000     0.475235     0.764615     0.009581
     0.034000    -0.038000     0.473520     0.764615     0.009396
     0.034000    -0.038000     0.475235     0.764615     0.009483
     0.034000     0.038000     0.473520     0.764615     0.008556
     0.034000     0.038000     0.475235     0.764615     0.008614
     0.038000    -0.030000     0.461520     0.764615     0.008365
     0.038000    -0.030000     0.463235     0.764615     0.006113
     0.038000    -0.030000     0.464949     0.764615     0.005444
     0.038000    -0.030000     0.466663     0.764615     0.006650
     0.038000    -0.030000     0.468378     0.764615     0.009262
     0.038000     0.030000     0.461520     0.764615     0.009000
     0.038000     0.030000     0.463235     0.764615     0.006820
     0.038000     0.030000     0.464949     0.764615     0.006165
     0.038000     0.030000     0.466663     0.764615     0.007294
     0.038000     0.030000     0.468378     0.764615     0.009807
     0.038000     0.034000     0.468378     0.764615     0.009734
     0.038000     0.034000     0.470092     0.764615     0.009293
     0.042000    -0.026000     0.454663     0.764615     0.007668
     0.042000    -0.026000     0.456378     0.764615     0.003739
     0.042000    -0.026000     0.458092     0.764615     0.000631
     0.042000    -0.026000     0.459806     0.764615     0.000249
     0.042000    -0.026000     0.461520     0.764615     0.003012
     0.042000    -0.026000     0.463235     0.764615     0.006859
     0.042000     0.026000     0.454663     0.764615     0.007769
     0.042000     0.026000     0.456378     0.764615     0.003765
     0.042000     0.026000     0.458092     0.764615     0.000516
     0.042000     0.026000     0.459806     0.764615     0.000000
     0.042000     0.026000     0.461520     0.764615     0.002806
     0.042000     0.026000     0.463235     0.764615     0.006712
     0.046000    -0.018000     0.444378     0.764615     0.008542
     0.046000    -0.018000     0.446092     0.764615     0.004628
     0.046000    -0.018000     0.447806     0.764615     0.001517
     0.046000    -0.018000     0.449520     0.764615     0.000774
     0.046000    -0.018000     0.451235     0.764615     0.003090
     0.046000    -0.018000     0.452949     0.764615     0.006736
     0.046000     0.018000     0.444378     0.764615     0.008790
     0.046000     0.018000     0.446092     0.764615     0.004864
     0.046000     0.018000     0.447806     0.764615     0.001722
     0.046000     0.018000     0.449520     0.764615     0.000865
     0.046000     0.018000     0.451235     0.764615     0.003073
     0.046000     0.018000     0.452949     0.764615     0.006682
     0.050000    -0.010000     0.437520     0.764615     0.009831
     0.050000    -0.010000     0.439235     0.764615     0.008457
     0.050000    -0.010000     0.440949     0.764615     0.008611
     0.050000    -0.006000     0.435806     0.764615     0.009040
     0.050000    -0.006000     0.437520     0.764615     0.006860
     0.050000    -0.006000     0.439235     0.764615     0.006321
     0.050000    -0.006000     0.440949     0.764615     0.007621
     0.050000    -0.002000     0.435806     0.764615     0.008963
     0.050000    -0.002000     0.437520     0.764615     0.007277
     0.050000    -0.002000     0.439235     0.764615     0.007277
     0.050000    -0.002000     0.440949     0.764615     0.008946
     0.050000     0.002000     0.435806     0.764615     0.009008
     0.050000     0.002000     0.437520     0.764615     0.007315
     0.050000     0.002000     0.439235     0.764615     0.007304
     0.050000     0.002000     0.440949     0.764615     0.008960
     0.050000     0.006000     0.435806     0.764615     0.009143
     0.050000     0.006000     0.437520     0.764615     0.006941
     0.050000     0.006000     0.439235     0.764615     0.006366
     0.050000     0.006000     0.440949     0.764615     0.007629
     0.050000     0.010000     0.437520     0.764615     0.009846
     0.050000     0.010000     0.439235     0.764615     0.008413
     0.050000     0.010000     0.440949     0.764615     0.008514


    -0.050000    -0.010000     0.473520     0.765385     0.008655
    -0.050000    -0.010000     0.475235     0.765385     0.008518
    -0.050000    -0.010000     0.476949     0.765385     0.009934
    -0.050000    -0.006000     0.473520     0.765385     0.007714
    -0.050000    -0.006000     0.475235     0.765385     0.006386
    -0.050000    -0.006000     0.476949     0.765385     0.006930
    -0.050000    -0.006000     0.478663     0.765385     0.009140
    -0.050000    -0.002000     0.473520     0.765385     0.009041
    -0.050000    -0.002000     0.475235     0.765385     0.007317
    -0.050000    -0.002000     0.476949     0.765385     0.007287
    -0.050000    -0.002000     0.478663     0.765385     0.008977
    -0.050000     0.002000     0.473520     0.765385     0.009026
    -0.050000     0.002000     0.475235     0.765385     0.007290
    -0.050000     0.002000     0.476949     0.765385     0.007248
    -0.050000     0.002000     0.478663     0.765385     0.008931
    -0.050000     0.006000     0.473520     0.765385     0.007704
    -0.050000     0.006000     0.475235     0.765385     0.006340
    -0.050000     0.006000     0.476949     0.765385     0.006848
    -0.050000     0.006000     0.478663     0.765385     0.009036
    -0.050000     0.010000     0.473520     0.765385     0.008752
    -0.050000     0.010000     0.475235     0.765385     0.008563
    -0.050000     0.010000     0.476949     0.765385     0.009920
    -0.046000    -0.018000     0.461520     0.765385     0.006862
    -0.046000    -0.018000     0.463235     0.765385     0.003181
    -0.046000    -0.018000     0.464949     0.765385     0.000862
    -0.046000    -0.018000     0.466663     0.765385     0.001711
    -0.046000    -0.018000     0.468378     0.765385     0.004914
    -0.046000    -0.018000     0.470092     0.765385     0.008880
    -0.046000     0.018000     0.461520     0.765385     0.006912
    -0.046000     0.018000     0.463235     0.765385     0.003198
    -0.046000     0.018000     0.464949     0.765385     0.000773
    -0.046000     0.018000     0.466663     0.765385     0.001509
    -0.046000     0.018000     0.468378     0.765385     0.004683
    -0.046000     0.018000     0.470092     0.765385     0.008638
    -0.042000    -0.026000     0.451235     0.765385     0.006885
    -0.042000    -0.026000     0.452949     0.765385     0.002930
    -0.042000    -0.026000     0.454663     0.765385     0.000031
    -0.042000    -0.026000     0.456378     0.765385     0.000561
    -0.042000    -0.026000     0.458092     0.765385     0.003886
    -0.042000    -0.026000     0.459806     0.765385     0.007930
    -0.042000     0.026000     0.451235     0.765385     0.007027
    -0.042000     0.026000     0.452949     0.765385     0.003136
    -0.042000     0.026000     0.454663     0.765385     0.000297
    -0.042000     0.026000     0.456378     0.765385     0.000695
    -0.042000     0.026000     0.458092     0.765385     0.003874
    -0.042000     0.026000     0.459806     0.765385     0.007841
    -0.038000    -0.034000     0.444378     0.765385     0.009477
    -0.038000    -0.034000     0.446092     0.765385     0.009932
    -0.038000    -0.030000     0.446092     0.765385     0.009889
    -0.038000    -0.030000     0.447806     0.765385     0.007346
    -0.038000    -0.030000     0.449520     0.765385     0.006203
    -0.038000    -0.030000     0.451235     0.765385     0.006879
    -0.038000    -0.030000     0.452949     0.765385     0.009095
    -0.038000     0.030000     0.446092     0.765385     0.009341
    -0.038000     0.030000     0.447806     0.765385     0.006698
    -0.038000     0.030000     0.449520     0.765385     0.005480
    -0.038000     0.030000     0.451235     0.765385     0.006174
    -0.038000     0.030000     0.452949     0.765385     0.008469
    -0.034000    -0.038000     0.439235     0.765385     0.008692
    -0.034000    -0.038000     0.440949     0.765385     0.008658
    -0.034000     0.038000     0.439235     0.765385     0.009569
    -0.034000     0.038000     0.440949     0.765385     0.009504
    -0.026000    -0.042000     0.439235     0.765385     0.009557
    -0.026000     0.042000     0.437520     0.765385     0.009845
    -0.026000     0.042000     0.439235     0.765385     0.009041
    -0.026000     0.042000     0.440949     0.765385     0.009807
    -0.022000    -0.046000     0.435806     0.765385     0.009314
    -0.022000    -0.046000     0.437520     0.765385     0.008749
    -0.022000    -0.046000     0.439235     0.765385     0.009822
    -0.022000     0.046000     0.435806     0.765385     0.009972
    -0.022000     0.046000     0.437520     0.765385     0.009307
    -0.018000    -0.046000     0.439235     0.765385     0.008187
    -0.018000    -0.046000     0.440949     0.765385     0.007517
    -0.018000    -0.046000     0.442663     0.765385     0.008598
    -0.018000     0.046000     0.439235     0.765385     0.007909
    -0.018000     0.046000     0.440949     0.765385     0.007043
    -0.018000     0.046000     0.442663     0.765385     0.007976
    -0.010000    -0.050000     0.444378     0.765385     0.009296
    -0.010000    -0.050000     0.446092     0.765385     0.009374
    -0.010000     0.050000     0.446092     0.765385     0.009796
    -0.006000    -0.050000     0.446092     0.765385     0.009323
    -0.006000    -0.050000     0.447806     0.765385     0.006563
    -0.006000    -0.050000     0.449520     0.765385     0.005228
    -0.006000    -0.050000     0.451235     0.765385     0.005875
    -0.006000    -0.050000     0.452949     0.765385     0.008196
    -0.006000     0.050000     0.447806     0.765385     0.007372
    -0.006000     0.050000     0.449520     0.765385     0.005700
    -0.006000     0.050000     0.451235     0.765385     0.005876
    -0.006000     0.050000     0.452949     0.765385     0.007814
    -0.002000    -0.050000     0.451235     0.765385     0.007276
    -0.002000    -0.050000     0.452949     0.765385     0.004418
    -0.002000    -0.050000     0.454663     0.765385     0.003284
    -0.002000    -0.050000     0.456378     0.765385     0.004543
    -0.002000    -0.050000     0.458092     0.765385     0.007458
    -0.002000     0.050000     0.451235     0.765385     0.008165
    -0.002000     0.050000     0.452949     0.765385     0.005078
    -0.002000     0.050000     0.454663     0.765385     0.003447
    -0.002000     0.050000     0.456378     0.765385     0.004139
    -0.002000     0.050000     0.458092     0.765385     0.006730
     0.002000    -0.050000     0.456378     0.765385     0.006741
     0.002000    -0.050000     0.458092     0.765385     0.004150
     0.002000    -0.050000     0.459806     0.765385     0.003455
     0.002000    -0.050000     0.461520     0.765385     0.005081
     0.002000    -0.050000     0.463235     0.765385     0.008165
     0.002000     0.050000     0.456378     0.765385     0.007458
     0.002000     0.050000     0.458092     0.765385     0.004539
     0.002000     0.050000     0.459806     0.765385     0.003275
     0.002000     0.050000     0.461520     0.765385     0.004408
     0.002000     0.050000     0.463235     0.765385     0.007266
     0.006000    -0.050000     0.461520     0.765385     0.007827
     0.006000    -0.050000     0.463235     0.765385     0.005888
     0.006000    -0.050000     0.464949     0.765385     0.005709
     0.006000    -0.050000     0.466663     0.765385     0.007377
     0.006000     0.050000     0.461520     0.765385     0.008194
     0.006000     0.050000     0.463235     0.765385     0.005870
     0.006000     0.050000     0.464949     0.765385     0.005220
     0.006000     0.050000     0.466663     0.765385     0.006553
     0.006000     0.050000     0.468378     0.765385     0.009313
     0.010000    -0.050000     0.468378     0.765385     0.009808
     0.010000     0.050000     0.468378     0.765385     0.009369
     0.010000     0.050000     0.470092     0.765385     0.009289
     0.018000    -0.046000     0.471806     0.765385     0.007972
     0.018000    -0.046000     0.473520     0.765385     0.007034
     0.018000    -0.046000     0.475235     0.765385     0.007896
     0.018000     0.046000     0.471806     0.765385     0.008604
     0.018000     0.046000     0.473520     0.765385     0.007520
     0.018000     0.046000     0.475235     0.765385     0.008187
     0.022000    -0.046000     0.476949     0.765385     0.009310
     0.022000    -0.046000     0.478663     0.765385     0.009971
     0.022000     0.046000     0.475235     0.765385     0.009824
     0.022000     0.046000     0.476949     0.765385     0.008748
     0.022000     0.046000     0.478663     0.765385     0.009310
     0.026000    -0.042000     0.473520     0.765385     0.009798
     0.026000    -0.042000     0.475235     0.765385     0.009027
     0.026000    -0.042000     0.476949     0.765385     0.009827
     0.026000     0.042000     0.475235     0.765385     0.009558
     0.034000    -0.038000     0.473520     0.765385     0.009506
     0.034000    -0.038000     0.475235     0.765385     0.009567
     0.034000     0.038000     0.473520     0.765385     0.008653
     0.034000     0.038000     0.475235     0.765385     0.008682
     0.038000    -0.030000     0.461520     0.765385     0.008466
     0.038000    -0.030000     0.463235     0.765385     0.006165
     0.038000    -0.030000     0.464949     0.765385     0.005464
     0.038000    -0.030000     0.466663     0.765385     0.006678
     0.038000    -0.030000     0.468378     0.765385     0.009320
     0.038000     0.030000     0.461520     0.765385     0.009103
     0.038000     0.030000     0.463235     0.765385     0.006880
     0.038000     0.030000     0.464949     0.765385     0.006195
     0.038000     0.030000     0.466663     0.765385     0.007331
     0.038000     0.030000     0.468378     0.765385     0.009869
     0.038000     0.034000     0.468378     0.765385     0.009928
     0.038000     0.034000     0.470092     0.765385     0.009466
     0.042000    -0.026000     0.454663     0.765385     0.007846
     0.042000    -0.026000     0.456378     0.765385     0.003876
     0.042000    -0.026000     0.458092     0.765385     0.000687
     0.042000    -0.026000     0.459806     0.765385     0.000277
     0.042000    -0.026000     0.461520     0.765385     0.003117
     0.042000    -0.026000     0.463235     0.765385     0.007009
     0.042000     0.026000     0.454663     0.765385     0.007942
     0.042000     0.026000     0.456378     0.765385     0.003893
     0.042000     0.026000     0.458092     0.765385     0.000553
     0.042000     0.026000     0.459806     0.765385     0.000000
     0.042000     0.026000     0.461520     0.765385     0.002898
     0.042000     0.026000     0.463235     0.765385     0.006855
     0.046000    -0.018000     0.444378     0.765385     0.008641
     0.046000    -0.018000     0.446092     0.765385     0.004681
     0.046000    -0.018000     0.447806     0.765385     0.001494
     0.046000    -0.018000     0.449520     0.765385     0.000744
     0.046000    -0.018000     0.451235     0.765385     0.003170
     0.046000    -0.018000     0.452949     0.765385     0.006887
     0.046000     0.018000     0.444378     0.765385     0.008886
     0.046000     0.018000     0.446092     0.765385     0.004914
     0.046000     0.018000     0.447806     0.765385     0.001695
     0.046000     0.018000     0.449520     0.765385     0.000825
     0.046000     0.018000     0.451235     0.765385     0.003143
     0.046000     0.018000     0.452949     0.765385     0.006827
     0.050000    -0.010000     0.437520     0.765385     0.009902
     0.050000    -0.010000     0.439235     0.765385     0.008537
     0.050000    -0.010000     0.440949     0.765385     0.008722
     0.050000    -0.006000     0.435806     0.765385     0.009020
     0.050000    -0.006000     0.437520     0.765385     0.006822
     0.050000    -0.006000     0.439235     0.765385     0.006305
     0.050000    -0.006000     0.440949     0.765385     0.007667
     0.050000    -0.002000     0.435806     0.765385     0.008914
     0.050000    -0.002000     0.437520     0.765385     0.007220
     0.050000    -0.002000     0.439235     0.765385     0.007255
     0.050000    -0.002000     0.440949     0.765385     0.008989
     0.050000     0.002000     0.435806     0.765385     0.008959
     0.050000     0.002000     0.437520     0.765385     0.007258
     0.050000     0.002000     0.439235     0.765385     0.007282
     0.050000     0.002000     0.440949     0.765385     0.009002
     0.050000     0.006000     0.435806     0.765385     0.009122
     0.050000     0.006000     0.437520     0.765385     0.006901
     0.050000     0.006000     0.439235     0.765385     0.006348
     0.050000     0.006000     0.440949     0.765385     0.007673
     0.050000     0.010000     0.437520     0.765385     0.009913
     0.050000     0.010000     0.439235     0.765385     0.008488
     0.050000     0.010000     0.440949     0.765385     0.008619


    -0.050000    -0.010000     0.473520     0.766154     0.008757
    -0.050000    -0.010000     0.475235     0.766154     0.008590
    -0.050000    -0.010000     0.476949     0.766154     0.009997
    -0.050000    -0.006000     0.473520     0.766154     0.007753
    -0.050000    -0.006000     0.475235     0.766154     0.006362
    -0.050000    -0.006000     0.476949     0.766154     0.006883
    -0.050000    -0.006000     0.478663     0.766154     0.009111
    -0.050000    -0.002000     0.473520     0.766154     0.009078
    -0.050000    -0.002000     0.475235     0.766154     0.007289
    -0.050000    -0.002000     0.476949     0.766154     0.007221
    -0.050000    -0.002000     0.478663     0.766154     0.008920
    -0.050000     0.002000     0.473520     0.766154     0.009064
    -0.050000     0.002000     0.475235     0.766154     0.007262
    -0.050000     0.002000     0.476949     0.766154     0.007182
    -0.050000     0.002000     0.478663     0.766154     0.008874
    -0.050000     0.006000     0.473520     0.766154     0.007746
    -0.050000     0.006000     0.475235     0.766154     0.006318
    -0.050000     0.006000     0.476949     0.766154     0.006802
    -0.050000     0.006000     0.478663     0.766154     0.009008
    -0.050000     0.010000     0.473520     0.766154     0.008860
    -0.050000     0.010000     0.475235     0.766154     0.008640
    -0.050000     0.010000     0.476949     0.766154     0.009988
    -0.046000    -0.018000     0.461520     0.766154     0.007005
    -0.046000    -0.018000     0.463235     0.766154     0.003251
    -0.046000    -0.018000     0.464949     0.766154     0.000817
    -0.046000    -0.018000     0.466663     0.766154     0.001678
    -0.046000    -0.018000     0.468378     0.766154     0.004960
    -0.046000    -0.018000     0.470092     0.766154     0.008972
    -0.046000     0.018000     0.461520     0.766154     0.007062
    -0.046000     0.018000     0.463235     0.766154     0.003279
    -0.046000     0.018000     0.464949     0.766154     0.000738
    -0.046000     0.018000     0.466663     0.766154     0.001480
    -0.046000     0.018000     0.468378     0.766154     0.004733
    -0.046000     0.018000     0.470092     0.766154     0.008734
    -0.042000    -0.026000     0.451235     0.766154     0.007027
    -0.042000    -0.026000     0.452949     0.766154     0.003023
    -0.042000    -0.026000     0.454663     0.766154     0.000031
    -0.042000    -0.026000     0.456378     0.766154     0.000599
    -0.042000    -0.026000     0.458092     0.766154     0.004015
    -0.042000    -0.026000     0.459806     0.766154     0.008101
    -0.042000     0.026000     0.451235     0.766154     0.007176
    -0.042000     0.026000     0.452949     0.766154     0.003243
    -0.042000     0.026000     0.454663     0.766154     0.000328
    -0.042000     0.026000     0.456378     0.766154     0.000754
    -0.042000     0.026000     0.458092     0.766154     0.004013
    -0.042000     0.026000     0.459806     0.766154     0.008018
    -0.038000    -0.034000     0.444378     0.766154     0.009647
    -0.038000    -0.030000     0.446092     0.766154     0.009946
    -0.038000    -0.030000     0.447806     0.766154     0.007379
    -0.038000    -0.030000     0.449520     0.766154     0.006230
    -0.038000    -0.030000     0.451235     0.766154     0.006934
    -0.038000    -0.030000     0.452949     0.766154     0.009195
    -0.038000     0.030000     0.446092     0.766154     0.009395
    -0.038000     0.030000     0.447806     0.766154     0.006723
    -0.038000     0.030000     0.449520     0.766154     0.005495
    -0.038000     0.030000     0.451235     0.766154     0.006222
    -0.038000     0.030000     0.452949     0.766154     0.008567
    -0.034000    -0.038000     0.439235     0.766154     0.008757
    -0.034000    -0.038000     0.440949     0.766154     0.008751
    -0.034000     0.038000     0.439235     0.766154     0.009649
    -0.034000     0.038000     0.440949     0.766154     0.009611
    -0.026000    -0.042000     0.439235     0.766154     0.009527
    -0.026000     0.042000     0.437520     0.766154     0.009792
    -0.026000     0.042000     0.439235     0.766154     0.009002
    -0.026000     0.042000     0.440949     0.766154     0.009813
    -0.022000    -0.046000     0.435806     0.766154     0.009306
    -0.022000    -0.046000     0.437520     0.766154     0.008765
    -0.022000    -0.046000     0.439235     0.766154     0.009886
    -0.022000     0.046000     0.435806     0.766154     0.009979
    -0.022000     0.046000     0.437520     0.766154     0.009334
    -0.018000    -0.046000     0.439235     0.766154     0.008137
    -0.018000    -0.046000     0.440949     0.766154     0.007483
    -0.018000    -0.046000     0.442663     0.766154     0.008617
    -0.018000     0.046000     0.439235     0.766154     0.007854
    -0.018000     0.046000     0.440949     0.766154     0.006998
    -0.018000     0.046000     0.442663     0.766154     0.007984
    -0.010000    -0.050000     0.444378     0.766154     0.009471
    -0.010000    -0.050000     0.446092     0.766154     0.009568
    -0.010000     0.050000     0.446092     0.766154     0.009993
    -0.006000    -0.050000     0.446092     0.766154     0.009496
    -0.006000    -0.050000     0.447806     0.766154     0.006733
    -0.006000    -0.050000     0.449520     0.766154     0.005405
    -0.006000    -0.050000     0.451235     0.766154     0.006072
    -0.006000    -0.050000     0.452949     0.766154     0.008414
    -0.006000     0.050000     0.447806     0.766154     0.007549
    -0.006000     0.050000     0.449520     0.766154     0.005881
    -0.006000     0.050000     0.451235     0.766154     0.006074
    -0.006000     0.050000     0.452949     0.766154     0.008032
    -0.002000    -0.050000     0.451235     0.766154     0.007469
    -0.002000    -0.050000     0.452949     0.766154     0.004601
    -0.002000    -0.050000     0.454663     0.766154     0.003464
    -0.002000    -0.050000     0.456378     0.766154     0.004739
    -0.002000    -0.050000     0.458092     0.766154     0.007671
    -0.002000     0.050000     0.451235     0.766154     0.008363
    -0.002000     0.050000     0.452949     0.766154     0.005266
    -0.002000     0.050000     0.454663     0.766154     0.003629
    -0.002000     0.050000     0.456378     0.766154     0.004333
    -0.002000     0.050000     0.458092     0.766154     0.006940
     0.002000    -0.050000     0.456378     0.766154     0.006951
     0.002000    -0.050000     0.458092     0.766154     0.004344
     0.002000    -0.050000     0.459806     0.766154     0.003638
     0.002000    -0.050000     0.461520     0.766154     0.005270
     0.002000    -0.050000     0.463235     0.766154     0.008363
     0.002000     0.050000     0.456378     0.766154     0.007671
     0.002000     0.050000     0.458092     0.766154     0.004736
     0.002000     0.050000     0.459806     0.766154     0.003456
     0.002000     0.050000     0.461520     0.766154     0.004590
     0.002000     0.050000     0.463235     0.766154     0.007458
     0.006000    -0.050000     0.461520     0.766154     0.008044
     0.006000    -0.050000     0.463235     0.766154     0.006085
     0.006000    -0.050000     0.464949     0.766154     0.005890
     0.006000    -0.050000     0.466663     0.766154     0.007554
     0.006000     0.050000     0.461520     0.766154     0.008413
     0.006000     0.050000     0.463235     0.766154     0.006067
     0.006000     0.050000     0.464949     0.766154     0.005397
     0.006000     0.050000     0.466663     0.766154     0.006723
     0.006000     0.050000     0.468378     0.766154     0.009486
     0.010000     0.050000     0.468378     0.766154     0.009563
     0.010000     0.050000     0.470092     0.766154     0.009463
     0.018000    -0.046000     0.471806     0.766154     0.007980
     0.018000    -0.046000     0.473520     0.766154     0.006989
     0.018000    -0.046000     0.475235     0.766154     0.007840
     0.018000     0.046000     0.471806     0.766154     0.008623
     0.018000     0.046000     0.473520     0.766154     0.007486
     0.018000     0.046000     0.475235     0.766154     0.008137
     0.022000    -0.046000     0.476949     0.766154     0.009337
     0.022000    -0.046000     0.478663     0.766154     0.009977
     0.022000     0.046000     0.475235     0.766154     0.009888
     0.022000     0.046000     0.476949     0.766154     0.008763
     0.022000     0.046000     0.478663     0.766154     0.009302
     0.026000    -0.042000     0.473520     0.766154     0.009804
     0.026000    -0.042000     0.475235     0.766154     0.008988
     0.026000    -0.042000     0.476949     0.766154     0.009774
     0.026000     0.042000     0.475235     0.766154     0.009528
     0.034000    -0.038000     0.473520     0.766154     0.009613
     0.034000    -0.038000     0.475235     0.766154     0.009646
     0.034000     0.038000     0.473520     0.766154     0.008746
     0.034000     0.038000     0.475235     0.766154     0.008747
     0.038000    -0.030000     0.461520     0.766154     0.008564
     0.038000    -0.030000     0.463235     0.766154     0.006213
     0.038000    -0.030000     0.464949     0.766154     0.005479
     0.038000    -0.030000     0.466663     0.766154     0.006703
     0.038000    -0.030000     0.468378     0.766154     0.009374
     0.038000     0.030000     0.461520     0.766154     0.009204
     0.038000     0.030000     0.463235     0.766154     0.006936
     0.038000     0.030000     0.464949     0.766154     0.006222
     0.038000     0.030000     0.466663     0.766154     0.007364
     0.038000     0.030000     0.468378     0.766154     0.009927
     0.038000     0.034000     0.470092     0.766154     0.009637
     0.042000    -0.026000     0.454663     0.766154     0.008024
     0.042000    -0.026000     0.456378     0.766154     0.004016
     0.042000    -0.026000     0.458092     0.766154     0.000747
     0.042000    -0.026000     0.459806     0.766154     0.000309
     0.042000    -0.026000     0.461520     0.766154     0.003224
     0.042000    -0.026000     0.463235     0.766154     0.007159
     0.042000     0.026000     0.454663     0.766154     0.008115
     0.042000     0.026000     0.456378     0.766154     0.004023
     0.042000     0.026000     0.458092     0.766154     0.000592
     0.042000     0.026000     0.459806     0.766154     0.000000
     0.042000     0.026000     0.461520     0.766154     0.002991
     0.042000     0.026000     0.463235     0.766154     0.006997
     0.046000    -0.018000     0.444378     0.766154     0.008738
     0.046000    -0.018000     0.446092     0.766154     0.004732
     0.046000    -0.018000     0.447806     0.766154     0.001467
     0.046000    -0.018000     0.449520     0.766154     0.000709
     0.046000    -0.018000     0.451235     0.766154     0.003251
     0.046000    -0.018000     0.452949     0.766154     0.007038
     0.046000     0.018000     0.444378     0.766154     0.008980
     0.046000     0.018000     0.446092     0.766154     0.004961
     0.046000     0.018000     0.447806     0.766154     0.001663
     0.046000     0.018000     0.449520     0.766154     0.000779
     0.046000     0.018000     0.451235     0.766154     0.003213
     0.046000     0.018000     0.452949     0.766154     0.006971
     0.050000    -0.010000     0.437520     0.766154     0.009970
     0.050000    -0.010000     0.439235     0.766154     0.008615
     0.050000    -0.010000     0.440949     0.766154     0.008830
     0.050000    -0.006000     0.435806     0.766154     0.008992
     0.050000    -0.006000     0.437520     0.766154     0.006776
     0.050000    -0.006000     0.439235     0.766154     0.006283
     0.050000    -0.006000     0.440949     0.766154     0.007709
     0.050000    -0.002000     0.435806     0.766154     0.008857
     0.050000    -0.002000     0.437520     0.766154     0.007154
     0.050000    -0.002000     0.439235     0.766154     0.007227
     0.050000    -0.002000     0.440949     0.766154     0.009028
     0.050000     0.002000     0.435806     0.766154     0.008902
     0.050000     0.002000     0.437520     0.766154     0.007193
     0.050000     0.002000     0.439235     0.766154     0.007253
     0.050000     0.002000     0.440949     0.766154     0.009040
     0.050000     0.006000     0.435806     0.766154     0.009094
     0.050000     0.006000     0.437520     0.766154     0.006854
     0.050000     0.006000     0.439235     0.766154     0.006323
     0.050000     0.006000     0.440949     0.766154     0.007711
     0.050000     0.010000     0.437520     0.766154     0.009977
     0.050000     0.010000     0.439235     0.766154     0.008560
     0.050000     0.010000     0.440949     0.766154     0.008721


    -0.050000    -0.010000     0.473520     0.766923     0.008855
    -0.050000    -0.010000     0.475235     0.766923     0.008657
    -0.050000    -0.006000     0.473520     0.766923     0.007787
    -0.050000    -0.006000     0.475235     0.766923     0.006329
    -0.050000    -0.006000     0.476949     0.766923     0.006827
    -0.050000    -0.006000     0.478663     0.766923     0.009074
    -0.050000    -0.002000     0.473520     0.766923     0.009110
    -0.050000    -0.002000     0.475235     0.766923     0.007252
    -0.050000    -0.002000     0.476949     0.766923     0.007145
    -0.050000    -0.002000     0.478663     0.766923     0.008853
    -0.050000     0.002000     0.473520     0.766923     0.009097
    -0.050000     0.002000     0.475235     0.766923     0.007225
    -0.050000     0.002000     0.476949     0.766923     0.007106
    -0.050000     0.002000     0.478663     0.766923     0.008807
    -0.050000     0.006000     0.473520     0.766923     0.007783
    -0.050000     0.006000     0.475235     0.766923     0.006288
    -0.050000     0.006000     0.476949     0.766923     0.006747
    -0.050000     0.006000     0.478663     0.766923     0.008971
    -0.050000     0.010000     0.473520     0.766923     0.008963
    -0.050000     0.010000     0.475235     0.766923     0.008712
    -0.046000    -0.018000     0.461520     0.766923     0.007147
    -0.046000    -0.018000     0.463235     0.766923     0.003321
    -0.046000    -0.018000     0.464949     0.766923     0.000764
    -0.046000    -0.018000     0.466663     0.766923     0.001640
    -0.046000    -0.018000     0.468378     0.766923     0.005003
    -0.046000    -0.018000     0.470092     0.766923     0.009061
    -0.046000     0.018000     0.461520     0.766923     0.007211
    -0.046000     0.018000     0.463235     0.766923     0.003360
    -0.046000     0.018000     0.464949     0.766923     0.000698
    -0.046000     0.018000     0.466663     0.766923     0.001447
    -0.046000     0.018000     0.468378     0.766923     0.004781
    -0.046000     0.018000     0.470092     0.766923     0.008826
    -0.042000    -0.026000     0.451235     0.766923     0.007167
    -0.042000    -0.026000     0.452949     0.766923     0.003117
    -0.042000    -0.026000     0.454663     0.766923     0.000031
    -0.042000    -0.026000     0.456378     0.766923     0.000639
    -0.042000    -0.026000     0.458092     0.766923     0.004145
    -0.042000    -0.026000     0.459806     0.766923     0.008270
    -0.042000     0.026000     0.451235     0.766923     0.007323
    -0.042000     0.026000     0.452949     0.766923     0.003351
    -0.042000     0.026000     0.454663     0.766923     0.000361
    -0.042000     0.026000     0.456378     0.766923     0.000816
    -0.042000     0.026000     0.458092     0.766923     0.004153
    -0.042000     0.026000     0.459806     0.766923     0.008193
    -0.038000    -0.034000     0.444378     0.766923     0.009815
    -0.038000    -0.030000     0.446092     0.766923     0.009999
    -0.038000    -0.030000     0.447806     0.766923     0.007406
    -0.038000    -0.030000     0.449520     0.766923     0.006251
    -0.038000    -0.030000     0.451235     0.766923     0.006986
    -0.038000    -0.030000     0.452949     0.766923     0.009291
    -0.038000     0.030000     0.446092     0.766923     0.009443
    -0.038000     0.030000     0.447806     0.766923     0.006742
    -0.038000     0.030000     0.449520     0.766923     0.005505
    -0.038000     0.030000     0.451235     0.766923     0.006266
    -0.038000     0.030000     0.452949     0.766923     0.008660
    -0.034000    -0.038000     0.439235     0.766923     0.008816
    -0.034000    -0.038000     0.440949     0.766923     0.008840
    -0.034000     0.038000     0.439235     0.766923     0.009723
    -0.034000     0.038000     0.440949     0.766923     0.009712
    -0.026000    -0.042000     0.439235     0.766923     0.009489
    -0.026000     0.042000     0.437520     0.766923     0.009730
    -0.026000     0.042000     0.439235     0.766923     0.008953
    -0.026000     0.042000     0.440949     0.766923     0.009811
    -0.022000    -0.046000     0.435806     0.766923     0.009290
    -0.022000    -0.046000     0.437520     0.766923     0.008773
    -0.022000    -0.046000     0.439235     0.766923     0.009945
    -0.022000     0.046000     0.435806     0.766923     0.009978
    -0.022000     0.046000     0.437520     0.766923     0.009355
    -0.018000    -0.046000     0.439235     0.766923     0.008079
    -0.018000    -0.046000     0.440949     0.766923     0.007440
    -0.018000    -0.046000     0.442663     0.766923     0.008629
    -0.018000     0.046000     0.439235     0.766923     0.007789
    -0.018000     0.046000     0.440949     0.766923     0.006944
    -0.018000     0.046000     0.442663     0.766923     0.007985
    -0.010000    -0.050000     0.444378     0.766923     0.009642
    -0.010000    -0.050000     0.446092     0.766923     0.009759
    -0.006000    -0.050000     0.446092     0.766923     0.009666
    -0.006000    -0.050000     0.447806     0.766923     0.006902
    -0.006000    -0.050000     0.449520     0.766923     0.005582
    -0.006000    -0.050000     0.451235     0.766923     0.006268
    -0.006000    -0.050000     0.452949     0.766923     0.008631
    -0.006000     0.050000     0.447806     0.766923     0.007724
    -0.006000     0.050000     0.449520     0.766923     0.006062
    -0.006000     0.050000     0.451235     0.766923     0.006270
    -0.006000     0.050000     0.452949     0.766923     0.008247
    -0.002000    -0.050000     0.451235     0.766923     0.007660
    -0.002000    -0.050000     0.452949     0.766923     0.004785
    -0.002000    -0.050000     0.454663     0.766923     0.003648
    -0.002000    -0.050000     0.456378     0.766923     0.004937
    -0.002000    -0.050000     0.458092     0.766923     0.007883
    -0.002000     0.050000     0.451235     0.766923     0.008559
    -0.002000     0.050000     0.452949     0.766923     0.005455
    -0.002000     0.050000     0.454663     0.766923     0.003814
    -0.002000     0.050000     0.456378     0.766923     0.004528
    -0.002000     0.050000     0.458092     0.766923     0.007149
     0.002000    -0.050000     0.456378     0.766923     0.007160
     0.002000    -0.050000     0.458092     0.766923     0.004539
     0.002000    -0.050000     0.459806     0.766923     0.003823
     0.002000    -0.050000     0.461520     0.766923     0.005458
     0.002000    -0.050000     0.463235     0.766923     0.008559
     0.002000     0.050000     0.456378     0.766923     0.007883
     0.002000     0.050000     0.458092     0.766923     0.004933
     0.002000     0.050000     0.459806     0.766923     0.003639
     0.002000     0.050000     0.461520     0.766923     0.004774
     0.002000     0.050000     0.463235     0.766923     0.007650
     0.006000    -0.050000     0.461520     0.766923     0.008260
     0.006000    -0.050000     0.463235     0.766923     0.006282
     0.006000    -0.050000     0.464949     0.766923     0.006071
     0.006000    -0.050000     0.466663     0.766923     0.007728
     0.006000     0.050000     0.461520     0.766923     0.008630
     0.006000     0.050000     0.463235     0.766923     0.006264
     0.006000     0.050000     0.464949     0.766923     0.005573
     0.006000     0.050000     0.466663     0.766923     0.006892
     0.006000     0.050000     0.468378     0.766923     0.009656
     0.010000     0.050000     0.468378     0.766923     0.009754
     0.010000     0.050000     0.470092     0.766923     0.009634
     0.018000    -0.046000     0.471806     0.766923     0.007981
     0.018000    -0.046000     0.473520     0.766923     0.006935
     0.018000    -0.046000     0.475235     0.766923     0.007775
     0.018000     0.046000     0.471806     0.766923     0.008636
     0.018000     0.046000     0.473520     0.766923     0.007443
     0.018000     0.046000     0.475235     0.766923     0.008078
     0.022000    -0.046000     0.476949     0.766923     0.009358
     0.022000    -0.046000     0.478663     0.766923     0.009976
     0.022000     0.046000     0.475235     0.766923     0.009947
     0.022000     0.046000     0.476949     0.766923     0.008772
     0.022000     0.046000     0.478663     0.766923     0.009287
     0.026000    -0.042000     0.473520     0.766923     0.009803
     0.026000    -0.042000     0.475235     0.766923     0.008939
     0.026000    -0.042000     0.476949     0.766923     0.009712
     0.026000     0.042000     0.475235     0.766923     0.009490
     0.034000    -0.038000     0.473520     0.766923     0.009715
     0.034000    -0.038000     0.475235     0.766923     0.009721
     0.034000     0.038000     0.473520     0.766923     0.008835
     0.034000     0.038000     0.475235     0.766923     0.008806
     0.038000    -0.030000     0.461520     0.766923     0.008658
     0.038000    -0.030000     0.463235     0.766923     0.006258
     0.038000    -0.030000     0.464949     0.766923     0.005490
     0.038000    -0.030000     0.466663     0.766923     0.006722
     0.038000    -0.030000     0.468378     0.766923     0.009423
     0.038000     0.030000     0.461520     0.766923     0.009301
     0.038000     0.030000     0.463235     0.766923     0.006988
     0.038000     0.030000     0.464949     0.766923     0.006244
     0.038000     0.030000     0.466663     0.766923     0.007391
     0.038000     0.030000     0.468378     0.766923     0.009980
     0.038000     0.034000     0.470092     0.766923     0.009805
     0.042000    -0.026000     0.454663     0.766923     0.008200
     0.042000    -0.026000     0.456378     0.766923     0.004156
     0.042000    -0.026000     0.458092     0.766923     0.000811
     0.042000    -0.026000     0.459806     0.766923     0.000342
     0.042000    -0.026000     0.461520     0.766923     0.003332
     0.042000    -0.026000     0.463235     0.766923     0.007307
     0.042000     0.026000     0.454663     0.766923     0.008284
     0.042000     0.026000     0.456378     0.766923     0.004155
     0.042000     0.026000     0.458092     0.766923     0.000634
     0.042000     0.026000     0.459806     0.766923     0.000000
     0.042000     0.026000     0.461520     0.766923     0.003085
     0.042000     0.026000     0.463235     0.766923     0.007138
     0.046000    -0.018000     0.444378     0.766923     0.008831
     0.046000    -0.018000     0.446092     0.766923     0.004780
     0.046000    -0.018000     0.447806     0.766923     0.001434
     0.046000    -0.018000     0.449520     0.766923     0.000669
     0.046000    -0.018000     0.451235     0.766923     0.003332
     0.046000    -0.018000     0.452949     0.766923     0.007187
     0.046000     0.018000     0.444378     0.766923     0.009069
     0.046000     0.018000     0.446092     0.766923     0.005005
     0.046000     0.018000     0.447806     0.766923     0.001625
     0.046000     0.018000     0.449520     0.766923     0.000727
     0.046000     0.018000     0.451235     0.766923     0.003283
     0.046000     0.018000     0.452949     0.766923     0.007113
     0.050000    -0.010000     0.439235     0.766923     0.008687
     0.050000    -0.010000     0.440949     0.766923     0.008934
     0.050000    -0.006000     0.435806     0.766923     0.008956
     0.050000    -0.006000     0.437520     0.766923     0.006721
     0.050000    -0.006000     0.439235     0.766923     0.006253
     0.050000    -0.006000     0.440949     0.766923     0.007745
     0.050000    -0.002000     0.435806     0.766923     0.008790
     0.050000    -0.002000     0.437520     0.766923     0.007079
     0.050000    -0.002000     0.439235     0.766923     0.007190
     0.050000    -0.002000     0.440949     0.766923     0.009060
     0.050000     0.002000     0.435806     0.766923     0.008835
     0.050000     0.002000     0.437520     0.766923     0.007117
     0.050000     0.002000     0.439235     0.766923     0.007215
     0.050000     0.002000     0.440949     0.766923     0.009072
     0.050000     0.006000     0.435806     0.766923     0.009057
     0.050000     0.006000     0.437520     0.766923     0.006798
     0.050000     0.006000     0.439235     0.766923     0.006291
     0.050000     0.006000     0.440949     0.766923     0.007745
     0.050000     0.010000     0.439235     0.766923     0.008627
     0.050000     0.010000     0.440949     0.766923     0.008819


    -0.050000    -0.010000     0.473520     0.767692     0.008947
    -0.050000    -0.010000     0.475235     0.767692     0.008717
    -0.050000    -0.006000     0.473520     0.767692     0.007813
    -0.050000    -0.006000     0.475235     0.767692     0.006287
    -0.050000    -0.006000     0.476949     0.767692     0.006759
    -0.050000    -0.006000     0.478663     0.767692     0.009026
    -0.050000    -0.002000     0.473520     0.767692     0.009134
    -0.050000    -0.002000     0.475235     0.767692     0.007204
    -0.050000    -0.002000     0.476949     0.767692     0.007057
    -0.050000    -0.002000     0.478663     0.767692     0.008774
    -0.050000     0.002000     0.473520     0.767692     0.009122
    -0.050000     0.002000     0.475235     0.767692     0.007179
    -0.050000     0.002000     0.476949     0.767692     0.007018
    -0.050000     0.002000     0.478663     0.767692     0.008728
    -0.050000     0.006000     0.473520     0.767692     0.007812
    -0.050000     0.006000     0.475235     0.767692     0.006249
    -0.050000     0.006000     0.476949     0.767692     0.006681
    -0.050000     0.006000     0.478663     0.767692     0.008925
    -0.050000     0.010000     0.473520     0.767692     0.009061
    -0.050000     0.010000     0.475235     0.767692     0.008778
    -0.046000    -0.018000     0.461520     0.767692     0.007284
    -0.046000    -0.018000     0.463235     0.767692     0.003389
    -0.046000    -0.018000     0.464949     0.767692     0.000704
    -0.046000    -0.018000     0.466663     0.767692     0.001593
    -0.046000    -0.018000     0.468378     0.767692     0.005041
    -0.046000    -0.018000     0.470092     0.767692     0.009143
    -0.046000     0.018000     0.461520     0.767692     0.007356
    -0.046000     0.018000     0.463235     0.767692     0.003439
    -0.046000     0.018000     0.464949     0.767692     0.000651
    -0.046000     0.018000     0.466663     0.767692     0.001406
    -0.046000     0.018000     0.468378     0.767692     0.004824
    -0.046000     0.018000     0.470092     0.767692     0.008913
    -0.042000    -0.026000     0.451235     0.767692     0.007304
    -0.042000    -0.026000     0.452949     0.767692     0.003210
    -0.042000    -0.026000     0.454663     0.767692     0.000031
    -0.042000    -0.026000     0.456378     0.767692     0.000682
    -0.042000    -0.026000     0.458092     0.767692     0.004275
    -0.042000    -0.026000     0.459806     0.767692     0.008435
    -0.042000     0.026000     0.451235     0.767692     0.007467
    -0.042000     0.026000     0.452949     0.767692     0.003458
    -0.042000     0.026000     0.454663     0.767692     0.000397
    -0.042000     0.026000     0.456378     0.767692     0.000882
    -0.042000     0.026000     0.458092     0.767692     0.004291
    -0.042000     0.026000     0.459806     0.767692     0.008364
    -0.038000    -0.034000     0.444378     0.767692     0.009977
    -0.038000    -0.030000     0.447806     0.767692     0.007426
    -0.038000    -0.030000     0.449520     0.767692     0.006266
    -0.038000    -0.030000     0.451235     0.767692     0.007031
    -0.038000    -0.030000     0.452949     0.767692     0.009381
    -0.038000     0.030000     0.446092     0.767692     0.009484
    -0.038000     0.030000     0.447806     0.767692     0.006754
    -0.038000     0.030000     0.449520     0.767692     0.005509
    -0.038000     0.030000     0.451235     0.767692     0.006304
    -0.038000     0.030000     0.452949     0.767692     0.008748
    -0.034000    -0.038000     0.439235     0.767692     0.008869
    -0.034000    -0.038000     0.440949     0.767692     0.008923
    -0.034000     0.038000     0.439235     0.767692     0.009790
    -0.034000     0.038000     0.440949     0.767692     0.009808
    -0.026000    -0.042000     0.439235     0.767692     0.009439
    -0.026000     0.042000     0.437520     0.767692     0.009656
    -0.026000     0.042000     0.439235     0.767692     0.008894
    -0.026000     0.042000     0.440949     0.767692     0.009800
    -0.022000    -0.046000     0.435806     0.767692     0.009265
    -0.022000    -0.046000     0.437520     0.767692     0.008773
    -0.022000    -0.046000     0.439235     0.767692     0.009997
    -0.022000     0.046000     0.435806     0.767692     0.009967
    -0.022000     0.046000     0.437520     0.767692     0.009367
    -0.018000    -0.046000     0.439235     0.767692     0.008008
    -0.018000    -0.046000     0.440949     0.767692     0.007387
    -0.018000    -0.046000     0.442663     0.767692     0.008634
    -0.018000     0.046000     0.439235     0.767692     0.007713
    -0.018000     0.046000     0.440949     0.767692     0.006879
    -0.018000     0.046000     0.442663     0.767692     0.007978
    -0.010000    -0.050000     0.444378     0.767692     0.009808
    -0.010000    -0.050000     0.446092     0.767692     0.009945
    -0.006000    -0.050000     0.446092     0.767692     0.009831
    -0.006000    -0.050000     0.447806     0.767692     0.007067
    -0.006000    -0.050000     0.449520     0.767692     0.005756
    -0.006000    -0.050000     0.451235     0.767692     0.006462
    -0.006000    -0.050000     0.452949     0.767692     0.008843
    -0.006000     0.050000     0.447806     0.767692     0.007895
    -0.006000     0.050000     0.449520     0.767692     0.006240
    -0.006000     0.050000     0.451235     0.767692     0.006465
    -0.006000     0.050000     0.452949     0.767692     0.008459
    -0.002000    -0.050000     0.451235     0.767692     0.007848
    -0.002000    -0.050000     0.452949     0.767692     0.004968
    -0.002000    -0.050000     0.454663     0.767692     0.003832
    -0.002000    -0.050000     0.456378     0.767692     0.005134
    -0.002000    -0.050000     0.458092     0.767692     0.008091
    -0.002000     0.050000     0.451235     0.767692     0.008751
    -0.002000     0.050000     0.452949     0.767692     0.005642
    -0.002000     0.050000     0.454663     0.767692     0.004000
    -0.002000     0.050000     0.456378     0.767692     0.004722
    -0.002000     0.050000     0.458092     0.767692     0.007355
     0.002000    -0.050000     0.456378     0.767692     0.007366
     0.002000    -0.050000     0.458092     0.767692     0.004734
     0.002000    -0.050000     0.459806     0.767692     0.004009
     0.002000    -0.050000     0.461520     0.767692     0.005645
     0.002000    -0.050000     0.463235     0.767692     0.008751
     0.002000     0.050000     0.456378     0.767692     0.008091
     0.002000     0.050000     0.458092     0.767692     0.005130
     0.002000     0.050000     0.459806     0.767692     0.003824
     0.002000     0.050000     0.461520     0.767692     0.004957
     0.002000     0.050000     0.463235     0.767692     0.007837
     0.006000    -0.050000     0.461520     0.767692     0.008471
     0.006000    -0.050000     0.463235     0.767692     0.006477
     0.006000    -0.050000     0.464949     0.767692     0.006249
     0.006000    -0.050000     0.466663     0.767692     0.007900
     0.006000     0.050000     0.461520     0.767692     0.008842
     0.006000     0.050000     0.463235     0.767692     0.006458
     0.006000     0.050000     0.464949     0.767692     0.005748
     0.006000     0.050000     0.466663     0.767692     0.007057
     0.006000     0.050000     0.468378     0.767692     0.009820
     0.010000     0.050000     0.468378     0.767692     0.009939
     0.010000     0.050000     0.470092     0.767692     0.009800
     0.018000    -0.046000     0.471806     0.767692     0.007974
     0.018000    -0.046000     0.473520     0.767692     0.006870
     0.018000    -0.046000     0.475235     0.767692     0.007699
     0.018000     0.046000     0.471806     0.767692     0.008640
     0.018000     0.046000     0.473520     0.767692     0.007391
     0.018000     0.046000     0.475235     0.767692     0.008008
     0.022000    -0.046000     0.476949     0.767692     0.009370
     0.022000    -0.046000     0.478663     0.767692     0.009966
     0.022000     0.046000     0.475235     0.767692     0.009999
     0.022000     0.046000     0.476949     0.767692     0.008772
     0.022000     0.046000     0.478663     0.767692     0.009262
     0.026000    -0.042000     0.473520     0.767692     0.009792
     0.026000    -0.042000     0.475235     0.767692     0.008880
     0.026000    -0.042000     0.476949     0.767692     0.009638
     0.026000     0.042000     0.475235     0.767692     0.009440
     0.034000    -0.038000     0.473520     0.767692     0.009811
     0.034000    -0.038000     0.475235     0.767692     0.009789
     0.034000     0.038000     0.473520     0.767692     0.008918
     0.034000     0.038000     0.475235     0.767692     0.008859
     0.038000    -0.030000     0.461520     0.767692     0.008747
     0.038000    -0.030000     0.463235     0.767692     0.006297
     0.038000    -0.030000     0.464949     0.767692     0.005494
     0.038000    -0.030000     0.466663     0.767692     0.006734
     0.038000    -0.030000     0.468378     0.767692     0.009464
     0.038000     0.030000     0.461520     0.767692     0.009391
     0.038000     0.030000     0.463235     0.767692     0.007034
     0.038000     0.030000     0.464949     0.767692     0.006259
     0.038000     0.030000     0.466663     0.767692     0.007411
     0.038000     0.034000     0.470092     0.767692     0.009967
     0.042000    -0.026000     0.454663     0.767692     0.008372
     0.042000    -0.026000     0.456378     0.767692     0.004296
     0.042000    -0.026000     0.458092     0.767692     0.000878
     0.042000    -0.026000     0.459806     0.767692     0.000379
     0.042000    -0.026000     0.461520     0.767692     0.003440
     0.042000    -0.026000     0.463235     0.767692     0.007451
     0.042000     0.026000     0.454663     0.767692     0.008450
     0.042000     0.026000     0.456378     0.767692     0.004285
     0.042000     0.026000     0.458092     0.767692     0.000678
     0.042000     0.026000     0.459806     0.767692     0.000000
     0.042000     0.026000     0.461520     0.767692     0.003179
     0.042000     0.026000     0.463235     0.767692     0.007275
     0.046000    -0.018000     0.444378     0.767692     0.008918
     0.046000    -0.018000     0.446092     0.767692     0.004824
     0.046000    -0.018000     0.447806     0.767692     0.001394
     0.046000    -0.018000     0.449520     0.767692     0.000622
     0.046000    -0.018000     0.451235     0.767692     0.003412
     0.046000    -0.018000     0.452949     0.767692     0.007332
     0.046000     0.018000     0.444378     0.767692     0.009151
     0.046000     0.018000     0.446092     0.767692     0.005043
     0.046000     0.018000     0.447806     0.767692     0.001580
     0.046000     0.018000     0.449520     0.767692     0.000666
     0.046000     0.018000     0.451235     0.767692     0.003351
     0.046000     0.018000     0.452949     0.767692     0.007251
     0.050000    -0.010000     0.439235     0.767692     0.008754
     0.050000    -0.010000     0.440949     0.767692     0.009032
     0.050000    -0.006000     0.435806     0.767692     0.008909
     0.050000    -0.006000     0.437520     0.767692     0.006655
     0.050000    -0.006000     0.439235     0.767692     0.006213
     0.050000    -0.006000     0.440949     0.767692     0.007774
     0.050000    -0.002000     0.435806     0.767692     0.008711
     0.050000    -0.002000     0.437520     0.767692     0.006990
     0.050000    -0.002000     0.439235     0.767692     0.007143
     0.050000    -0.002000     0.440949     0.767692     0.009085
     0.050000     0.002000     0.435806     0.767692     0.008756
     0.050000     0.002000     0.437520     0.767692     0.007028
     0.050000     0.002000     0.439235     0.767692     0.007168
     0.050000     0.002000     0.440949     0.767692     0.009096
     0.050000     0.006000     0.435806     0.767692     0.009009
     0.050000     0.006000     0.437520     0.767692     0.006730
     0.050000     0.006000     0.439235     0.767692     0.006248
     0.050000     0.006000     0.440949     0.767692     0.007771
     0.050000     0.010000     0.439235     0.767692     0.008688
     0.050000     0.010000     0.440949     0.767692     0.008911


    -0.050000    -0.010000     0.473520     0.768462     0.009030
    -0.050000    -0.010000     0.475235     0.768462     0.008768
    -0.050000    -0.006000     0.473520     0.768462     0.007830
    -0.050000    -0.006000     0.475235     0.768462     0.006234
    -0.050000    -0.006000     0.476949     0.768462     0.006678
    -0.050000    -0.006000     0.478663     0.768462     0.008966
    -0.050000    -0.002000     0.473520     0.768462     0.009148
    -0.050000    -0.002000     0.475235     0.768462     0.007145
    -0.050000    -0.002000     0.476949     0.768462     0.006954
    -0.050000    -0.002000     0.478663     0.768462     0.008681
    -0.050000     0.002000     0.473520     0.768462     0.009137
    -0.050000     0.002000     0.475235     0.768462     0.007120
    -0.050000     0.002000     0.476949     0.768462     0.006915
    -0.050000     0.002000     0.478663     0.768462     0.008635
    -0.050000     0.006000     0.473520     0.768462     0.007832
    -0.050000     0.006000     0.475235     0.768462     0.006198
    -0.050000     0.006000     0.476949     0.768462     0.006602
    -0.050000     0.006000     0.478663     0.768462     0.008865
    -0.050000     0.010000     0.473520     0.768462     0.009151
    -0.050000     0.010000     0.475235     0.768462     0.008835
    -0.046000    -0.018000     0.461520     0.768462     0.007416
    -0.046000    -0.018000     0.463235     0.768462     0.003453
    -0.046000    -0.018000     0.464949     0.768462     0.000633
    -0.046000    -0.018000     0.466663     0.768462     0.001537
    -0.046000    -0.018000     0.468378     0.768462     0.005071
    -0.046000    -0.018000     0.470092     0.768462     0.009216
    -0.046000     0.018000     0.461520     0.768462     0.007494
    -0.046000     0.018000     0.463235     0.768462     0.003515
    -0.046000     0.018000     0.464949     0.768462     0.000597
    -0.046000     0.018000     0.466663     0.768462     0.001357
    -0.046000     0.018000     0.468378     0.768462     0.004860
    -0.046000     0.018000     0.470092     0.768462     0.008991
    -0.042000    -0.026000     0.451235     0.768462     0.007434
    -0.042000    -0.026000     0.452949     0.768462     0.003302
    -0.042000    -0.026000     0.454663     0.768462     0.000031
    -0.042000    -0.026000     0.456378     0.768462     0.000726
    -0.042000    -0.026000     0.458092     0.768462     0.004401
    -0.042000    -0.026000     0.459806     0.768462     0.008593
    -0.042000     0.026000     0.451235     0.768462     0.007604
    -0.042000     0.026000     0.452949     0.768462     0.003563
    -0.042000     0.026000     0.454663     0.768462     0.000434
    -0.042000     0.026000     0.456378     0.768462     0.000951
    -0.042000     0.026000     0.458092     0.768462     0.004428
    -0.042000     0.026000     0.459806     0.768462     0.008529
    -0.038000    -0.030000     0.447806     0.768462     0.007437
    -0.038000    -0.030000     0.449520     0.768462     0.006271
    -0.038000    -0.030000     0.451235     0.768462     0.007068
    -0.038000    -0.030000     0.452949     0.768462     0.009463
    -0.038000     0.030000     0.446092     0.768462     0.009515
    -0.038000     0.030000     0.447806     0.768462     0.006756
    -0.038000     0.030000     0.449520     0.768462     0.005504
    -0.038000     0.030000     0.451235     0.768462     0.006335
    -0.038000     0.030000     0.452949     0.768462     0.008828
    -0.034000    -0.038000     0.439235     0.768462     0.008912
    -0.034000    -0.038000     0.440949     0.768462     0.008997
    -0.034000     0.038000     0.439235     0.768462     0.009849
    -0.034000     0.038000     0.440949     0.768462     0.009895
    -0.026000    -0.042000     0.439235     0.768462     0.009377
    -0.026000     0.042000     0.437520     0.768462     0.009568
    -0.026000     0.042000     0.439235     0.768462     0.008821
    -0.026000     0.042000     0.440949     0.768462     0.009778
    -0.022000    -0.046000     0.435806     0.768462     0.009228
    -0.022000    -0.046000     0.437520     0.768462     0.008762
    -0.022000     0.046000     0.435806     0.768462     0.009945
    -0.022000     0.046000     0.437520     0.768462     0.009368
    -0.018000    -0.046000     0.439235     0.768462     0.007924
    -0.018000    -0.046000     0.440949     0.768462     0.007321
    -0.018000    -0.046000     0.442663     0.768462     0.008627
    -0.018000     0.046000     0.439235     0.768462     0.007622
    -0.018000     0.046000     0.440949     0.768462     0.006800
    -0.018000     0.046000     0.442663     0.768462     0.007959
    -0.010000    -0.050000     0.444378     0.768462     0.009966
    -0.006000    -0.050000     0.446092     0.768462     0.009988
    -0.006000    -0.050000     0.447806     0.768462     0.007227
    -0.006000    -0.050000     0.449520     0.768462     0.005927
    -0.006000    -0.050000     0.451235     0.768462     0.006652
    -0.006000    -0.050000     0.452949     0.768462     0.009049
    -0.006000     0.050000     0.447806     0.768462     0.008060
    -0.006000     0.050000     0.449520     0.768462     0.006413
    -0.006000     0.050000     0.451235     0.768462     0.006654
    -0.006000     0.050000     0.452949     0.768462     0.008664
    -0.002000    -0.050000     0.451235     0.768462     0.008030
    -0.002000    -0.050000     0.452949     0.768462     0.005148
    -0.002000    -0.050000     0.454663     0.768462     0.004016
    -0.002000    -0.050000     0.456378     0.768462     0.005327
    -0.002000    -0.050000     0.458092     0.768462     0.008293
    -0.002000     0.050000     0.451235     0.768462     0.008936
    -0.002000     0.050000     0.452949     0.768462     0.005825
    -0.002000     0.050000     0.454663     0.768462     0.004184
    -0.002000     0.050000     0.456378     0.768462     0.004915
    -0.002000     0.050000     0.458092     0.768462     0.007555
     0.002000    -0.050000     0.456378     0.768462     0.007567
     0.002000    -0.050000     0.458092     0.768462     0.004926
     0.002000    -0.050000     0.459806     0.768462     0.004193
     0.002000    -0.050000     0.461520     0.768462     0.005829
     0.002000    -0.050000     0.463235     0.768462     0.008936
     0.002000     0.050000     0.456378     0.768462     0.008293
     0.002000     0.050000     0.458092     0.768462     0.005324
     0.002000     0.050000     0.459806     0.768462     0.004007
     0.002000     0.050000     0.461520     0.768462     0.005137
     0.002000     0.050000     0.463235     0.768462     0.008019
     0.006000    -0.050000     0.461520     0.768462     0.008677
     0.006000    -0.050000     0.463235     0.768462     0.006666
     0.006000    -0.050000     0.464949     0.768462     0.006422
     0.006000    -0.050000     0.466663     0.768462     0.008064
     0.006000     0.050000     0.461520     0.768462     0.009048
     0.006000     0.050000     0.463235     0.768462     0.006647
     0.006000     0.050000     0.464949     0.768462     0.005919
     0.006000     0.050000     0.466663     0.768462     0.007217
     0.006000     0.050000     0.468378     0.768462     0.009978
     0.010000     0.050000     0.470092     0.768462     0.009958
     0.018000    -0.046000     0.471806     0.768462     0.007956
     0.018000    -0.046000     0.473520     0.768462     0.006791
     0.018000    -0.046000     0.475235     0.768462     0.007608
     0.018000     0.046000     0.471806     0.768462     0.008634
     0.018000     0.046000     0.473520     0.768462     0.007325
     0.018000     0.046000     0.475235     0.768462     0.007924
     0.022000    -0.046000     0.476949     0.768462     0.009372
     0.022000    -0.046000     0.478663     0.768462     0.009944
     0.022000     0.046000     0.476949     0.768462     0.008761
     0.022000     0.046000     0.478663     0.768462     0.009224
     0.026000    -0.042000     0.473520     0.768462     0.009770
     0.026000    -0.042000     0.475235     0.768462     0.008808
     0.026000    -0.042000     0.476949     0.768462     0.009550
     0.026000     0.042000     0.475235     0.768462     0.009378
     0.034000    -0.038000     0.473520     0.768462     0.009898
     0.034000    -0.038000     0.475235     0.768462     0.009848
     0.034000     0.038000     0.473520     0.768462     0.008993
     0.034000     0.038000     0.475235     0.768462     0.008902
     0.038000    -0.030000     0.461520     0.768462     0.008827
     0.038000    -0.030000     0.463235     0.768462     0.006327
     0.038000    -0.030000     0.464949     0.768462     0.005489
     0.038000    -0.030000     0.466663     0.768462     0.006737
     0.038000    -0.030000     0.468378     0.768462     0.009495
     0.038000     0.030000     0.461520     0.768462     0.009474
     0.038000     0.030000     0.463235     0.768462     0.007072
     0.038000     0.030000     0.464949     0.768462     0.006265
     0.038000     0.030000     0.466663     0.768462     0.007422
     0.042000    -0.026000     0.454663     0.768462     0.008537
     0.042000    -0.026000     0.456378     0.768462     0.004433
     0.042000    -0.026000     0.458092     0.768462     0.000948
     0.042000    -0.026000     0.459806     0.768462     0.000417
     0.042000    -0.026000     0.461520     0.768462     0.003546
     0.042000    -0.026000     0.463235     0.768462     0.007588
     0.042000     0.026000     0.454663     0.768462     0.008609
     0.042000     0.026000     0.456378     0.768462     0.004412
     0.042000     0.026000     0.458092     0.768462     0.000724
     0.042000     0.026000     0.459806     0.768462     0.000000
     0.042000     0.026000     0.461520     0.768462     0.003271
     0.042000     0.026000     0.463235     0.768462     0.007406
     0.046000    -0.018000     0.444378     0.768462     0.008997
     0.046000    -0.018000     0.446092     0.768462     0.004861
     0.046000    -0.018000     0.447806     0.768462     0.001346
     0.046000    -0.018000     0.449520     0.768462     0.000567
     0.046000    -0.018000     0.451235     0.768462     0.003489
     0.046000    -0.018000     0.452949     0.768462     0.007472
     0.046000     0.018000     0.444378     0.768462     0.009226
     0.046000     0.018000     0.446092     0.768462     0.005075
     0.046000     0.018000     0.447806     0.768462     0.001525
     0.046000     0.018000     0.449520     0.768462     0.000595
     0.046000     0.018000     0.451235     0.768462     0.003416
     0.046000     0.018000     0.452949     0.768462     0.007383
     0.050000    -0.010000     0.439235     0.768462     0.008811
     0.050000    -0.010000     0.440949     0.768462     0.009121
     0.050000    -0.006000     0.435806     0.768462     0.008850
     0.050000    -0.006000     0.437520     0.768462     0.006576
     0.050000    -0.006000     0.439235     0.768462     0.006162
     0.050000    -0.006000     0.440949     0.768462     0.007794
     0.050000    -0.002000     0.435806     0.768462     0.008618
     0.050000    -0.002000     0.437520     0.768462     0.006887
     0.050000    -0.002000     0.439235     0.768462     0.007084
     0.050000    -0.002000     0.440949     0.768462     0.009100
     0.050000     0.002000     0.435806     0.768462     0.008663
     0.050000     0.002000     0.437520     0.768462     0.006925
     0.050000     0.002000     0.439235     0.768462     0.007108
     0.050000     0.002000     0.440949     0.768462     0.009110
     0.050000     0.006000     0.435806     0.768462     0.008949
     0.050000     0.006000     0.437520     0.768462     0.006649
     0.050000     0.006000     0.439235     0.768462     0.006194
     0.050000     0.006000     0.440949     0.768462     0.007788
     0.050000     0.010000     0.439235     0.768462     0.008740
     0.050000     0.010000     0.440949     0.768462     0.008995


    -0.050000    -0.010000     0.473520     0.769231     0.009103
    -0.050000    -0.010000     0.475235     0.769231     0.008808
    -0.050000    -0.006000     0.473520     0.769231     0.007834
    -0.050000    -0.006000     0.475235     0.769231     0.006165
    -0.050000    -0.006000     0.476949     0.769231     0.006581
    -0.050000    -0.006000     0.478663     0.769231     0.008889
    -0.050000    -0.002000     0.473520     0.769231     0.009150
    -0.050000    -0.002000     0.475235     0.769231     0.007070
    -0.050000    -0.002000     0.476949     0.769231     0.006834
    -0.050000    -0.002000     0.478663     0.769231     0.008570
    -0.050000     0.002000     0.473520     0.769231     0.009139
    -0.050000     0.002000     0.475235     0.769231     0.007045
    -0.050000     0.002000     0.476949     0.769231     0.006795
    -0.050000     0.002000     0.478663     0.769231     0.008525
    -0.050000     0.006000     0.473520     0.769231     0.007840
    -0.050000     0.006000     0.475235     0.769231     0.006132
    -0.050000     0.006000     0.476949     0.769231     0.006506
    -0.050000     0.006000     0.478663     0.769231     0.008790
    -0.050000     0.010000     0.473520     0.769231     0.009230
    -0.050000     0.010000     0.475235     0.769231     0.008881
    -0.046000    -0.018000     0.461520     0.769231     0.007539
    -0.046000    -0.018000     0.463235     0.769231     0.003511
    -0.046000    -0.018000     0.464949     0.769231     0.000551
    -0.046000    -0.018000     0.466663     0.769231     0.001470
    -0.046000    -0.018000     0.468378     0.769231     0.005093
    -0.046000    -0.018000     0.470092     0.769231     0.009279
    -0.046000     0.018000     0.461520     0.769231     0.007625
    -0.046000     0.018000     0.463235     0.769231     0.003586
    -0.046000     0.018000     0.464949     0.769231     0.000533
    -0.046000     0.018000     0.466663     0.769231     0.001298
    -0.046000     0.018000     0.468378     0.769231     0.004887
    -0.046000     0.018000     0.470092     0.769231     0.009058
    -0.042000    -0.026000     0.451235     0.769231     0.007556
    -0.042000    -0.026000     0.452949     0.769231     0.003389
    -0.042000    -0.026000     0.454663     0.769231     0.000030
    -0.042000    -0.026000     0.456378     0.769231     0.000771
    -0.042000    -0.026000     0.458092     0.769231     0.004522
    -0.042000    -0.026000     0.459806     0.769231     0.008742
    -0.042000     0.026000     0.451235     0.769231     0.007733
    -0.042000     0.026000     0.452949     0.769231     0.003664
    -0.042000     0.026000     0.454663     0.769231     0.000474
    -0.042000     0.026000     0.456378     0.769231     0.001021
    -0.042000     0.026000     0.458092     0.769231     0.004559
    -0.042000     0.026000     0.459806     0.769231     0.008685
    -0.038000    -0.030000     0.447806     0.769231     0.007436
    -0.038000    -0.030000     0.449520     0.769231     0.006266
    -0.038000    -0.030000     0.451235     0.769231     0.007095
    -0.038000    -0.030000     0.452949     0.769231     0.009534
    -0.038000     0.030000     0.446092     0.769231     0.009534
    -0.038000     0.030000     0.447806     0.769231     0.006747
    -0.038000     0.030000     0.449520     0.769231     0.005487
    -0.038000     0.030000     0.451235     0.769231     0.006355
    -0.038000     0.030000     0.452949     0.769231     0.008898
    -0.034000    -0.038000     0.439235     0.769231     0.008944
    -0.034000    -0.038000     0.440949     0.769231     0.009060
    -0.034000     0.038000     0.439235     0.769231     0.009895
    -0.034000     0.038000     0.440949     0.769231     0.009970
    -0.026000    -0.042000     0.437520     0.769231     0.009947
    -0.026000    -0.042000     0.439235     0.769231     0.009299
    -0.026000     0.042000     0.437520     0.769231     0.009463
    -0.026000     0.042000     0.439235     0.769231     0.008733
    -0.026000     0.042000     0.440949     0.769231     0.009742
    -0.022000    -0.046000     0.435806     0.769231     0.009176
    -0.022000    -0.046000     0.437520     0.769231     0.008738
    -0.022000     0.046000     0.435806     0.769231     0.009908
    -0.022000     0.046000     0.437520     0.769231     0.009356
    -0.018000    -0.046000     0.439235     0.769231     0.007824
    -0.018000    -0.046000     0.440949     0.769231     0.007240
    -0.018000    -0.046000     0.442663     0.769231     0.008608
    -0.018000     0.046000     0.439235     0.769231     0.007515
    -0.018000     0.046000     0.440949     0.769231     0.006706
    -0.018000     0.046000     0.442663     0.769231     0.007928
    -0.006000    -0.050000     0.447806     0.769231     0.007379
    -0.006000    -0.050000     0.449520     0.769231     0.006091
    -0.006000    -0.050000     0.451235     0.769231     0.006834
    -0.006000    -0.050000     0.452949     0.769231     0.009245
    -0.006000     0.050000     0.447806     0.769231     0.008216
    -0.006000     0.050000     0.449520     0.769231     0.006579
    -0.006000     0.050000     0.451235     0.769231     0.006836
    -0.006000     0.050000     0.452949     0.769231     0.008860
    -0.002000    -0.050000     0.451235     0.769231     0.008203
    -0.002000    -0.050000     0.452949     0.769231     0.005322
    -0.002000    -0.050000     0.454663     0.769231     0.004195
    -0.002000    -0.050000     0.456378     0.769231     0.005515
    -0.002000    -0.050000     0.458092     0.769231     0.008486
    -0.002000     0.050000     0.451235     0.769231     0.009112
    -0.002000     0.050000     0.452949     0.769231     0.006002
    -0.002000     0.050000     0.454663     0.769231     0.004364
    -0.002000     0.050000     0.456378     0.769231     0.005102
    -0.002000     0.050000     0.458092     0.769231     0.007747
     0.002000    -0.050000     0.456378     0.769231     0.007759
     0.002000    -0.050000     0.458092     0.769231     0.005113
     0.002000    -0.050000     0.459806     0.769231     0.004373
     0.002000    -0.050000     0.461520     0.769231     0.006005
     0.002000    -0.050000     0.463235     0.769231     0.009112
     0.002000     0.050000     0.456378     0.769231     0.008486
     0.002000     0.050000     0.458092     0.769231     0.005511
     0.002000     0.050000     0.459806     0.769231     0.004186
     0.002000     0.050000     0.461520     0.769231     0.005311
     0.002000     0.050000     0.463235     0.769231     0.008192
     0.006000    -0.050000     0.461520     0.769231     0.008873
     0.006000    -0.050000     0.463235     0.769231     0.006849
     0.006000    -0.050000     0.464949     0.769231     0.006589
     0.006000    -0.050000     0.466663     0.769231     0.008220
     0.006000     0.050000     0.461520     0.769231     0.009244
     0.006000     0.050000     0.463235     0.769231     0.006829
     0.006000     0.050000     0.464949     0.769231     0.006083
     0.006000     0.050000     0.466663     0.769231     0.007369
     0.018000    -0.046000     0.471806     0.769231     0.007925
     0.018000    -0.046000     0.473520     0.769231     0.006697
     0.018000    -0.046000     0.475235     0.769231     0.007500
     0.018000    -0.046000     0.476949     0.769231     0.009989
     0.018000     0.046000     0.471806     0.769231     0.008615
     0.018000     0.046000     0.473520     0.769231     0.007244
     0.018000     0.046000     0.475235     0.769231     0.007824
     0.022000    -0.046000     0.476949     0.769231     0.009360
     0.022000    -0.046000     0.478663     0.769231     0.009908
     0.022000     0.046000     0.476949     0.769231     0.008737
     0.022000     0.046000     0.478663     0.769231     0.009172
     0.026000    -0.042000     0.473520     0.769231     0.009734
     0.026000    -0.042000     0.475235     0.769231     0.008719
     0.026000    -0.042000     0.476949     0.769231     0.009445
     0.026000     0.042000     0.475235     0.769231     0.009301
     0.026000     0.042000     0.476949     0.769231     0.009944
     0.034000    -0.038000     0.473520     0.769231     0.009974
     0.034000    -0.038000     0.475235     0.769231     0.009895
     0.034000     0.038000     0.473520     0.769231     0.009056
     0.034000     0.038000     0.475235     0.769231     0.008934
     0.038000    -0.030000     0.461520     0.769231     0.008897
     0.038000    -0.030000     0.463235     0.769231     0.006348
     0.038000    -0.030000     0.464949     0.769231     0.005472
     0.038000    -0.030000     0.466663     0.769231     0.006728
     0.038000    -0.030000     0.468378     0.769231     0.009514
     0.038000     0.030000     0.461520     0.769231     0.009545
     0.038000     0.030000     0.463235     0.769231     0.007100
     0.038000     0.030000     0.464949     0.769231     0.006260
     0.038000     0.030000     0.466663     0.769231     0.007422
     0.042000    -0.026000     0.454663     0.769231     0.008694
     0.042000    -0.026000     0.456378     0.769231     0.004565
     0.042000    -0.026000     0.458092     0.769231     0.001020
     0.042000    -0.026000     0.459806     0.769231     0.000458
     0.042000    -0.026000     0.461520     0.769231     0.003647
     0.042000    -0.026000     0.463235     0.769231     0.007718
     0.042000     0.026000     0.454663     0.769231     0.008759
     0.042000     0.026000     0.456378     0.769231     0.004535
     0.042000     0.026000     0.458092     0.769231     0.000771
     0.042000     0.026000     0.459806     0.769231     0.000000
     0.042000     0.026000     0.461520     0.769231     0.003358
     0.042000     0.026000     0.463235     0.769231     0.007528
     0.046000    -0.018000     0.444378     0.769231     0.009065
     0.046000    -0.018000     0.446092     0.769231     0.004889
     0.046000    -0.018000     0.447806     0.769231     0.001287
     0.046000    -0.018000     0.449520     0.769231     0.000503
     0.046000    -0.018000     0.451235     0.769231     0.003560
     0.046000    -0.018000     0.452949     0.769231     0.007602
     0.046000     0.018000     0.444378     0.769231     0.009289
     0.046000     0.018000     0.446092     0.769231     0.005098
     0.046000     0.018000     0.447806     0.769231     0.001459
     0.046000     0.018000     0.449520     0.769231     0.000512
     0.046000     0.018000     0.451235     0.769231     0.003475
     0.046000     0.018000     0.452949     0.769231     0.007507
     0.050000    -0.010000     0.439235     0.769231     0.008857
     0.050000    -0.010000     0.440949     0.769231     0.009201
     0.050000    -0.006000     0.435806     0.769231     0.008775
     0.050000    -0.006000     0.437520     0.769231     0.006480
     0.050000    -0.006000     0.439235     0.769231     0.006096
     0.050000    -0.006000     0.440949     0.769231     0.007803
     0.050000    -0.002000     0.435806     0.769231     0.008508
     0.050000    -0.002000     0.437520     0.769231     0.006767
     0.050000    -0.002000     0.439235     0.769231     0.007010
     0.050000    -0.002000     0.440949     0.769231     0.009102
     0.050000     0.002000     0.435806     0.769231     0.008553
     0.050000     0.002000     0.437520     0.769231     0.006805
     0.050000     0.002000     0.439235     0.769231     0.007033
     0.050000     0.002000     0.440949     0.769231     0.009111
     0.050000     0.006000     0.435806     0.769231     0.008873
     0.050000     0.006000     0.437520     0.769231     0.006552
     0.050000     0.006000     0.439235     0.769231     0.006126
     0.050000     0.006000     0.440949     0.769231     0.007793
     0.050000     0.010000     0.439235     0.769231     0.008780
     0.050000     0.010000     0.440949     0.769231     0.009069


    -0.050000    -0.010000     0.473520     0.770000     0.009162
    -0.050000    -0.010000     0.475235     0.770000     0.008834
    -0.050000    -0.006000     0.473520     0.770000     0.007824
    -0.050000    -0.006000     0.475235     0.770000     0.006079
    -0.050000    -0.006000     0.476949     0.770000     0.006465
    -0.050000    -0.006000     0.478663     0.770000     0.008795
    -0.050000    -0.002000     0.473520     0.770000     0.009135
    -0.050000    -0.002000     0.475235     0.770000     0.006977
    -0.050000    -0.002000     0.476949     0.770000     0.006692
    -0.050000    -0.002000     0.478663     0.770000     0.008440
    -0.050000     0.002000     0.473520     0.770000     0.009125
    -0.050000     0.002000     0.475235     0.770000     0.006953
    -0.050000     0.002000     0.476949     0.770000     0.006654
    -0.050000     0.002000     0.478663     0.770000     0.008394
    -0.050000     0.006000     0.473520     0.770000     0.007834
    -0.050000     0.006000     0.475235     0.770000     0.006050
    -0.050000     0.006000     0.476949     0.770000     0.006392
    -0.050000     0.006000     0.478663     0.770000     0.008696
    -0.050000     0.010000     0.473520     0.770000     0.009294
    -0.050000     0.010000     0.475235     0.770000     0.008912
    -0.046000    -0.018000     0.461520     0.770000     0.007650
    -0.046000    -0.018000     0.463235     0.770000     0.003561
    -0.046000    -0.018000     0.464949     0.770000     0.000455
    -0.046000    -0.018000     0.466663     0.770000     0.001390
    -0.046000    -0.018000     0.468378     0.770000     0.005102
    -0.046000    -0.018000     0.470092     0.770000     0.009327
    -0.046000     0.018000     0.461520     0.770000     0.007743
    -0.046000     0.018000     0.463235     0.770000     0.003649
    -0.046000     0.018000     0.464949     0.770000     0.000458
    -0.046000     0.018000     0.466663     0.770000     0.001226
    -0.046000     0.018000     0.468378     0.770000     0.004903
    -0.046000     0.018000     0.470092     0.770000     0.009112
    -0.042000    -0.026000     0.451235     0.770000     0.007666
    -0.042000    -0.026000     0.452949     0.770000     0.003468
    -0.042000    -0.026000     0.454663     0.770000     0.000030
    -0.042000    -0.026000     0.456378     0.770000     0.000816
    -0.042000    -0.026000     0.458092     0.770000     0.004635
    -0.042000    -0.026000     0.459806     0.770000     0.008879
    -0.042000     0.026000     0.451235     0.770000     0.007850
    -0.042000     0.026000     0.452949     0.770000     0.003757
    -0.042000     0.026000     0.454663     0.770000     0.000514
    -0.042000     0.026000     0.456378     0.770000     0.001091
    -0.042000     0.026000     0.458092     0.770000     0.004682
    -0.042000     0.026000     0.459806     0.770000     0.008828
    -0.038000    -0.030000     0.447806     0.770000     0.007420
    -0.038000    -0.030000     0.449520     0.770000     0.006246
    -0.038000    -0.030000     0.451235     0.770000     0.007108
    -0.038000    -0.030000     0.452949     0.770000     0.009591
    -0.038000     0.030000     0.446092     0.770000     0.009538
    -0.038000     0.030000     0.447806     0.770000     0.006724
    -0.038000     0.030000     0.449520     0.770000     0.005456
    -0.038000     0.030000     0.451235     0.770000     0.006362
    -0.038000     0.030000     0.452949     0.770000     0.008954
    -0.034000    -0.038000     0.439235     0.770000     0.008960
    -0.034000    -0.038000     0.440949     0.770000     0.009109
    -0.034000     0.038000     0.439235     0.770000     0.009927
    -0.026000    -0.042000     0.437520     0.770000     0.009831
    -0.026000    -0.042000     0.439235     0.770000     0.009203
    -0.026000     0.042000     0.437520     0.770000     0.009338
    -0.026000     0.042000     0.439235     0.770000     0.008625
    -0.026000     0.042000     0.440949     0.770000     0.009688
    -0.022000    -0.046000     0.435806     0.770000     0.009107
    -0.022000    -0.046000     0.437520     0.770000     0.008697
    -0.022000     0.046000     0.435806     0.770000     0.009855
    -0.022000     0.046000     0.437520     0.770000     0.009328
    -0.018000    -0.046000     0.439235     0.770000     0.007704
    -0.018000    -0.046000     0.440949     0.770000     0.007141
    -0.018000    -0.046000     0.442663     0.770000     0.008572
    -0.018000     0.046000     0.437520     0.770000     0.009906
    -0.018000     0.046000     0.439235     0.770000     0.007387
    -0.018000     0.046000     0.440949     0.770000     0.006593
    -0.018000     0.046000     0.442663     0.770000     0.007880
    -0.006000    -0.050000     0.447806     0.770000     0.007519
    -0.006000    -0.050000     0.449520     0.770000     0.006245
    -0.006000    -0.050000     0.451235     0.770000     0.007005
    -0.006000    -0.050000     0.452949     0.770000     0.009429
    -0.006000     0.050000     0.447806     0.770000     0.008359
    -0.006000     0.050000     0.449520     0.770000     0.006735
    -0.006000     0.050000     0.451235     0.770000     0.007008
    -0.006000     0.050000     0.452949     0.770000     0.009044
    -0.002000    -0.050000     0.451235     0.770000     0.008364
    -0.002000    -0.050000     0.452949     0.770000     0.005487
    -0.002000    -0.050000     0.454663     0.770000     0.004367
    -0.002000    -0.050000     0.456378     0.770000     0.005693
    -0.002000    -0.050000     0.458092     0.770000     0.008667
    -0.002000     0.050000     0.451235     0.770000     0.009275
    -0.002000     0.050000     0.452949     0.770000     0.006168
    -0.002000     0.050000     0.454663     0.770000     0.004537
    -0.002000     0.050000     0.456378     0.770000     0.005280
    -0.002000     0.050000     0.458092     0.770000     0.007928
     0.002000    -0.050000     0.456378     0.770000     0.007940
     0.002000    -0.050000     0.458092     0.770000     0.005292
     0.002000    -0.050000     0.459806     0.770000     0.004546
     0.002000    -0.050000     0.461520     0.770000     0.006172
     0.002000    -0.050000     0.463235     0.770000     0.009275
     0.002000     0.050000     0.456378     0.770000     0.008667
     0.002000     0.050000     0.458092     0.770000     0.005690
     0.002000     0.050000     0.459806     0.770000     0.004359
     0.002000     0.050000     0.461520     0.770000     0.005476
     0.002000     0.050000     0.463235     0.770000     0.008353
     0.006000    -0.050000     0.461520     0.770000     0.009057
     0.006000    -0.050000     0.463235     0.770000     0.007020
     0.006000    -0.050000     0.464949     0.770000     0.006744
     0.006000    -0.050000     0.466663     0.770000     0.008364
     0.006000     0.050000     0.461520     0.770000     0.009428
     0.006000     0.050000     0.463235     0.770000     0.007001
     0.006000     0.050000     0.464949     0.770000     0.006236
     0.006000     0.050000     0.466663     0.770000     0.007509
     0.018000    -0.046000     0.471806     0.770000     0.007877
     0.018000    -0.046000     0.473520     0.770000     0.006583
     0.018000    -0.046000     0.475235     0.770000     0.007373
     0.018000    -0.046000     0.476949     0.770000     0.009889
     0.018000     0.046000     0.471806     0.770000     0.008580
     0.018000     0.046000     0.473520     0.770000     0.007145
     0.018000     0.046000     0.475235     0.770000     0.007704
     0.022000    -0.046000     0.476949     0.770000     0.009332
     0.022000    -0.046000     0.478663     0.770000     0.009854
     0.022000     0.046000     0.476949     0.770000     0.008696
     0.022000     0.046000     0.478663     0.770000     0.009103
     0.026000    -0.042000     0.473520     0.770000     0.009681
     0.026000    -0.042000     0.475235     0.770000     0.008611
     0.026000    -0.042000     0.476949     0.770000     0.009320
     0.026000     0.042000     0.475235     0.770000     0.009204
     0.026000     0.042000     0.476949     0.770000     0.009829
     0.034000    -0.038000     0.475235     0.770000     0.009927
     0.034000     0.038000     0.473520     0.770000     0.009106
     0.034000     0.038000     0.475235     0.770000     0.008951
     0.038000    -0.030000     0.461520     0.770000     0.008954
     0.038000    -0.030000     0.463235     0.770000     0.006355
     0.038000    -0.030000     0.464949     0.770000     0.005442
     0.038000    -0.030000     0.466663     0.770000     0.006705
     0.038000    -0.030000     0.468378     0.770000     0.009519
     0.038000     0.030000     0.461520     0.770000     0.009603
     0.038000     0.030000     0.463235     0.770000     0.007114
     0.038000     0.030000     0.464949     0.770000     0.006241
     0.038000     0.030000     0.466663     0.770000     0.007406
     0.042000    -0.026000     0.454663     0.770000     0.008837
     0.042000    -0.026000     0.456378     0.770000     0.004689
     0.042000    -0.026000     0.458092     0.770000     0.001091
     0.042000    -0.026000     0.459806     0.770000     0.000499
     0.042000    -0.026000     0.461520     0.770000     0.003741
     0.042000    -0.026000     0.463235     0.770000     0.007835
     0.042000     0.026000     0.454663     0.770000     0.008896
     0.042000     0.026000     0.456378     0.770000     0.004648
     0.042000     0.026000     0.458092     0.770000     0.000818
     0.042000     0.026000     0.459806     0.770000     0.000000
     0.042000     0.026000     0.461520     0.770000     0.003439
     0.042000     0.026000     0.463235     0.770000     0.007638
     0.046000    -0.018000     0.444378     0.770000     0.009120
     0.046000    -0.018000     0.446092     0.770000     0.004906
     0.046000    -0.018000     0.447806     0.770000     0.001217
     0.046000    -0.018000     0.449520     0.770000     0.000428
     0.046000    -0.018000     0.451235     0.770000     0.003623
     0.046000    -0.018000     0.452949     0.770000     0.007721
     0.046000     0.018000     0.444378     0.770000     0.009339
     0.046000     0.018000     0.446092     0.770000     0.005108
     0.046000     0.018000     0.447806     0.770000     0.001380
     0.046000     0.018000     0.449520     0.770000     0.000416
     0.046000     0.018000     0.451235     0.770000     0.003525
     0.046000     0.018000     0.452949     0.770000     0.007618
     0.050000    -0.010000     0.439235     0.770000     0.008889
     0.050000    -0.010000     0.440949     0.770000     0.009266
     0.050000    -0.006000     0.435806     0.770000     0.008682
     0.050000    -0.006000     0.437520     0.770000     0.006365
     0.050000    -0.006000     0.439235     0.770000     0.006013
     0.050000    -0.006000     0.440949     0.770000     0.007796
     0.050000    -0.002000     0.435806     0.770000     0.008377
     0.050000    -0.002000     0.437520     0.770000     0.006625
     0.050000    -0.002000     0.439235     0.770000     0.006917
     0.050000    -0.002000     0.440949     0.770000     0.009088
     0.050000     0.002000     0.435806     0.770000     0.008422
     0.050000     0.002000     0.437520     0.770000     0.006663
     0.050000     0.002000     0.439235     0.770000     0.006940
     0.050000     0.002000     0.440949     0.770000     0.009097
     0.050000     0.006000     0.435806     0.770000     0.008778
     0.050000     0.006000     0.437520     0.770000     0.006435
     0.050000     0.006000     0.439235     0.770000     0.006039
     0.050000     0.006000     0.440949     0.770000     0.007782
     0.050000     0.010000     0.439235     0.770000     0.008805
     0.050000     0.010000     0.440949     0.770000     0.009128


    -0.050000    -0.010000     0.473520     0.770769     0.009204
    -0.050000    -0.010000     0.475235     0.770769     0.008841
    -0.050000    -0.006000     0.473520     0.770769     0.007795
    -0.050000    -0.006000     0.475235     0.770769     0.005972
    -0.050000    -0.006000     0.476949     0.770769     0.006325
    -0.050000    -0.006000     0.478663     0.770769     0.008677
    -0.050000    -0.002000     0.473520     0.770769     0.009101
    -0.050000    -0.002000     0.475235     0.770769     0.006863
    -0.050000    -0.002000     0.476949     0.770769     0.006526
    -0.050000    -0.002000     0.478663     0.770769     0.008285
    -0.050000     0.002000     0.473520     0.770769     0.009092
    -0.050000     0.002000     0.475235     0.770769     0.006839
    -0.050000     0.002000     0.476949     0.770769     0.006488
    -0.050000     0.002000     0.478663     0.770769     0.008239
    -0.050000     0.006000     0.473520     0.770769     0.007808
    -0.050000     0.006000     0.475235     0.770769     0.005946
    -0.050000     0.006000     0.476949     0.770769     0.006254
    -0.050000     0.006000     0.478663     0.770769     0.008580
    -0.050000     0.010000     0.473520     0.770769     0.009342
    -0.050000     0.010000     0.475235     0.770769     0.008926
    -0.046000    -0.018000     0.461520     0.770769     0.007746
    -0.046000    -0.018000     0.463235     0.770769     0.003600
    -0.046000    -0.018000     0.464949     0.770769     0.000344
    -0.046000    -0.018000     0.466663     0.770769     0.001294
    -0.046000    -0.018000     0.468378     0.770769     0.005096
    -0.046000    -0.018000     0.470092     0.770769     0.009358
    -0.046000     0.018000     0.461520     0.770769     0.007846
    -0.046000     0.018000     0.463235     0.770769     0.003701
    -0.046000     0.018000     0.464949     0.770769     0.000370
    -0.046000     0.018000     0.466663     0.770769     0.001141
    -0.046000     0.018000     0.468378     0.770769     0.004904
    -0.046000     0.018000     0.470092     0.770769     0.009148
    -0.042000    -0.026000     0.451235     0.770769     0.007760
    -0.042000    -0.026000     0.452949     0.770769     0.003538
    -0.042000    -0.026000     0.454663     0.770769     0.000029
    -0.042000    -0.026000     0.456378     0.770769     0.000859
    -0.042000    -0.026000     0.458092     0.770769     0.004736
    -0.042000    -0.026000     0.459806     0.770769     0.009000
    -0.042000     0.026000     0.451235     0.770769     0.007951
    -0.042000     0.026000     0.452949     0.770769     0.003840
    -0.042000     0.026000     0.454663     0.770769     0.000554
    -0.042000     0.026000     0.456378     0.770769     0.001159
    -0.042000     0.026000     0.458092     0.770769     0.004793
    -0.042000     0.026000     0.459806     0.770769     0.008955
    -0.038000    -0.030000     0.447806     0.770769     0.007386
    -0.038000    -0.030000     0.449520     0.770769     0.006209
    -0.038000    -0.030000     0.451235     0.770769     0.007105
    -0.038000    -0.030000     0.452949     0.770769     0.009630
    -0.038000     0.030000     0.446092     0.770769     0.009523
    -0.038000     0.030000     0.447806     0.770769     0.006682
    -0.038000     0.030000     0.449520     0.770769     0.005408
    -0.038000     0.030000     0.451235     0.770769     0.006352
    -0.038000     0.030000     0.452949     0.770769     0.008992
    -0.034000    -0.038000     0.439235     0.770769     0.008958
    -0.034000    -0.038000     0.440949     0.770769     0.009141
    -0.034000     0.038000     0.439235     0.770769     0.009940
    -0.026000    -0.042000     0.437520     0.770769     0.009692
    -0.026000    -0.042000     0.439235     0.770769     0.009084
    -0.026000     0.042000     0.437520     0.770769     0.009189
    -0.026000     0.042000     0.439235     0.770769     0.008494
    -0.026000     0.042000     0.440949     0.770769     0.009614
    -0.022000    -0.046000     0.435806     0.770769     0.009015
    -0.022000    -0.046000     0.437520     0.770769     0.008636
    -0.022000     0.046000     0.435806     0.770769     0.009780
    -0.022000     0.046000     0.437520     0.770769     0.009279
    -0.018000    -0.046000     0.437520     0.770769     0.009904
    -0.018000    -0.046000     0.439235     0.770769     0.007560
    -0.018000    -0.046000     0.440949     0.770769     0.007019
    -0.018000    -0.046000     0.442663     0.770769     0.008517
    -0.018000     0.046000     0.437520     0.770769     0.009783
    -0.018000     0.046000     0.439235     0.770769     0.007236
    -0.018000     0.046000     0.440949     0.770769     0.006456
    -0.018000     0.046000     0.442663     0.770769     0.007813
    -0.006000    -0.050000     0.447806     0.770769     0.007644
    -0.006000    -0.050000     0.449520     0.770769     0.006385
    -0.006000    -0.050000     0.451235     0.770769     0.007162
    -0.006000    -0.050000     0.452949     0.770769     0.009596
    -0.006000     0.050000     0.447806     0.770769     0.008487
    -0.006000     0.050000     0.449520     0.770769     0.006876
    -0.006000     0.050000     0.451235     0.770769     0.007164
    -0.006000     0.050000     0.452949     0.770769     0.009211
    -0.002000    -0.050000     0.451235     0.770769     0.008510
    -0.002000    -0.050000     0.452949     0.770769     0.005640
    -0.002000    -0.050000     0.454663     0.770769     0.004529
    -0.002000    -0.050000     0.456378     0.770769     0.005859
    -0.002000    -0.050000     0.458092     0.770769     0.008832
    -0.002000     0.050000     0.451235     0.770769     0.009422
    -0.002000     0.050000     0.452949     0.770769     0.006322
    -0.002000     0.050000     0.454663     0.770769     0.004698
    -0.002000     0.050000     0.456378     0.770769     0.005446
    -0.002000     0.050000     0.458092     0.770769     0.008093
     0.002000    -0.050000     0.456378     0.770769     0.008105
     0.002000    -0.050000     0.458092     0.770769     0.005458
     0.002000    -0.050000     0.459806     0.770769     0.004707
     0.002000    -0.050000     0.461520     0.770769     0.006325
     0.002000    -0.050000     0.463235     0.770769     0.009422
     0.002000     0.050000     0.456378     0.770769     0.008832
     0.002000     0.050000     0.458092     0.770769     0.005856
     0.002000     0.050000     0.459806     0.770769     0.004520
     0.002000     0.050000     0.461520     0.770769     0.005629
     0.002000     0.050000     0.463235     0.770769     0.008499
     0.006000    -0.050000     0.461520     0.770769     0.009224
     0.006000    -0.050000     0.463235     0.770769     0.007177
     0.006000    -0.050000     0.464949     0.770769     0.006886
     0.006000    -0.050000     0.466663     0.770769     0.008492
     0.006000     0.050000     0.461520     0.770769     0.009596
     0.006000     0.050000     0.463235     0.770769     0.007157
     0.006000     0.050000     0.464949     0.770769     0.006377
     0.006000     0.050000     0.466663     0.770769     0.007634
     0.018000    -0.046000     0.471806     0.770769     0.007810
     0.018000    -0.046000     0.473520     0.770769     0.006447
     0.018000    -0.046000     0.475235     0.770769     0.007222
     0.018000    -0.046000     0.476949     0.770769     0.009766
     0.018000     0.046000     0.471806     0.770769     0.008525
     0.018000     0.046000     0.473520     0.770769     0.007023
     0.018000     0.046000     0.475235     0.770769     0.007560
     0.018000     0.046000     0.476949     0.770769     0.009901
     0.022000    -0.046000     0.476949     0.770769     0.009284
     0.022000    -0.046000     0.478663     0.770769     0.009779
     0.022000     0.046000     0.476949     0.770769     0.008635
     0.022000     0.046000     0.478663     0.770769     0.009011
     0.026000    -0.042000     0.473520     0.770769     0.009607
     0.026000    -0.042000     0.475235     0.770769     0.008481
     0.026000    -0.042000     0.476949     0.770769     0.009171
     0.026000     0.042000     0.475235     0.770769     0.009086
     0.026000     0.042000     0.476949     0.770769     0.009690
     0.034000    -0.038000     0.475235     0.770769     0.009940
     0.034000     0.038000     0.473520     0.770769     0.009138
     0.034000     0.038000     0.475235     0.770769     0.008949
     0.038000    -0.030000     0.461520     0.770769     0.008993
     0.038000    -0.030000     0.463235     0.770769     0.006346
     0.038000    -0.030000     0.464949     0.770769     0.005394
     0.038000    -0.030000     0.466663     0.770769     0.006664
     0.038000    -0.030000     0.468378     0.770769     0.009504
     0.038000     0.030000     0.461520     0.770769     0.009643
     0.038000     0.030000     0.463235     0.770769     0.007111
     0.038000     0.030000     0.464949     0.770769     0.006205
     0.038000     0.030000     0.466663     0.770769     0.007372
     0.042000    -0.026000     0.454663     0.770769     0.008965
     0.042000    -0.026000     0.456378     0.770769     0.004801
     0.042000    -0.026000     0.458092     0.770769     0.001161
     0.042000    -0.026000     0.459806     0.770769     0.000540
     0.042000    -0.026000     0.461520     0.770769     0.003825
     0.042000    -0.026000     0.463235     0.770769     0.007936
     0.042000     0.026000     0.454663     0.770769     0.009017
     0.042000     0.026000     0.456378     0.770769     0.004751
     0.042000     0.026000     0.458092     0.770769     0.000863
     0.042000     0.026000     0.459806     0.770769     0.000000
     0.042000     0.026000     0.461520     0.770769     0.003509
     0.042000     0.026000     0.463235     0.770769     0.007733
     0.046000    -0.018000     0.444378     0.770769     0.009156
     0.046000    -0.018000     0.446092     0.770769     0.004908
     0.046000    -0.018000     0.447806     0.770769     0.001133
     0.046000    -0.018000     0.449520     0.770769     0.000341
     0.046000    -0.018000     0.451235     0.770769     0.003676
     0.046000    -0.018000     0.452949     0.770769     0.007825
     0.046000     0.018000     0.444378     0.770769     0.009370
     0.046000     0.018000     0.446092     0.770769     0.005103
     0.046000     0.018000     0.447806     0.770769     0.001286
     0.046000     0.018000     0.449520     0.770769     0.000304
     0.046000     0.018000     0.451235     0.770769     0.003565
     0.046000     0.018000     0.452949     0.770769     0.007715
     0.050000    -0.010000     0.439235     0.770769     0.008902
     0.050000    -0.010000     0.440949     0.770769     0.009314
     0.050000    -0.006000     0.435806     0.770769     0.008566
     0.050000    -0.006000     0.437520     0.770769     0.006228
     0.050000    -0.006000     0.439235     0.770769     0.005910
     0.050000    -0.006000     0.440949     0.770769     0.007771
     0.050000    -0.002000     0.435806     0.770769     0.008223
     0.050000    -0.002000     0.437520     0.770769     0.006459
     0.050000    -0.002000     0.439235     0.770769     0.006803
     0.050000    -0.002000     0.440949     0.770769     0.009055
     0.050000     0.002000     0.435806     0.770769     0.008268
     0.050000     0.002000     0.437520     0.770769     0.006497
     0.050000     0.002000     0.439235     0.770769     0.006825
     0.050000     0.002000     0.440949     0.770769     0.009063
     0.050000     0.006000     0.435806     0.770769     0.008661
     0.050000     0.006000     0.437520     0.770769     0.006296
     0.050000     0.006000     0.439235     0.770769     0.005932
     0.050000     0.006000     0.440949     0.770769     0.007754
     0.050000     0.010000     0.439235     0.770769     0.008813
     0.050000     0.010000     0.440949     0.770769     0.009170


    -0.050000    -0.010000     0.473520     0.771538     0.009224
    -0.050000    -0.010000     0.475235     0.771538     0.008826
    -0.050000    -0.006000     0.473520     0.771538     0.007745
    -0.050000    -0.006000     0.475235     0.771538     0.005841
    -0.050000    -0.006000     0.476949     0.771538     0.006159
    -0.050000    -0.006000     0.478663     0.771538     0.008534
    -0.050000    -0.002000     0.473520     0.771538     0.009045
    -0.050000    -0.002000     0.475235     0.771538     0.006723
    -0.050000    -0.002000     0.476949     0.771538     0.006332
    -0.050000    -0.002000     0.478663     0.771538     0.008102
    -0.050000     0.002000     0.473520     0.771538     0.009037
    -0.050000     0.002000     0.475235     0.771538     0.006700
    -0.050000     0.002000     0.476949     0.771538     0.006294
    -0.050000     0.002000     0.478663     0.771538     0.008056
    -0.050000     0.006000     0.473520     0.771538     0.007761
    -0.050000     0.006000     0.475235     0.771538     0.005818
    -0.050000     0.006000     0.476949     0.771538     0.006090
    -0.050000     0.006000     0.478663     0.771538     0.008438
    -0.050000     0.010000     0.473520     0.771538     0.009368
    -0.050000     0.010000     0.475235     0.771538     0.008917
    -0.046000    -0.018000     0.461520     0.771538     0.007823
    -0.046000    -0.018000     0.463235     0.771538     0.003625
    -0.046000    -0.018000     0.464949     0.771538     0.000215
    -0.046000    -0.018000     0.466663     0.771538     0.001180
    -0.046000    -0.018000     0.468378     0.771538     0.005071
    -0.046000    -0.018000     0.470092     0.771538     0.009368
    -0.046000     0.018000     0.461520     0.771538     0.007930
    -0.046000     0.018000     0.463235     0.771538     0.003738
    -0.046000     0.018000     0.464949     0.771538     0.000270
    -0.046000     0.018000     0.466663     0.771538     0.001039
    -0.046000     0.018000     0.468378     0.771538     0.004886
    -0.046000     0.018000     0.470092     0.771538     0.009163
    -0.042000    -0.026000     0.451235     0.771538     0.007835
    -0.042000    -0.026000     0.452949     0.771538     0.003595
    -0.042000    -0.026000     0.454663     0.771538     0.000027
    -0.042000    -0.026000     0.456378     0.771538     0.000898
    -0.042000    -0.026000     0.458092     0.771538     0.004821
    -0.042000    -0.026000     0.459806     0.771538     0.009100
    -0.042000     0.026000     0.451235     0.771538     0.008033
    -0.042000     0.026000     0.452949     0.771538     0.003910
    -0.042000     0.026000     0.454663     0.771538     0.000592
    -0.042000     0.026000     0.456378     0.771538     0.001222
    -0.042000     0.026000     0.458092     0.771538     0.004889
    -0.042000     0.026000     0.459806     0.771538     0.009062
    -0.038000    -0.030000     0.447806     0.771538     0.007330
    -0.038000    -0.030000     0.449520     0.771538     0.006151
    -0.038000    -0.030000     0.451235     0.771538     0.007080
    -0.038000    -0.030000     0.452949     0.771538     0.009649
    -0.038000     0.030000     0.446092     0.771538     0.009486
    -0.038000     0.030000     0.447806     0.771538     0.006619
    -0.038000     0.030000     0.449520     0.771538     0.005340
    -0.038000     0.030000     0.451235     0.771538     0.006322
    -0.038000     0.030000     0.452949     0.771538     0.009010
    -0.034000    -0.038000     0.439235     0.771538     0.008935
    -0.034000    -0.038000     0.440949     0.771538     0.009151
    -0.034000     0.038000     0.439235     0.771538     0.009930
    -0.026000    -0.042000     0.437520     0.771538     0.009526
    -0.026000    -0.042000     0.439235     0.771538     0.008938
    -0.026000     0.042000     0.437520     0.771538     0.009013
    -0.026000     0.042000     0.439235     0.771538     0.008337
    -0.026000     0.042000     0.440949     0.771538     0.009515
    -0.022000    -0.046000     0.435806     0.771538     0.008899
    -0.022000    -0.046000     0.437520     0.771538     0.008551
    -0.022000     0.046000     0.435806     0.771538     0.009680
    -0.022000     0.046000     0.437520     0.771538     0.009207
    -0.018000    -0.046000     0.437520     0.771538     0.009757
    -0.018000    -0.046000     0.439235     0.771538     0.007390
    -0.018000    -0.046000     0.440949     0.771538     0.006872
    -0.018000    -0.046000     0.442663     0.771538     0.008439
    -0.018000     0.046000     0.437520     0.771538     0.009634
    -0.018000     0.046000     0.439235     0.771538     0.007057
    -0.018000     0.046000     0.440949     0.771538     0.006294
    -0.018000     0.046000     0.442663     0.771538     0.007722
    -0.006000    -0.050000     0.447806     0.771538     0.007750
    -0.006000    -0.050000     0.449520     0.771538     0.006507
    -0.006000    -0.050000     0.451235     0.771538     0.007300
    -0.006000    -0.050000     0.452949     0.771538     0.009743
    -0.006000     0.050000     0.447806     0.771538     0.008596
    -0.006000     0.050000     0.449520     0.771538     0.006999
    -0.006000     0.050000     0.451235     0.771538     0.007303
    -0.006000     0.050000     0.452949     0.771538     0.009359
    -0.002000    -0.050000     0.451235     0.771538     0.008635
    -0.002000    -0.050000     0.452949     0.771538     0.005776
    -0.002000    -0.050000     0.454663     0.771538     0.004675
    -0.002000    -0.050000     0.456378     0.771538     0.006008
    -0.002000    -0.050000     0.458092     0.771538     0.008977
    -0.002000     0.050000     0.451235     0.771538     0.009548
    -0.002000     0.050000     0.452949     0.771538     0.006458
    -0.002000     0.050000     0.454663     0.771538     0.004845
    -0.002000     0.050000     0.456378     0.771538     0.005595
    -0.002000     0.050000     0.458092     0.771538     0.008239
     0.002000    -0.050000     0.456378     0.771538     0.008251
     0.002000    -0.050000     0.458092     0.771538     0.005607
     0.002000    -0.050000     0.459806     0.771538     0.004853
     0.002000    -0.050000     0.461520     0.771538     0.006461
     0.002000    -0.050000     0.463235     0.771538     0.009548
     0.002000     0.050000     0.456378     0.771538     0.008978
     0.002000     0.050000     0.458092     0.771538     0.006004
     0.002000     0.050000     0.459806     0.771538     0.004667
     0.002000     0.050000     0.461520     0.771538     0.005765
     0.002000     0.050000     0.463235     0.771538     0.008624
     0.006000    -0.050000     0.461520     0.771538     0.009372
     0.006000    -0.050000     0.463235     0.771538     0.007315
     0.006000    -0.050000     0.464949     0.771538     0.007009
     0.006000    -0.050000     0.466663     0.771538     0.008601
     0.006000     0.050000     0.461520     0.771538     0.009742
     0.006000     0.050000     0.463235     0.771538     0.007296
     0.006000     0.050000     0.464949     0.771538     0.006499
     0.006000     0.050000     0.466663     0.771538     0.007740
     0.018000    -0.046000     0.471806     0.771538     0.007719
     0.018000    -0.046000     0.473520     0.771538     0.006285
     0.018000    -0.046000     0.475235     0.771538     0.007043
     0.018000    -0.046000     0.476949     0.771538     0.009617
     0.018000     0.046000     0.471806     0.771538     0.008446
     0.018000     0.046000     0.473520     0.771538     0.006876
     0.018000     0.046000     0.475235     0.771538     0.007390
     0.018000     0.046000     0.476949     0.771538     0.009754
     0.022000    -0.046000     0.476949     0.771538     0.009213
     0.022000    -0.046000     0.478663     0.771538     0.009680
     0.022000     0.046000     0.476949     0.771538     0.008550
     0.022000     0.046000     0.478663     0.771538     0.008895
     0.026000    -0.042000     0.473520     0.771538     0.009508
     0.026000    -0.042000     0.475235     0.771538     0.008324
     0.026000    -0.042000     0.476949     0.771538     0.008994
     0.026000     0.042000     0.475235     0.771538     0.008941
     0.026000     0.042000     0.476949     0.771538     0.009524
     0.034000    -0.038000     0.475235     0.771538     0.009931
     0.034000     0.038000     0.473520     0.771538     0.009148
     0.034000     0.038000     0.475235     0.771538     0.008925
     0.038000    -0.030000     0.461520     0.771538     0.009011
     0.038000    -0.030000     0.463235     0.771538     0.006317
     0.038000    -0.030000     0.464949     0.771538     0.005326
     0.038000    -0.030000     0.466663     0.771538     0.006601
     0.038000    -0.030000     0.468378     0.771538     0.009467
     0.038000     0.030000     0.461520     0.771538     0.009662
     0.038000     0.030000     0.463235     0.771538     0.007087
     0.038000     0.030000     0.464949     0.771538     0.006147
     0.038000     0.030000     0.466663     0.771538     0.007317
     0.042000    -0.026000     0.454663     0.771538     0.009073
     0.042000    -0.026000     0.456378     0.771538     0.004898
     0.042000    -0.026000     0.458092     0.771538     0.001226
     0.042000    -0.026000     0.459806     0.771538     0.000580
     0.042000    -0.026000     0.461520     0.771538     0.003896
     0.042000    -0.026000     0.463235     0.771538     0.008019
     0.042000     0.026000     0.454663     0.771538     0.009119
     0.042000     0.026000     0.456378     0.771538     0.004838
     0.042000     0.026000     0.458092     0.771538     0.000904
     0.042000     0.026000     0.459806     0.771538     0.000000
     0.042000     0.026000     0.461520     0.771538     0.003567
     0.042000     0.026000     0.463235     0.771538     0.007809
     0.046000    -0.018000     0.444378     0.771538     0.009172
     0.046000    -0.018000     0.446092     0.771538     0.004892
     0.046000    -0.018000     0.447806     0.771538     0.001032
     0.046000    -0.018000     0.449520     0.771538     0.000240
     0.046000    -0.018000     0.451235     0.771538     0.003714
     0.046000    -0.018000     0.452949     0.771538     0.007909
     0.046000     0.018000     0.444378     0.771538     0.009381
     0.046000     0.018000     0.446092     0.771538     0.005080
     0.046000     0.018000     0.447806     0.771538     0.001174
     0.046000     0.018000     0.449520     0.771538     0.000175
     0.046000     0.018000     0.451235     0.771538     0.003590
     0.046000     0.018000     0.452949     0.771538     0.007792
     0.050000    -0.010000     0.439235     0.771538     0.008895
     0.050000    -0.010000     0.440949     0.771538     0.009340
     0.050000    -0.006000     0.435806     0.771538     0.008424
     0.050000    -0.006000     0.437520     0.771538     0.006063
     0.050000    -0.006000     0.439235     0.771538     0.005782
     0.050000    -0.006000     0.440949     0.771538     0.007724
     0.050000    -0.002000     0.435806     0.771538     0.008040
     0.050000    -0.002000     0.437520     0.771538     0.006265
     0.050000    -0.002000     0.439235     0.771538     0.006664
     0.050000    -0.002000     0.440949     0.771538     0.009000
     0.050000     0.002000     0.435806     0.771538     0.008085
     0.050000     0.002000     0.437520     0.771538     0.006302
     0.050000     0.002000     0.439235     0.771538     0.006685
     0.050000     0.002000     0.440949     0.771538     0.009007
     0.050000     0.006000     0.435806     0.771538     0.008518
     0.050000     0.006000     0.437520     0.771538     0.006130
     0.050000     0.006000     0.439235     0.771538     0.005800
     0.050000     0.006000     0.440949     0.771538     0.007703
     0.050000     0.010000     0.439235     0.771538     0.008799
     0.050000     0.010000     0.440949     0.771538     0.009190


    -0.050000    -0.010000     0.473520     0.772308     0.009219
    -0.050000    -0.010000     0.475235     0.772308     0.008787
    -0.050000    -0.006000     0.473520     0.772308     0.007668
    -0.050000    -0.006000     0.475235     0.772308     0.005681
    -0.050000    -0.006000     0.476949     0.772308     0.005962
    -0.050000    -0.006000     0.478663     0.772308     0.008361
    -0.050000    -0.002000     0.473520     0.772308     0.008962
    -0.050000    -0.002000     0.475235     0.772308     0.006554
    -0.050000    -0.002000     0.476949     0.772308     0.006105
    -0.050000    -0.002000     0.478663     0.772308     0.007888
    -0.050000     0.002000     0.473520     0.772308     0.008955
    -0.050000     0.002000     0.475235     0.772308     0.006532
    -0.050000     0.002000     0.476949     0.772308     0.006067
    -0.050000     0.002000     0.478663     0.772308     0.007842
    -0.050000     0.006000     0.473520     0.772308     0.007689
    -0.050000     0.006000     0.475235     0.772308     0.005663
    -0.050000     0.006000     0.476949     0.772308     0.005896
    -0.050000     0.006000     0.478663     0.772308     0.008266
    -0.050000     0.010000     0.473520     0.772308     0.009370
    -0.050000     0.010000     0.475235     0.772308     0.008884
    -0.046000    -0.018000     0.461520     0.772308     0.007877
    -0.046000    -0.018000     0.463235     0.772308     0.003632
    -0.046000    -0.018000     0.464949     0.772308     0.000069
    -0.046000    -0.018000     0.466663     0.772308     0.001046
    -0.046000    -0.018000     0.468378     0.772308     0.005024
    -0.046000    -0.018000     0.470092     0.772308     0.009352
    -0.046000     0.018000     0.461520     0.772308     0.007991
    -0.046000     0.018000     0.463235     0.772308     0.003758
    -0.046000     0.018000     0.464949     0.772308     0.000155
    -0.046000     0.018000     0.466663     0.772308     0.000919
    -0.046000     0.018000     0.468378     0.772308     0.004848
    -0.046000     0.018000     0.470092     0.772308     0.009153
    -0.042000    -0.026000     0.451235     0.772308     0.007888
    -0.042000    -0.026000     0.452949     0.772308     0.003634
    -0.042000    -0.026000     0.454663     0.772308     0.000025
    -0.042000    -0.026000     0.456378     0.772308     0.000931
    -0.042000    -0.026000     0.458092     0.772308     0.004888
    -0.042000    -0.026000     0.459806     0.772308     0.009177
    -0.042000     0.026000     0.451235     0.772308     0.008092
    -0.042000     0.026000     0.452949     0.772308     0.003962
    -0.042000     0.026000     0.454663     0.772308     0.000626
    -0.042000     0.026000     0.456378     0.772308     0.001278
    -0.042000     0.026000     0.458092     0.772308     0.004966
    -0.042000     0.026000     0.459806     0.772308     0.009146
    -0.038000    -0.030000     0.447806     0.772308     0.007250
    -0.038000    -0.030000     0.449520     0.772308     0.006069
    -0.038000    -0.030000     0.451235     0.772308     0.007032
    -0.038000    -0.030000     0.452949     0.772308     0.009642
    -0.038000     0.030000     0.446092     0.772308     0.009423
    -0.038000     0.030000     0.447806     0.772308     0.006531
    -0.038000     0.030000     0.449520     0.772308     0.005247
    -0.038000     0.030000     0.451235     0.772308     0.006269
    -0.038000     0.030000     0.452949     0.772308     0.009004
    -0.034000    -0.038000     0.439235     0.772308     0.008886
    -0.034000    -0.038000     0.440949     0.772308     0.009136
    -0.034000     0.038000     0.439235     0.772308     0.009895
    -0.026000    -0.042000     0.437520     0.772308     0.009329
    -0.026000    -0.042000     0.439235     0.772308     0.008764
    -0.026000     0.042000     0.437520     0.772308     0.008805
    -0.026000     0.042000     0.439235     0.772308     0.008149
    -0.026000     0.042000     0.440949     0.772308     0.009388
    -0.022000    -0.046000     0.435806     0.772308     0.008755
    -0.022000    -0.046000     0.437520     0.772308     0.008439
    -0.022000    -0.046000     0.439235     0.772308     0.009995
    -0.022000     0.046000     0.435806     0.772308     0.009552
    -0.022000     0.046000     0.437520     0.772308     0.009108
    -0.018000    -0.046000     0.437520     0.772308     0.009579
    -0.018000    -0.046000     0.439235     0.772308     0.007189
    -0.018000    -0.046000     0.440949     0.772308     0.006696
    -0.018000    -0.046000     0.442663     0.772308     0.008334
    -0.018000     0.046000     0.437520     0.772308     0.009456
    -0.018000     0.046000     0.439235     0.772308     0.006848
    -0.018000     0.046000     0.440949     0.772308     0.006101
    -0.018000     0.046000     0.442663     0.772308     0.007604
    -0.006000    -0.050000     0.447806     0.772308     0.007834
    -0.006000    -0.050000     0.449520     0.772308     0.006608
    -0.006000    -0.050000     0.451235     0.772308     0.007416
    -0.006000    -0.050000     0.452949     0.772308     0.009866
    -0.006000     0.050000     0.447806     0.772308     0.008681
    -0.006000     0.050000     0.449520     0.772308     0.007101
    -0.006000     0.050000     0.451235     0.772308     0.007419
    -0.006000     0.050000     0.452949     0.772308     0.009482
    -0.002000    -0.050000     0.451235     0.772308     0.008738
    -0.002000    -0.050000     0.452949     0.772308     0.005891
    -0.002000    -0.050000     0.454663     0.772308     0.004803
    -0.002000    -0.050000     0.456378     0.772308     0.006136
    -0.002000    -0.050000     0.458092     0.772308     0.009099
    -0.002000     0.050000     0.451235     0.772308     0.009651
    -0.002000     0.050000     0.452949     0.772308     0.006572
    -0.002000     0.050000     0.454663     0.772308     0.004972
    -0.002000     0.050000     0.456378     0.772308     0.005725
    -0.002000     0.050000     0.458092     0.772308     0.008362
     0.002000    -0.050000     0.456378     0.772308     0.008374
     0.002000    -0.050000     0.458092     0.772308     0.005737
     0.002000    -0.050000     0.459806     0.772308     0.004981
     0.002000    -0.050000     0.461520     0.772308     0.006576
     0.002000    -0.050000     0.463235     0.772308     0.009651
     0.002000     0.050000     0.456378     0.772308     0.009100
     0.002000     0.050000     0.458092     0.772308     0.006133
     0.002000     0.050000     0.459806     0.772308     0.004795
     0.002000     0.050000     0.461520     0.772308     0.005880
     0.002000     0.050000     0.463235     0.772308     0.008727
     0.006000    -0.050000     0.461520     0.772308     0.009495
     0.006000    -0.050000     0.463235     0.772308     0.007432
     0.006000    -0.050000     0.464949     0.772308     0.007110
     0.006000    -0.050000     0.466663     0.772308     0.008686
     0.006000     0.050000     0.461520     0.772308     0.009865
     0.006000     0.050000     0.463235     0.772308     0.007412
     0.006000     0.050000     0.464949     0.772308     0.006600
     0.006000     0.050000     0.466663     0.772308     0.007823
     0.018000    -0.046000     0.471806     0.772308     0.007602
     0.018000    -0.046000     0.473520     0.772308     0.006092
     0.018000    -0.046000     0.475235     0.772308     0.006833
     0.018000    -0.046000     0.476949     0.772308     0.009438
     0.018000     0.046000     0.471806     0.772308     0.008342
     0.018000     0.046000     0.473520     0.772308     0.006700
     0.018000     0.046000     0.475235     0.772308     0.007189
     0.018000     0.046000     0.476949     0.772308     0.009576
     0.022000    -0.046000     0.476949     0.772308     0.009114
     0.022000    -0.046000     0.478663     0.772308     0.009553
     0.022000     0.046000     0.475235     0.772308     0.009997
     0.022000     0.046000     0.476949     0.772308     0.008439
     0.022000     0.046000     0.478663     0.772308     0.008750
     0.026000    -0.042000     0.473520     0.772308     0.009382
     0.026000    -0.042000     0.475235     0.772308     0.008136
     0.026000    -0.042000     0.476949     0.772308     0.008787
     0.026000     0.042000     0.475235     0.772308     0.008766
     0.026000     0.042000     0.476949     0.772308     0.009327
     0.034000    -0.038000     0.475235     0.772308     0.009897
     0.034000     0.038000     0.473520     0.772308     0.009134
     0.034000     0.038000     0.475235     0.772308     0.008876
     0.038000    -0.030000     0.461520     0.772308     0.009005
     0.038000    -0.030000     0.463235     0.772308     0.006265
     0.038000    -0.030000     0.464949     0.772308     0.005234
     0.038000    -0.030000     0.466663     0.772308     0.006513
     0.038000    -0.030000     0.468378     0.772308     0.009404
     0.038000     0.030000     0.461520     0.772308     0.009656
     0.038000     0.030000     0.463235     0.772308     0.007040
     0.038000     0.030000     0.464949     0.772308     0.006066
     0.038000     0.030000     0.466663     0.772308     0.007237
     0.038000     0.030000     0.468378     0.772308     0.009985
     0.042000    -0.026000     0.454663     0.772308     0.009157
     0.042000    -0.026000     0.456378     0.772308     0.004976
     0.042000    -0.026000     0.458092     0.772308     0.001284
     0.042000    -0.026000     0.459806     0.772308     0.000616
     0.042000    -0.026000     0.461520     0.772308     0.003948
     0.042000    -0.026000     0.463235     0.772308     0.008078
     0.042000     0.026000     0.454663     0.772308     0.009196
     0.042000     0.026000     0.456378     0.772308     0.004906
     0.042000     0.026000     0.458092     0.772308     0.000940
     0.042000     0.026000     0.459806     0.772308     0.000000
     0.042000     0.026000     0.461520     0.772308     0.003607
     0.042000     0.026000     0.463235     0.772308     0.007862
     0.046000    -0.018000     0.444378     0.772308     0.009163
     0.046000    -0.018000     0.446092     0.772308     0.004854
     0.046000    -0.018000     0.447806     0.772308     0.000914
     0.046000    -0.018000     0.449520     0.772308     0.000126
     0.046000    -0.018000     0.451235     0.772308     0.003735
     0.046000    -0.018000     0.452949     0.772308     0.007971
     0.046000     0.018000     0.444378     0.772308     0.009366
     0.046000     0.018000     0.446092     0.772308     0.005034
     0.046000     0.018000     0.447806     0.772308     0.001042
     0.046000     0.018000     0.449520     0.772308     0.000028
     0.046000     0.018000     0.451235     0.772308     0.003598
     0.046000     0.018000     0.452949     0.772308     0.007847
     0.050000    -0.010000     0.439235     0.772308     0.008862
     0.050000    -0.010000     0.440949     0.772308     0.009342
     0.050000    -0.006000     0.435806     0.772308     0.008253
     0.050000    -0.006000     0.437520     0.772308     0.005869
     0.050000    -0.006000     0.439235     0.772308     0.005626
     0.050000    -0.006000     0.440949     0.772308     0.007651
     0.050000    -0.002000     0.435806     0.772308     0.007826
     0.050000    -0.002000     0.437520     0.772308     0.006038
     0.050000    -0.002000     0.439235     0.772308     0.006495
     0.050000    -0.002000     0.440949     0.772308     0.008918
     0.050000     0.002000     0.435806     0.772308     0.007871
     0.050000     0.002000     0.437520     0.772308     0.006076
     0.050000     0.002000     0.439235     0.772308     0.006516
     0.050000     0.002000     0.440949     0.772308     0.008924
     0.050000     0.006000     0.435806     0.772308     0.008346
     0.050000     0.006000     0.437520     0.772308     0.005933
     0.050000     0.006000     0.439235     0.772308     0.005641
     0.050000     0.006000     0.440949     0.772308     0.007627
     0.050000     0.010000     0.439235     0.772308     0.008760
     0.050000     0.010000     0.440949     0.772308     0.009186


    -0.050000    -0.010000     0.473520     0.773077     0.009323
    -0.050000    -0.010000     0.475235     0.773077     0.008854
    -0.050000    -0.006000     0.473520     0.773077     0.007699
    -0.050000    -0.006000     0.475235     0.773077     0.005626
    -0.050000    -0.006000     0.476949     0.773077     0.005868
    -0.050000    -0.006000     0.478663     0.773077     0.008291
    -0.050000    -0.002000     0.473520     0.773077     0.008985
    -0.050000    -0.002000     0.475235     0.773077     0.006489
    -0.050000    -0.002000     0.476949     0.773077     0.005978
    -0.050000    -0.002000     0.478663     0.773077     0.007774
    -0.050000     0.002000     0.473520     0.773077     0.008979
    -0.050000     0.002000     0.475235     0.773077     0.006468
    -0.050000     0.002000     0.476949     0.773077     0.005941
    -0.050000     0.002000     0.478663     0.773077     0.007728
    -0.050000     0.006000     0.473520     0.773077     0.007724
    -0.050000     0.006000     0.475235     0.773077     0.005612
    -0.050000     0.006000     0.476949     0.773077     0.005804
    -0.050000     0.006000     0.478663     0.773077     0.008198
    -0.050000     0.010000     0.473520     0.773077     0.009479
    -0.050000     0.010000     0.475235     0.773077     0.008958
    -0.046000    -0.018000     0.461520     0.773077     0.008040
    -0.046000    -0.018000     0.463235     0.773077     0.003754
    -0.046000    -0.018000     0.464949     0.773077     0.000041
    -0.046000    -0.018000     0.466663     0.773077     0.001027
    -0.046000    -0.018000     0.468378     0.773077     0.005089
    -0.046000    -0.018000     0.470092     0.773077     0.009445
    -0.046000     0.018000     0.461520     0.773077     0.008162
    -0.046000     0.018000     0.463235     0.773077     0.003894
    -0.046000     0.018000     0.464949     0.773077     0.000163
    -0.046000     0.018000     0.466663     0.773077     0.000917
    -0.046000     0.018000     0.468378     0.773077     0.004921
    -0.046000     0.018000     0.470092     0.773077     0.009252
    -0.042000    -0.026000     0.451235     0.773077     0.008050
    -0.042000    -0.026000     0.452949     0.773077     0.003790
    -0.042000    -0.026000     0.454663     0.773077     0.000159
    -0.042000    -0.026000     0.456378     0.773077     0.001092
    -0.042000    -0.026000     0.458092     0.773077     0.005069
    -0.042000    -0.026000     0.459806     0.773077     0.009362
    -0.042000     0.026000     0.451235     0.773077     0.008260
    -0.042000     0.026000     0.452949     0.773077     0.004129
    -0.042000     0.026000     0.454663     0.773077     0.000790
    -0.042000     0.026000     0.456378     0.773077     0.001460
    -0.042000     0.026000     0.458092     0.773077     0.005157
    -0.042000     0.026000     0.459806     0.773077     0.009338
    -0.038000    -0.030000     0.447806     0.773077     0.007276
    -0.038000    -0.030000     0.449520     0.773077     0.006095
    -0.038000    -0.030000     0.451235     0.773077     0.007093
    -0.038000    -0.030000     0.452949     0.773077     0.009743
    -0.038000     0.030000     0.446092     0.773077     0.009466
    -0.038000     0.030000     0.447806     0.773077     0.006550
    -0.038000     0.030000     0.449520     0.773077     0.005263
    -0.038000     0.030000     0.451235     0.773077     0.006325
    -0.038000     0.030000     0.452949     0.773077     0.009105
    -0.034000    -0.038000     0.439235     0.773077     0.008943
    -0.034000    -0.038000     0.440949     0.773077     0.009229
    -0.034000     0.038000     0.439235     0.773077     0.009967
    -0.026000    -0.042000     0.437520     0.773077     0.009234
    -0.026000    -0.042000     0.439235     0.773077     0.008691
    -0.026000     0.042000     0.437520     0.773077     0.008698
    -0.026000     0.042000     0.439235     0.773077     0.008064
    -0.026000     0.042000     0.440949     0.773077     0.009366
    -0.022000    -0.046000     0.435806     0.773077     0.008714
    -0.022000    -0.046000     0.437520     0.773077     0.008433
    -0.022000     0.046000     0.435806     0.773077     0.009529
    -0.022000     0.046000     0.437520     0.773077     0.009115
    -0.018000    -0.046000     0.437520     0.773077     0.009504
    -0.018000    -0.046000     0.439235     0.773077     0.007089
    -0.018000    -0.046000     0.440949     0.773077     0.006622
    -0.018000    -0.046000     0.442663     0.773077     0.008334
    -0.018000     0.046000     0.437520     0.773077     0.009379
    -0.018000     0.046000     0.439235     0.773077     0.006739
    -0.018000     0.046000     0.440949     0.773077     0.006011
    -0.018000     0.046000     0.442663     0.773077     0.007591
    -0.006000    -0.050000     0.447806     0.773077     0.008027
    -0.006000    -0.050000     0.449520     0.773077     0.006820
    -0.006000    -0.050000     0.451235     0.773077     0.007642
    -0.006000     0.050000     0.447806     0.773077     0.008875
    -0.006000     0.050000     0.449520     0.773077     0.007312
    -0.006000     0.050000     0.451235     0.773077     0.007645
    -0.006000     0.050000     0.452949     0.773077     0.009713
    -0.002000    -0.050000     0.451235     0.773077     0.008949
    -0.002000    -0.050000     0.452949     0.773077     0.006119
    -0.002000    -0.050000     0.454663     0.773077     0.005044
    -0.002000    -0.050000     0.456378     0.773077     0.006375
    -0.002000    -0.050000     0.458092     0.773077     0.009329
    -0.002000     0.050000     0.451235     0.773077     0.009862
    -0.002000     0.050000     0.452949     0.773077     0.006798
    -0.002000     0.050000     0.454663     0.773077     0.005212
    -0.002000     0.050000     0.456378     0.773077     0.005966
    -0.002000     0.050000     0.458092     0.773077     0.008594
     0.002000    -0.050000     0.456378     0.773077     0.008606
     0.002000    -0.050000     0.458092     0.773077     0.005978
     0.002000    -0.050000     0.459806     0.773077     0.005221
     0.002000    -0.050000     0.461520     0.773077     0.006801
     0.002000    -0.050000     0.463235     0.773077     0.009861
     0.002000     0.050000     0.456378     0.773077     0.009330
     0.002000     0.050000     0.458092     0.773077     0.006372
     0.002000     0.050000     0.459806     0.773077     0.005036
     0.002000     0.050000     0.461520     0.773077     0.006108
     0.002000     0.050000     0.463235     0.773077     0.008938
     0.006000    -0.050000     0.461520     0.773077     0.009727
     0.006000    -0.050000     0.463235     0.773077     0.007658
     0.006000    -0.050000     0.464949     0.773077     0.007322
     0.006000    -0.050000     0.466663     0.773077     0.008880
     0.006000     0.050000     0.463235     0.773077     0.007638
     0.006000     0.050000     0.464949     0.773077     0.006812
     0.006000     0.050000     0.466663     0.773077     0.008016
     0.018000    -0.046000     0.471806     0.773077     0.007590
     0.018000    -0.046000     0.473520     0.773077     0.006002
     0.018000    -0.046000     0.475235     0.773077     0.006724
     0.018000    -0.046000     0.476949     0.773077     0.009362
     0.018000     0.046000     0.471806     0.773077     0.008342
     0.018000     0.046000     0.473520     0.773077     0.006627
     0.018000     0.046000     0.475235     0.773077     0.007089
     0.018000     0.046000     0.476949     0.773077     0.009501
     0.022000    -0.046000     0.476949     0.773077     0.009121
     0.022000    -0.046000     0.478663     0.773077     0.009529
     0.022000     0.046000     0.476949     0.773077     0.008432
     0.022000     0.046000     0.478663     0.773077     0.008709
     0.026000    -0.042000     0.473520     0.773077     0.009360
     0.026000    -0.042000     0.475235     0.773077     0.008051
     0.026000    -0.042000     0.476949     0.773077     0.008680
     0.026000     0.042000     0.475235     0.773077     0.008694
     0.026000     0.042000     0.476949     0.773077     0.009231
     0.034000    -0.038000     0.475235     0.773077     0.009969
     0.034000     0.038000     0.473520     0.773077     0.009227
     0.034000     0.038000     0.475235     0.773077     0.008934
     0.038000    -0.030000     0.461520     0.773077     0.009108
     0.038000    -0.030000     0.463235     0.773077     0.006322
     0.038000    -0.030000     0.464949     0.773077     0.005251
     0.038000    -0.030000     0.466663     0.773077     0.006533
     0.038000    -0.030000     0.468378     0.773077     0.009448
     0.038000     0.030000     0.461520     0.773077     0.009758
     0.038000     0.030000     0.463235     0.773077     0.007101
     0.038000     0.030000     0.464949     0.773077     0.006093
     0.038000     0.030000     0.466663     0.773077     0.007264
     0.042000    -0.026000     0.454663     0.773077     0.009350
     0.042000    -0.026000     0.456378     0.773077     0.005168
     0.042000    -0.026000     0.458092     0.773077     0.001467
     0.042000    -0.026000     0.459806     0.773077     0.000782
     0.042000    -0.026000     0.461520     0.773077     0.004116
     0.042000    -0.026000     0.463235     0.773077     0.008247
     0.042000     0.026000     0.454663     0.773077     0.009382
     0.042000     0.026000     0.456378     0.773077     0.005087
     0.042000     0.026000     0.458092     0.773077     0.001102
     0.042000     0.026000     0.459806     0.773077     0.000135
     0.042000     0.026000     0.461520     0.773077     0.003764
     0.042000     0.026000     0.463235     0.773077     0.008024
     0.046000    -0.018000     0.444378     0.773077     0.009262
     0.046000    -0.018000     0.446092     0.773077     0.004928
     0.046000    -0.018000     0.447806     0.773077     0.000913
     0.046000    -0.018000     0.449520     0.773077     0.000134
     0.046000    -0.018000     0.451235     0.773077     0.003871
     0.046000    -0.018000     0.452949     0.773077     0.008142
     0.046000     0.018000     0.444378     0.773077     0.009459
     0.046000     0.018000     0.446092     0.773077     0.005100
     0.046000     0.018000     0.447806     0.773077     0.001025
     0.046000     0.018000     0.449520     0.773077     0.000000
     0.046000     0.018000     0.451235     0.773077     0.003721
     0.046000     0.018000     0.452949     0.773077     0.008011
     0.050000    -0.010000     0.439235     0.773077     0.008936
     0.050000    -0.010000     0.440949     0.773077     0.009452
     0.050000    -0.006000     0.435806     0.773077     0.008185
     0.050000    -0.006000     0.437520     0.773077     0.005777
     0.050000    -0.006000     0.439235     0.773077     0.005575
     0.050000    -0.006000     0.440949     0.773077     0.007686
     0.050000    -0.002000     0.435806     0.773077     0.007713
     0.050000    -0.002000     0.437520     0.773077     0.005912
     0.050000    -0.002000     0.439235     0.773077     0.006431
     0.050000    -0.002000     0.440949     0.773077     0.008942
     0.050000     0.002000     0.435806     0.773077     0.007758
     0.050000     0.002000     0.437520     0.773077     0.005949
     0.050000     0.002000     0.439235     0.773077     0.006451
     0.050000     0.002000     0.440949     0.773077     0.008947
     0.050000     0.006000     0.435806     0.773077     0.008276
     0.050000     0.006000     0.437520     0.773077     0.005838
     0.050000     0.006000     0.439235     0.773077     0.005586
     0.050000     0.006000     0.440949     0.773077     0.007658
     0.050000     0.010000     0.439235     0.773077     0.008828
     0.050000     0.010000     0.440949     0.773077     0.009290


    -0.050000    -0.010000     0.473520     0.773846     0.009438
    -0.050000    -0.010000     0.475235     0.773846     0.008934
    -0.050000    -0.006000     0.473520     0.773846     0.007742
    -0.050000    -0.006000     0.475235     0.773846     0.005581
    -0.050000    -0.006000     0.476949     0.773846     0.005780
    -0.050000    -0.006000     0.478663     0.773846     0.008228
    -0.050000    -0.002000     0.473520     0.773846     0.009019
    -0.050000    -0.002000     0.475235     0.773846     0.006432
    -0.050000    -0.002000     0.476949     0.773846     0.005856
    -0.050000    -0.002000     0.478663     0.773846     0.007666
    -0.050000     0.002000     0.473520     0.773846     0.009013
    -0.050000     0.002000     0.475235     0.773846     0.006412
    -0.050000     0.002000     0.476949     0.773846     0.005819
    -0.050000     0.002000     0.478663     0.773846     0.007620
    -0.050000     0.006000     0.473520     0.773846     0.007770
    -0.050000     0.006000     0.475235     0.773846     0.005571
    -0.050000     0.006000     0.476949     0.773846     0.005719
    -0.050000     0.006000     0.478663     0.773846     0.008136
    -0.050000     0.010000     0.473520     0.773846     0.009600
    -0.050000     0.010000     0.475235     0.773846     0.009044
    -0.046000    -0.018000     0.461520     0.773846     0.008218
    -0.046000    -0.018000     0.463235     0.773846     0.003896
    -0.046000    -0.018000     0.464949     0.773846     0.000040
    -0.046000    -0.018000     0.466663     0.773846     0.001031
    -0.046000    -0.018000     0.468378     0.773846     0.005169
    -0.046000    -0.018000     0.470092     0.773846     0.009549
    -0.046000     0.018000     0.461520     0.773846     0.008346
    -0.046000     0.018000     0.463235     0.773846     0.004049
    -0.046000     0.018000     0.464949     0.773846     0.000203
    -0.046000     0.018000     0.466663     0.773846     0.000938
    -0.046000     0.018000     0.468378     0.773846     0.005010
    -0.046000     0.018000     0.470092     0.773846     0.009362
    -0.042000    -0.026000     0.451235     0.773846     0.008226
    -0.042000    -0.026000     0.452949     0.773846     0.003966
    -0.042000    -0.026000     0.454663     0.773846     0.000333
    -0.042000    -0.026000     0.456378     0.773846     0.001285
    -0.042000    -0.026000     0.458092     0.773846     0.005267
    -0.042000    -0.026000     0.459806     0.773846     0.009561
    -0.042000     0.026000     0.451235     0.773846     0.008442
    -0.042000     0.026000     0.452949     0.773846     0.004316
    -0.042000     0.026000     0.454663     0.773846     0.000990
    -0.042000     0.026000     0.456378     0.773846     0.001671
    -0.042000     0.026000     0.458092     0.773846     0.005365
    -0.042000     0.026000     0.459806     0.773846     0.009543
    -0.038000    -0.030000     0.447806     0.773846     0.007315
    -0.038000    -0.030000     0.449520     0.773846     0.006135
    -0.038000    -0.030000     0.451235     0.773846     0.007167
    -0.038000    -0.030000     0.452949     0.773846     0.009856
    -0.038000     0.030000     0.446092     0.773846     0.009521
    -0.038000     0.030000     0.447806     0.773846     0.006583
    -0.038000     0.030000     0.449520     0.773846     0.005294
    -0.038000     0.030000     0.451235     0.773846     0.006396
    -0.038000     0.030000     0.452949     0.773846     0.009219
    -0.034000    -0.038000     0.439235     0.773846     0.009012
    -0.034000    -0.038000     0.440949     0.773846     0.009334
    -0.026000    -0.042000     0.437520     0.773846     0.009144
    -0.026000    -0.042000     0.439235     0.773846     0.008627
    -0.026000     0.042000     0.437520     0.773846     0.008597
    -0.026000     0.042000     0.439235     0.773846     0.007986
    -0.026000     0.042000     0.440949     0.773846     0.009353
    -0.022000    -0.046000     0.435806     0.773846     0.008681
    -0.022000    -0.046000     0.437520     0.773846     0.008436
    -0.022000     0.046000     0.435806     0.773846     0.009514
    -0.022000     0.046000     0.437520     0.773846     0.009131
    -0.018000    -0.046000     0.437520     0.773846     0.009435
    -0.018000    -0.046000     0.439235     0.773846     0.006996
    -0.018000    -0.046000     0.440949     0.773846     0.006557
    -0.018000    -0.046000     0.442663     0.773846     0.008345
    -0.018000     0.046000     0.437520     0.773846     0.009309
    -0.018000     0.046000     0.439235     0.773846     0.006636
    -0.018000     0.046000     0.440949     0.773846     0.005928
    -0.018000     0.046000     0.442663     0.773846     0.007590
    -0.006000    -0.050000     0.447806     0.773846     0.008234
    -0.006000    -0.050000     0.449520     0.773846     0.007047
    -0.006000    -0.050000     0.451235     0.773846     0.007882
    -0.006000     0.050000     0.447806     0.773846     0.009082
    -0.006000     0.050000     0.449520     0.773846     0.007539
    -0.006000     0.050000     0.451235     0.773846     0.007885
    -0.006000     0.050000     0.452949     0.773846     0.009958
    -0.002000    -0.050000     0.451235     0.773846     0.009174
    -0.002000    -0.050000     0.452949     0.773846     0.006362
    -0.002000    -0.050000     0.454663     0.773846     0.005303
    -0.002000    -0.050000     0.456378     0.773846     0.006630
    -0.002000    -0.050000     0.458092     0.773846     0.009572
    -0.002000     0.050000     0.452949     0.773846     0.007038
    -0.002000     0.050000     0.454663     0.773846     0.005470
    -0.002000     0.050000     0.456378     0.773846     0.006224
    -0.002000     0.050000     0.458092     0.773846     0.008840
     0.002000    -0.050000     0.456378     0.773846     0.008852
     0.002000    -0.050000     0.458092     0.773846     0.006235
     0.002000    -0.050000     0.459806     0.773846     0.005479
     0.002000    -0.050000     0.461520     0.773846     0.007042
     0.002000     0.050000     0.456378     0.773846     0.009573
     0.002000     0.050000     0.458092     0.773846     0.006627
     0.002000     0.050000     0.459806     0.773846     0.005295
     0.002000     0.050000     0.461520     0.773846     0.006351
     0.002000     0.050000     0.463235     0.773846     0.009163
     0.006000    -0.050000     0.461520     0.773846     0.009971
     0.006000    -0.050000     0.463235     0.773846     0.007898
     0.006000    -0.050000     0.464949     0.773846     0.007548
     0.006000    -0.050000     0.466663     0.773846     0.009087
     0.006000     0.050000     0.463235     0.773846     0.007878
     0.006000     0.050000     0.464949     0.773846     0.007040
     0.006000     0.050000     0.466663     0.773846     0.008224
     0.018000    -0.046000     0.471806     0.773846     0.007588
     0.018000    -0.046000     0.473520     0.773846     0.005920
     0.018000    -0.046000     0.475235     0.773846     0.006621
     0.018000    -0.046000     0.476949     0.773846     0.009292
     0.018000     0.046000     0.471806     0.773846     0.008354
     0.018000     0.046000     0.473520     0.773846     0.006562
     0.018000     0.046000     0.475235     0.773846     0.006996
     0.018000     0.046000     0.476949     0.773846     0.009432
     0.022000    -0.046000     0.476949     0.773846     0.009138
     0.022000    -0.046000     0.478663     0.773846     0.009515
     0.022000     0.046000     0.476949     0.773846     0.008435
     0.022000     0.046000     0.478663     0.773846     0.008677
     0.026000    -0.042000     0.473520     0.773846     0.009347
     0.026000    -0.042000     0.475235     0.773846     0.007973
     0.026000    -0.042000     0.476949     0.773846     0.008579
     0.026000     0.042000     0.475235     0.773846     0.008629
     0.026000     0.042000     0.476949     0.773846     0.009142
     0.034000     0.038000     0.473520     0.773846     0.009332
     0.034000     0.038000     0.475235     0.773846     0.009004
     0.038000    -0.030000     0.461520     0.773846     0.009222
     0.038000    -0.030000     0.463235     0.773846     0.006393
     0.038000    -0.030000     0.464949     0.773846     0.005282
     0.038000    -0.030000     0.466663     0.773846     0.006566
     0.038000    -0.030000     0.468378     0.773846     0.009503
     0.038000     0.030000     0.461520     0.773846     0.009872
     0.038000     0.030000     0.463235     0.773846     0.007176
     0.038000     0.030000     0.464949     0.773846     0.006133
     0.038000     0.030000     0.466663     0.773846     0.007303
     0.042000    -0.026000     0.454663     0.773846     0.009556
     0.042000    -0.026000     0.456378     0.773846     0.005377
     0.042000    -0.026000     0.458092     0.773846     0.001680
     0.042000    -0.026000     0.459806     0.773846     0.000984
     0.042000    -0.026000     0.461520     0.773846     0.004304
     0.042000    -0.026000     0.463235     0.773846     0.008430
     0.042000     0.026000     0.454663     0.773846     0.009582
     0.042000     0.026000     0.456378     0.773846     0.005286
     0.042000     0.026000     0.458092     0.773846     0.001298
     0.042000     0.026000     0.459806     0.773846     0.000313
     0.042000     0.026000     0.461520     0.773846     0.003941
     0.042000     0.026000     0.463235     0.773846     0.008201
     0.046000    -0.018000     0.444378     0.773846     0.009373
     0.046000    -0.018000     0.446092     0.773846     0.005019
     0.046000    -0.018000     0.447806     0.773846     0.000937
     0.046000    -0.018000     0.449520     0.773846     0.000175
     0.046000    -0.018000     0.451235     0.773846     0.004028
     0.046000    -0.018000     0.452949     0.773846     0.008327
     0.046000     0.018000     0.444378     0.773846     0.009565
     0.046000     0.018000     0.446092     0.773846     0.005182
     0.046000     0.018000     0.447806     0.773846     0.001031
     0.046000     0.018000     0.449520     0.773846     0.000000
     0.046000     0.018000     0.451235     0.773846     0.003864
     0.046000     0.018000     0.452949     0.773846     0.008189
     0.050000    -0.010000     0.439235     0.773846     0.009022
     0.050000    -0.010000     0.440949     0.773846     0.009573
     0.050000    -0.006000     0.435806     0.773846     0.008124
     0.050000    -0.006000     0.437520     0.773846     0.005692
     0.050000    -0.006000     0.439235     0.773846     0.005534
     0.050000    -0.006000     0.440949     0.773846     0.007733
     0.050000    -0.002000     0.435806     0.773846     0.007605
     0.050000    -0.002000     0.437520     0.773846     0.005789
     0.050000    -0.002000     0.439235     0.773846     0.006375
     0.050000    -0.002000     0.440949     0.773846     0.008977
     0.050000     0.002000     0.435806     0.773846     0.007650
     0.050000     0.002000     0.437520     0.773846     0.005826
     0.050000     0.002000     0.439235     0.773846     0.006394
     0.050000     0.002000     0.440949     0.773846     0.008981
     0.050000     0.006000     0.435806     0.773846     0.008214
     0.050000     0.006000     0.437520     0.773846     0.005751
     0.050000     0.006000     0.439235     0.773846     0.005540
     0.050000     0.006000     0.440949     0.773846     0.007701
     0.050000     0.010000     0.439235     0.773846     0.008908
     0.050000     0.010000     0.440949     0.773846     0.009406


    -0.050000    -0.010000     0.473520     0.774615     0.009531
    -0.050000    -0.010000     0.475235     0.774615     0.008991
    -0.050000    -0.006000     0.473520     0.774615     0.007762
    -0.050000    -0.006000     0.475235     0.774615     0.005512
    -0.050000    -0.006000     0.476949     0.774615     0.005665
    -0.050000    -0.006000     0.478663     0.774615     0.008138
    -0.050000    -0.002000     0.473520     0.774615     0.009029
    -0.050000    -0.002000     0.475235     0.774615     0.006350
    -0.050000    -0.002000     0.476949     0.774615     0.005704
    -0.050000    -0.002000     0.478663     0.774615     0.007528
    -0.050000     0.002000     0.473520     0.774615     0.009025
    -0.050000     0.002000     0.475235     0.774615     0.006331
    -0.050000     0.002000     0.476949     0.774615     0.005667
    -0.050000     0.002000     0.478663     0.774615     0.007482
    -0.050000     0.006000     0.473520     0.774615     0.007795
    -0.050000     0.006000     0.475235     0.774615     0.005506
    -0.050000     0.006000     0.476949     0.774615     0.005607
    -0.050000     0.006000     0.478663     0.774615     0.008049
    -0.050000     0.010000     0.473520     0.774615     0.009700
    -0.050000     0.010000     0.475235     0.774615     0.009108
    -0.046000    -0.018000     0.461520     0.774615     0.008375
    -0.046000    -0.018000     0.463235     0.774615     0.004025
    -0.046000    -0.018000     0.464949     0.774615     0.000039
    -0.046000    -0.018000     0.466663     0.774615     0.001024
    -0.046000    -0.018000     0.468378     0.774615     0.005232
    -0.046000    -0.018000     0.470092     0.774615     0.009631
    -0.046000     0.018000     0.461520     0.774615     0.008510
    -0.046000     0.018000     0.463235     0.774615     0.004190
    -0.046000     0.018000     0.464949     0.774615     0.000245
    -0.046000     0.018000     0.466663     0.774615     0.000954
    -0.046000     0.018000     0.468378     0.774615     0.005082
    -0.046000     0.018000     0.470092     0.774615     0.009451
    -0.042000    -0.026000     0.451235     0.774615     0.008382
    -0.042000    -0.026000     0.452949     0.774615     0.004128
    -0.042000    -0.026000     0.454663     0.774615     0.000516
    -0.042000    -0.026000     0.456378     0.774615     0.001476
    -0.042000    -0.026000     0.458092     0.774615     0.005449
    -0.042000    -0.026000     0.459806     0.774615     0.009738
    -0.042000     0.026000     0.451235     0.774615     0.008604
    -0.042000     0.026000     0.452949     0.774615     0.004488
    -0.042000     0.026000     0.454663     0.774615     0.001190
    -0.042000     0.026000     0.456378     0.774615     0.001878
    -0.042000     0.026000     0.458092     0.774615     0.005556
    -0.042000     0.026000     0.459806     0.774615     0.009727
    -0.038000    -0.030000     0.447806     0.774615     0.007333
    -0.038000    -0.030000     0.449520     0.774615     0.006154
    -0.038000    -0.030000     0.451235     0.774615     0.007221
    -0.038000    -0.030000     0.452949     0.774615     0.009947
    -0.038000     0.030000     0.446092     0.774615     0.009553
    -0.038000     0.030000     0.447806     0.774615     0.006594
    -0.038000     0.030000     0.449520     0.774615     0.005304
    -0.038000     0.030000     0.451235     0.774615     0.006446
    -0.038000     0.030000     0.452949     0.774615     0.009312
    -0.034000    -0.038000     0.439235     0.774615     0.009059
    -0.034000    -0.038000     0.440949     0.774615     0.009417
    -0.026000    -0.042000     0.437520     0.774615     0.009027
    -0.026000    -0.042000     0.439235     0.774615     0.008535
    -0.026000    -0.042000     0.440949     0.774615     0.009977
    -0.026000     0.042000     0.437520     0.774615     0.008467
    -0.026000     0.042000     0.439235     0.774615     0.007880
    -0.026000     0.042000     0.440949     0.774615     0.009315
    -0.022000    -0.046000     0.435806     0.774615     0.008624
    -0.022000    -0.046000     0.437520     0.774615     0.008415
    -0.022000     0.046000     0.435806     0.774615     0.009474
    -0.022000     0.046000     0.437520     0.774615     0.009124
    -0.018000    -0.046000     0.437520     0.774615     0.009340
    -0.018000    -0.046000     0.439235     0.774615     0.006875
    -0.018000    -0.046000     0.440949     0.774615     0.006466
    -0.018000    -0.046000     0.442663     0.774615     0.008333
    -0.018000     0.046000     0.437520     0.774615     0.009213
    -0.018000     0.046000     0.439235     0.774615     0.006505
    -0.018000     0.046000     0.440949     0.774615     0.005819
    -0.018000     0.046000     0.442663     0.774615     0.007565
    -0.006000    -0.050000     0.447806     0.774615     0.008421
    -0.006000    -0.050000     0.449520     0.774615     0.007255
    -0.006000    -0.050000     0.451235     0.774615     0.008102
    -0.006000     0.050000     0.447806     0.774615     0.009268
    -0.006000     0.050000     0.449520     0.774615     0.007745
    -0.006000     0.050000     0.451235     0.774615     0.008106
    -0.002000    -0.050000     0.451235     0.774615     0.009377
    -0.002000    -0.050000     0.452949     0.774615     0.006587
    -0.002000    -0.050000     0.454663     0.774615     0.005545
    -0.002000    -0.050000     0.456378     0.774615     0.006866
    -0.002000    -0.050000     0.458092     0.774615     0.009793
    -0.002000     0.050000     0.452949     0.774615     0.007260
    -0.002000     0.050000     0.454663     0.774615     0.005710
    -0.002000     0.050000     0.456378     0.774615     0.006463
    -0.002000     0.050000     0.458092     0.774615     0.009064
     0.002000    -0.050000     0.456378     0.774615     0.009076
     0.002000    -0.050000     0.458092     0.774615     0.006474
     0.002000    -0.050000     0.459806     0.774615     0.005719
     0.002000    -0.050000     0.461520     0.774615     0.007263
     0.002000     0.050000     0.456378     0.774615     0.009794
     0.002000     0.050000     0.458092     0.774615     0.006863
     0.002000     0.050000     0.459806     0.774615     0.005537
     0.002000     0.050000     0.461520     0.774615     0.006576
     0.002000     0.050000     0.463235     0.774615     0.009366
     0.006000    -0.050000     0.463235     0.774615     0.008118
     0.006000    -0.050000     0.464949     0.774615     0.007755
     0.006000    -0.050000     0.466663     0.774615     0.009273
     0.006000     0.050000     0.463235     0.774615     0.008098
     0.006000     0.050000     0.464949     0.774615     0.007248
     0.006000     0.050000     0.466663     0.774615     0.008410
     0.018000    -0.046000     0.471806     0.774615     0.007563
     0.018000    -0.046000     0.473520     0.774615     0.005810
     0.018000    -0.046000     0.475235     0.774615     0.006490
     0.018000    -0.046000     0.476949     0.774615     0.009195
     0.018000     0.046000     0.471806     0.774615     0.008342
     0.018000     0.046000     0.473520     0.774615     0.006472
     0.018000     0.046000     0.475235     0.774615     0.006875
     0.018000     0.046000     0.476949     0.774615     0.009337
     0.022000    -0.046000     0.476949     0.774615     0.009131
     0.022000    -0.046000     0.478663     0.774615     0.009475
     0.022000     0.046000     0.476949     0.774615     0.008415
     0.022000     0.046000     0.478663     0.774615     0.008619
     0.026000    -0.042000     0.473520     0.774615     0.009309
     0.026000    -0.042000     0.475235     0.774615     0.007867
     0.026000    -0.042000     0.476949     0.774615     0.008449
     0.026000     0.042000     0.473520     0.774615     0.009985
     0.026000     0.042000     0.475235     0.774615     0.008538
     0.026000     0.042000     0.476949     0.774615     0.009025
     0.034000     0.038000     0.473520     0.774615     0.009415
     0.034000     0.038000     0.475235     0.774615     0.009051
     0.038000    -0.030000     0.461520     0.774615     0.009316
     0.038000    -0.030000     0.463235     0.774615     0.006444
     0.038000    -0.030000     0.464949     0.774615     0.005293
     0.038000    -0.030000     0.466663     0.774615     0.006577
     0.038000    -0.030000     0.468378     0.774615     0.009535
     0.038000     0.030000     0.461520     0.774615     0.009964
     0.038000     0.030000     0.463235     0.774615     0.007231
     0.038000     0.030000     0.464949     0.774615     0.006153
     0.038000     0.030000     0.466663     0.774615     0.007321
     0.042000    -0.026000     0.454663     0.774615     0.009740
     0.042000    -0.026000     0.456378     0.774615     0.005569
     0.042000    -0.026000     0.458092     0.774615     0.001889
     0.042000    -0.026000     0.459806     0.774615     0.001186
     0.042000    -0.026000     0.461520     0.774615     0.004478
     0.042000    -0.026000     0.463235     0.774615     0.008592
     0.042000     0.026000     0.454663     0.774615     0.009759
     0.042000     0.026000     0.456378     0.774615     0.005469
     0.042000     0.026000     0.458092     0.774615     0.001491
     0.042000     0.026000     0.459806     0.774615     0.000499
     0.042000     0.026000     0.461520     0.774615     0.004104
     0.042000     0.026000     0.463235     0.774615     0.008357
     0.046000    -0.018000     0.444378     0.774615     0.009463
     0.046000    -0.018000     0.446092     0.774615     0.005092
     0.046000    -0.018000     0.447806     0.774615     0.000955
     0.046000    -0.018000     0.449520     0.774615     0.000219
     0.046000    -0.018000     0.451235     0.774615     0.004170
     0.046000    -0.018000     0.452949     0.774615     0.008492
     0.046000     0.018000     0.444378     0.774615     0.009648
     0.046000     0.018000     0.446092     0.774615     0.005246
     0.046000     0.018000     0.447806     0.774615     0.001028
     0.046000     0.018000     0.449520     0.774615     0.000000
     0.046000     0.018000     0.451235     0.774615     0.003994
     0.046000     0.018000     0.452949     0.774615     0.008347
     0.050000    -0.010000     0.439235     0.774615     0.009086
     0.050000    -0.010000     0.440949     0.774615     0.009673
     0.050000    -0.006000     0.435806     0.774615     0.008036
     0.050000    -0.006000     0.437520     0.774615     0.005580
     0.050000    -0.006000     0.439235     0.774615     0.005469
     0.050000    -0.006000     0.440949     0.774615     0.007758
     0.050000    -0.002000     0.435806     0.774615     0.007467
     0.050000    -0.002000     0.437520     0.774615     0.005637
     0.050000    -0.002000     0.439235     0.774615     0.006294
     0.050000    -0.002000     0.440949     0.774615     0.008989
     0.050000     0.002000     0.435806     0.774615     0.007513
     0.050000     0.002000     0.437520     0.774615     0.005674
     0.050000     0.002000     0.439235     0.774615     0.006312
     0.050000     0.002000     0.440949     0.774615     0.008992
     0.050000     0.006000     0.435806     0.774615     0.008125
     0.050000     0.006000     0.437520     0.774615     0.005636
     0.050000     0.006000     0.439235     0.774615     0.005470
     0.050000     0.006000     0.440949     0.774615     0.007721
     0.050000     0.010000     0.439235     0.774615     0.008966
     0.050000     0.010000     0.440949     0.774615     0.009500


    -0.050000    -0.010000     0.473520     0.775385     0.009596
    -0.050000    -0.010000     0.475235     0.775385     0.009019
    -0.050000    -0.006000     0.473520     0.775385     0.007754
    -0.050000    -0.006000     0.475235     0.775385     0.005411
    -0.050000    -0.006000     0.476949     0.775385     0.005516
    -0.050000    -0.006000     0.478663     0.775385     0.008016
    -0.050000    -0.002000     0.473520     0.775385     0.009010
    -0.050000    -0.002000     0.475235     0.775385     0.006236
    -0.050000    -0.002000     0.476949     0.775385     0.005515
    -0.050000    -0.002000     0.478663     0.775385     0.007355
    -0.050000     0.002000     0.473520     0.775385     0.009007
    -0.050000     0.002000     0.475235     0.775385     0.006218
    -0.050000     0.002000     0.476949     0.775385     0.005478
    -0.050000     0.002000     0.478663     0.775385     0.007309
    -0.050000     0.006000     0.473520     0.775385     0.007791
    -0.050000     0.006000     0.475235     0.775385     0.005411
    -0.050000     0.006000     0.476949     0.775385     0.005461
    -0.050000     0.006000     0.478663     0.775385     0.007928
    -0.050000     0.010000     0.473520     0.775385     0.009770
    -0.050000     0.010000     0.475235     0.775385     0.009143
    -0.046000    -0.018000     0.461520     0.775385     0.008505
    -0.046000    -0.018000     0.463235     0.775385     0.004133
    -0.046000    -0.018000     0.464949     0.775385     0.000037
    -0.046000    -0.018000     0.466663     0.775385     0.001006
    -0.046000    -0.018000     0.468378     0.775385     0.005270
    -0.046000    -0.018000     0.470092     0.775385     0.009685
    -0.046000     0.018000     0.461520     0.775385     0.008647
    -0.046000     0.018000     0.463235     0.775385     0.004311
    -0.046000     0.018000     0.464949     0.775385     0.000288
    -0.046000     0.018000     0.466663     0.775385     0.000959
    -0.046000     0.018000     0.468378     0.775385     0.005131
    -0.046000     0.018000     0.470092     0.775385     0.009511
    -0.042000    -0.026000     0.451235     0.775385     0.008510
    -0.042000    -0.026000     0.452949     0.775385     0.004270
    -0.042000    -0.026000     0.454663     0.775385     0.000700
    -0.042000    -0.026000     0.456378     0.775385     0.001658
    -0.042000    -0.026000     0.458092     0.775385     0.005607
    -0.042000    -0.026000     0.459806     0.775385     0.009887
    -0.042000     0.026000     0.451235     0.775385     0.008738
    -0.042000     0.026000     0.452949     0.775385     0.004639
    -0.042000     0.026000     0.454663     0.775385     0.001383
    -0.042000     0.026000     0.456378     0.775385     0.002073
    -0.042000     0.026000     0.458092     0.775385     0.005724
    -0.042000     0.026000     0.459806     0.775385     0.009882
    -0.038000    -0.030000     0.447806     0.775385     0.007322
    -0.038000    -0.030000     0.449520     0.775385     0.006147
    -0.038000    -0.030000     0.451235     0.775385     0.007247
    -0.038000     0.030000     0.446092     0.775385     0.009555
    -0.038000     0.030000     0.447806     0.775385     0.006578
    -0.038000     0.030000     0.449520     0.775385     0.005289
    -0.038000     0.030000     0.451235     0.775385     0.006471
    -0.038000     0.030000     0.452949     0.775385     0.009376
    -0.034000    -0.038000     0.439235     0.775385     0.009077
    -0.034000    -0.038000     0.440949     0.775385     0.009471
    -0.026000    -0.042000     0.437520     0.775385     0.008874
    -0.026000    -0.042000     0.439235     0.775385     0.008410
    -0.026000    -0.042000     0.440949     0.775385     0.009917
    -0.026000     0.042000     0.437520     0.775385     0.008302
    -0.026000     0.042000     0.439235     0.775385     0.007740
    -0.026000     0.042000     0.440949     0.775385     0.009245
    -0.022000    -0.046000     0.435806     0.775385     0.008534
    -0.022000    -0.046000     0.437520     0.775385     0.008364
    -0.022000     0.046000     0.435806     0.775385     0.009402
    -0.022000     0.046000     0.437520     0.775385     0.009086
    -0.018000    -0.046000     0.437520     0.775385     0.009211
    -0.018000    -0.046000     0.439235     0.775385     0.006719
    -0.018000    -0.046000     0.440949     0.775385     0.006343
    -0.018000    -0.046000     0.442663     0.775385     0.008291
    -0.018000     0.046000     0.437520     0.775385     0.009082
    -0.018000     0.046000     0.439235     0.775385     0.006338
    -0.018000     0.046000     0.440949     0.775385     0.005676
    -0.018000     0.046000     0.442663     0.775385     0.007509
    -0.006000    -0.050000     0.447806     0.775385     0.008580
    -0.006000    -0.050000     0.449520     0.775385     0.007437
    -0.006000    -0.050000     0.451235     0.775385     0.008295
    -0.006000     0.050000     0.447806     0.775385     0.009426
    -0.006000     0.050000     0.449520     0.775385     0.007925
    -0.006000     0.050000     0.451235     0.775385     0.008298
    -0.002000    -0.050000     0.451235     0.775385     0.009552
    -0.002000    -0.050000     0.452949     0.775385     0.006786
    -0.002000    -0.050000     0.454663     0.775385     0.005762
    -0.002000    -0.050000     0.456378     0.775385     0.007075
    -0.002000    -0.050000     0.458092     0.775385     0.009986
    -0.002000     0.050000     0.452949     0.775385     0.007455
    -0.002000     0.050000     0.454663     0.775385     0.005926
    -0.002000     0.050000     0.456378     0.775385     0.006676
    -0.002000     0.050000     0.458092     0.775385     0.009260
     0.002000    -0.050000     0.456378     0.775385     0.009272
     0.002000    -0.050000     0.458092     0.775385     0.006687
     0.002000    -0.050000     0.459806     0.775385     0.005934
     0.002000    -0.050000     0.461520     0.775385     0.007458
     0.002000     0.050000     0.456378     0.775385     0.009987
     0.002000     0.050000     0.458092     0.775385     0.007073
     0.002000     0.050000     0.459806     0.775385     0.005754
     0.002000     0.050000     0.461520     0.775385     0.006775
     0.002000     0.050000     0.463235     0.775385     0.009541
     0.006000    -0.050000     0.463235     0.775385     0.008311
     0.006000    -0.050000     0.464949     0.775385     0.007934
     0.006000    -0.050000     0.466663     0.775385     0.009431
     0.006000     0.050000     0.463235     0.775385     0.008291
     0.006000     0.050000     0.464949     0.775385     0.007429
     0.006000     0.050000     0.466663     0.775385     0.008570
     0.018000    -0.046000     0.471806     0.775385     0.007509
     0.018000    -0.046000     0.473520     0.775385     0.005667
     0.018000    -0.046000     0.475235     0.775385     0.006323
     0.018000    -0.046000     0.476949     0.775385     0.009064
     0.018000     0.046000     0.471806     0.775385     0.008300
     0.018000     0.046000     0.473520     0.775385     0.006348
     0.018000     0.046000     0.475235     0.775385     0.006719
     0.018000     0.046000     0.476949     0.775385     0.009207
     0.022000    -0.046000     0.476949     0.775385     0.009093
     0.022000    -0.046000     0.478663     0.775385     0.009404
     0.022000     0.046000     0.476949     0.775385     0.008363
     0.022000     0.046000     0.478663     0.775385     0.008529
     0.026000    -0.042000     0.473520     0.775385     0.009240
     0.026000    -0.042000     0.475235     0.775385     0.007728
     0.026000    -0.042000     0.476949     0.775385     0.008283
     0.026000     0.042000     0.473520     0.775385     0.009925
     0.026000     0.042000     0.475235     0.775385     0.008413
     0.026000     0.042000     0.476949     0.775385     0.008872
     0.034000     0.038000     0.473520     0.775385     0.009469
     0.034000     0.038000     0.475235     0.775385     0.009068
     0.038000    -0.030000     0.461520     0.775385     0.009380
     0.038000    -0.030000     0.463235     0.775385     0.006469
     0.038000    -0.030000     0.464949     0.775385     0.005278
     0.038000    -0.030000     0.466663     0.775385     0.006561
     0.038000    -0.030000     0.468378     0.775385     0.009538
     0.038000     0.030000     0.463235     0.775385     0.007258
     0.038000     0.030000     0.464949     0.775385     0.006146
     0.038000     0.030000     0.466663     0.775385     0.007311
     0.042000    -0.026000     0.454663     0.775385     0.009896
     0.042000    -0.026000     0.456378     0.775385     0.005738
     0.042000    -0.026000     0.458092     0.775385     0.002085
     0.042000    -0.026000     0.459806     0.775385     0.001381
     0.042000    -0.026000     0.461520     0.775385     0.004630
     0.042000    -0.026000     0.463235     0.775385     0.008727
     0.042000     0.026000     0.454663     0.775385     0.009909
     0.042000     0.026000     0.456378     0.775385     0.005629
     0.042000     0.026000     0.458092     0.775385     0.001675
     0.042000     0.026000     0.459806     0.775385     0.000685
     0.042000     0.026000     0.461520     0.775385     0.004247
     0.042000     0.026000     0.463235     0.775385     0.008487
     0.046000    -0.018000     0.444378     0.775385     0.009524
     0.046000    -0.018000     0.446092     0.775385     0.005142
     0.046000    -0.018000     0.447806     0.775385     0.000962
     0.046000    -0.018000     0.449520     0.775385     0.000265
     0.046000    -0.018000     0.451235     0.775385     0.004292
     0.046000    -0.018000     0.452949     0.775385     0.008630
     0.046000     0.018000     0.444378     0.775385     0.009702
     0.046000     0.018000     0.446092     0.775385     0.005285
     0.046000     0.018000     0.447806     0.775385     0.001012
     0.046000     0.018000     0.449520     0.775385     0.000000
     0.046000     0.018000     0.451235     0.775385     0.004104
     0.046000     0.018000     0.452949     0.775385     0.008478
     0.050000    -0.010000     0.439235     0.775385     0.009122
     0.050000    -0.010000     0.440949     0.775385     0.009744
     0.050000    -0.006000     0.435806     0.775385     0.007916
     0.050000    -0.006000     0.437520     0.775385     0.005434
     0.050000    -0.006000     0.439235     0.775385     0.005373
     0.050000    -0.006000     0.440949     0.775385     0.007754
     0.050000    -0.002000     0.435806     0.775385     0.007294
     0.050000    -0.002000     0.437520     0.775385     0.005449
     0.050000    -0.002000     0.439235     0.775385     0.006181
     0.050000    -0.002000     0.440949     0.775385     0.008971
     0.050000     0.002000     0.435806     0.775385     0.007340
     0.050000     0.002000     0.437520     0.775385     0.005485
     0.050000     0.002000     0.439235     0.775385     0.006198
     0.050000     0.002000     0.440949     0.775385     0.008973
     0.050000     0.006000     0.435806     0.775385     0.008002
     0.050000     0.006000     0.437520     0.775385     0.005487
     0.050000     0.006000     0.439235     0.775385     0.005370
     0.050000     0.006000     0.440949     0.775385     0.007713
     0.050000     0.010000     0.439235     0.775385     0.008995
     0.050000     0.010000     0.440949     0.775385     0.009565


    -0.050000    -0.010000     0.473520     0.776154     0.009625
    -0.050000    -0.010000     0.475235     0.776154     0.009012
    -0.050000    -0.006000     0.473520     0.776154     0.007711
    -0.050000    -0.006000     0.475235     0.776154     0.005274
    -0.050000    -0.006000     0.476949     0.776154     0.005327
    -0.050000    -0.006000     0.478663     0.776154     0.007853
    -0.050000    -0.002000     0.473520     0.776154     0.008954
    -0.050000    -0.002000     0.475235     0.776154     0.006084
    -0.050000    -0.002000     0.476949     0.776154     0.005283
    -0.050000    -0.002000     0.478663     0.776154     0.007139
    -0.050000     0.002000     0.473520     0.776154     0.008952
    -0.050000     0.002000     0.475235     0.776154     0.006067
    -0.050000     0.002000     0.476949     0.776154     0.005246
    -0.050000     0.002000     0.478663     0.776154     0.007093
    -0.050000     0.006000     0.473520     0.776154     0.007752
    -0.050000     0.006000     0.475235     0.776154     0.005279
    -0.050000     0.006000     0.476949     0.776154     0.005275
    -0.050000     0.006000     0.478663     0.776154     0.007767
    -0.050000     0.010000     0.473520     0.776154     0.009805
    -0.050000     0.010000     0.475235     0.776154     0.009142
    -0.046000    -0.018000     0.461520     0.776154     0.008601
    -0.046000    -0.018000     0.463235     0.776154     0.004213
    -0.046000    -0.018000     0.464949     0.776154     0.000034
    -0.046000    -0.018000     0.466663     0.776154     0.000971
    -0.046000    -0.018000     0.468378     0.776154     0.005277
    -0.046000    -0.018000     0.470092     0.776154     0.009703
    -0.046000     0.018000     0.461520     0.776154     0.008750
    -0.046000     0.018000     0.463235     0.776154     0.004403
    -0.046000     0.018000     0.464949     0.776154     0.000329
    -0.046000     0.018000     0.466663     0.776154     0.000950
    -0.046000     0.018000     0.468378     0.776154     0.005149
    -0.046000     0.018000     0.470092     0.776154     0.009536
    -0.042000    -0.026000     0.451235     0.776154     0.008605
    -0.042000    -0.026000     0.452949     0.776154     0.004384
    -0.042000    -0.026000     0.454663     0.776154     0.000874
    -0.042000    -0.026000     0.456378     0.776154     0.001823
    -0.042000    -0.026000     0.458092     0.776154     0.005735
    -0.042000    -0.026000     0.459806     0.776154     0.010000
    -0.042000     0.026000     0.451235     0.776154     0.008838
    -0.042000     0.026000     0.452949     0.776154     0.004761
    -0.042000     0.026000     0.454663     0.776154     0.001559
    -0.042000     0.026000     0.456378     0.776154     0.002247
    -0.042000     0.026000     0.458092     0.776154     0.005861
    -0.038000    -0.030000     0.447806     0.776154     0.007276
    -0.038000    -0.030000     0.449520     0.776154     0.006106
    -0.038000    -0.030000     0.451235     0.776154     0.007240
    -0.038000     0.030000     0.446092     0.776154     0.009521
    -0.038000     0.030000     0.447806     0.776154     0.006527
    -0.038000     0.030000     0.449520     0.776154     0.005241
    -0.038000     0.030000     0.451235     0.776154     0.006462
    -0.038000     0.030000     0.452949     0.776154     0.009405
    -0.034000    -0.038000     0.439235     0.776154     0.009059
    -0.034000    -0.038000     0.440949     0.776154     0.009489
    -0.026000    -0.042000     0.437520     0.776154     0.008680
    -0.026000    -0.042000     0.439235     0.776154     0.008244
    -0.026000    -0.042000     0.440949     0.776154     0.009818
    -0.026000     0.042000     0.437520     0.776154     0.008094
    -0.026000     0.042000     0.439235     0.776154     0.007560
    -0.026000     0.042000     0.440949     0.776154     0.009137
    -0.022000    -0.046000     0.435806     0.776154     0.008405
    -0.022000    -0.046000     0.437520     0.776154     0.008275
    -0.022000     0.046000     0.435806     0.776154     0.009291
    -0.022000     0.046000     0.437520     0.776154     0.009010
    -0.018000    -0.046000     0.437520     0.776154     0.009040
    -0.018000    -0.046000     0.439235     0.776154     0.006522
    -0.018000    -0.046000     0.440949     0.776154     0.006180
    -0.018000    -0.046000     0.442663     0.776154     0.008211
    -0.018000     0.046000     0.437520     0.776154     0.008910
    -0.018000     0.046000     0.439235     0.776154     0.006130
    -0.018000     0.046000     0.440949     0.776154     0.005492
    -0.018000     0.046000     0.442663     0.776154     0.007418
    -0.006000    -0.050000     0.447806     0.776154     0.008705
    -0.006000    -0.050000     0.449520     0.776154     0.007585
    -0.006000    -0.050000     0.451235     0.776154     0.008453
    -0.006000     0.050000     0.447806     0.776154     0.009549
    -0.006000     0.050000     0.449520     0.776154     0.008070
    -0.006000     0.050000     0.451235     0.776154     0.008457
    -0.002000    -0.050000     0.451235     0.776154     0.009692
    -0.002000    -0.050000     0.452949     0.776154     0.006952
    -0.002000    -0.050000     0.454663     0.776154     0.005947
    -0.002000    -0.050000     0.456378     0.776154     0.007251
    -0.002000     0.050000     0.452949     0.776154     0.007616
    -0.002000     0.050000     0.454663     0.776154     0.006109
    -0.002000     0.050000     0.456378     0.776154     0.006856
    -0.002000     0.050000     0.458092     0.776154     0.009421
     0.002000    -0.050000     0.456378     0.776154     0.009433
     0.002000    -0.050000     0.458092     0.776154     0.006867
     0.002000    -0.050000     0.459806     0.776154     0.006117
     0.002000    -0.050000     0.461520     0.776154     0.007619
     0.002000     0.050000     0.458092     0.776154     0.007249
     0.002000     0.050000     0.459806     0.776154     0.005939
     0.002000     0.050000     0.461520     0.776154     0.006942
     0.002000     0.050000     0.463235     0.776154     0.009681
     0.006000    -0.050000     0.463235     0.776154     0.008469
     0.006000    -0.050000     0.464949     0.776154     0.008080
     0.006000    -0.050000     0.466663     0.776154     0.009554
     0.006000     0.050000     0.463235     0.776154     0.008449
     0.006000     0.050000     0.464949     0.776154     0.007577
     0.006000     0.050000     0.466663     0.776154     0.008695
     0.018000    -0.046000     0.471806     0.776154     0.007417
     0.018000    -0.046000     0.473520     0.776154     0.005484
     0.018000    -0.046000     0.475235     0.776154     0.006114
     0.018000    -0.046000     0.476949     0.776154     0.008892
     0.018000     0.046000     0.471806     0.776154     0.008221
     0.018000     0.046000     0.473520     0.776154     0.006186
     0.018000     0.046000     0.475235     0.776154     0.006522
     0.018000     0.046000     0.476949     0.776154     0.009037
     0.022000    -0.046000     0.476949     0.776154     0.009018
     0.022000    -0.046000     0.478663     0.776154     0.009293
     0.022000     0.046000     0.476949     0.776154     0.008275
     0.022000     0.046000     0.478663     0.776154     0.008400
     0.026000    -0.042000     0.473520     0.776154     0.009132
     0.026000    -0.042000     0.475235     0.776154     0.007547
     0.026000    -0.042000     0.476949     0.776154     0.008075
     0.026000     0.042000     0.473520     0.776154     0.009826
     0.026000     0.042000     0.475235     0.776154     0.008248
     0.026000     0.042000     0.476949     0.776154     0.008678
     0.034000     0.038000     0.473520     0.776154     0.009488
     0.034000     0.038000     0.475235     0.776154     0.009050
     0.038000    -0.030000     0.461520     0.776154     0.009410
     0.038000    -0.030000     0.463235     0.776154     0.006461
     0.038000    -0.030000     0.464949     0.776154     0.005231
     0.038000    -0.030000     0.466663     0.776154     0.006511
     0.038000    -0.030000     0.468378     0.776154     0.009504
     0.038000     0.030000     0.463235     0.776154     0.007252
     0.038000     0.030000     0.464949     0.776154     0.006106
     0.038000     0.030000     0.466663     0.776154     0.007265
     0.042000    -0.026000     0.456378     0.776154     0.005876
     0.042000    -0.026000     0.458092     0.776154     0.002260
     0.042000    -0.026000     0.459806     0.776154     0.001560
     0.042000    -0.026000     0.461520     0.776154     0.004753
     0.042000    -0.026000     0.463235     0.776154     0.008828
     0.042000     0.026000     0.456378     0.776154     0.005757
     0.042000     0.026000     0.458092     0.776154     0.001842
     0.042000     0.026000     0.459806     0.776154     0.000863
     0.042000     0.026000     0.461520     0.776154     0.004363
     0.042000     0.026000     0.463235     0.776154     0.008582
     0.046000    -0.018000     0.444378     0.776154     0.009549
     0.046000    -0.018000     0.446092     0.776154     0.005161
     0.046000    -0.018000     0.447806     0.776154     0.000956
     0.046000    -0.018000     0.449520     0.776154     0.000308
     0.046000    -0.018000     0.451235     0.776154     0.004385
     0.046000    -0.018000     0.452949     0.776154     0.008733
     0.046000     0.018000     0.444378     0.776154     0.009721
     0.046000     0.018000     0.446092     0.776154     0.005294
     0.046000     0.018000     0.447806     0.776154     0.000980
     0.046000     0.018000     0.449520     0.776154     0.000000
     0.046000     0.018000     0.451235     0.776154     0.004186
     0.046000     0.018000     0.452949     0.776154     0.008575
     0.050000    -0.010000     0.439235     0.776154     0.009121
     0.050000    -0.010000     0.440949     0.776154     0.009780
     0.050000    -0.006000     0.435806     0.776154     0.007755
     0.050000    -0.006000     0.437520     0.776154     0.005248
     0.050000    -0.006000     0.439235     0.776154     0.005241
     0.050000    -0.006000     0.440949     0.776154     0.007715
     0.050000    -0.002000     0.435806     0.776154     0.007079
     0.050000    -0.002000     0.437520     0.776154     0.005216
     0.050000    -0.002000     0.439235     0.776154     0.006029
     0.050000    -0.002000     0.440949     0.776154     0.008916
     0.050000     0.002000     0.435806     0.776154     0.007124
     0.050000     0.002000     0.437520     0.776154     0.005252
     0.050000     0.002000     0.439235     0.776154     0.006045
     0.050000     0.002000     0.440949     0.776154     0.008917
     0.050000     0.006000     0.435806     0.776154     0.007840
     0.050000     0.006000     0.437520     0.776154     0.005298
     0.050000     0.006000     0.439235     0.776154     0.005232
     0.050000     0.006000     0.440949     0.776154     0.007670
     0.050000     0.010000     0.439235     0.776154     0.008988
     0.050000     0.010000     0.440949     0.776154     0.009595


    -0.050000    -0.010000     0.473520     0.776923     0.009613
    -0.050000    -0.010000     0.475235     0.776923     0.008964
    -0.050000    -0.006000     0.473520     0.776923     0.007626
    -0.050000    -0.006000     0.475235     0.776923     0.005094
    -0.050000    -0.006000     0.476949     0.776923     0.005092
    -0.050000    -0.006000     0.478663     0.776923     0.007644
    -0.050000    -0.002000     0.473520     0.776923     0.008856
    -0.050000    -0.002000     0.475235     0.776923     0.005887
    -0.050000    -0.002000     0.476949     0.776923     0.005001
    -0.050000    -0.002000     0.478663     0.776923     0.006874
    -0.050000     0.002000     0.473520     0.776923     0.008855
    -0.050000     0.002000     0.475235     0.776923     0.005871
    -0.050000     0.002000     0.476949     0.776923     0.004964
    -0.050000     0.002000     0.478663     0.776923     0.006828
    -0.050000     0.006000     0.473520     0.776923     0.007672
    -0.050000     0.006000     0.475235     0.776923     0.005105
    -0.050000     0.006000     0.476949     0.776923     0.005043
    -0.050000     0.006000     0.478663     0.776923     0.007560
    -0.050000     0.010000     0.473520     0.776923     0.009799
    -0.050000     0.010000     0.475235     0.776923     0.009100
    -0.046000    -0.018000     0.461520     0.776923     0.008657
    -0.046000    -0.018000     0.463235     0.776923     0.004261
    -0.046000    -0.018000     0.464949     0.776923     0.000030
    -0.046000    -0.018000     0.466663     0.776923     0.000917
    -0.046000    -0.018000     0.468378     0.776923     0.005248
    -0.046000    -0.018000     0.470092     0.776923     0.009679
    -0.046000     0.018000     0.461520     0.776923     0.008812
    -0.046000     0.018000     0.463235     0.776923     0.004463
    -0.046000     0.018000     0.464949     0.776923     0.000364
    -0.046000     0.018000     0.466663     0.776923     0.000925
    -0.046000     0.018000     0.468378     0.776923     0.005131
    -0.046000     0.018000     0.470092     0.776923     0.009519
    -0.042000    -0.026000     0.451235     0.776923     0.008659
    -0.042000    -0.026000     0.452949     0.776923     0.004465
    -0.042000    -0.026000     0.454663     0.776923     0.001032
    -0.042000    -0.026000     0.456378     0.776923     0.001963
    -0.042000    -0.026000     0.458092     0.776923     0.005826
    -0.042000     0.026000     0.451235     0.776923     0.008898
    -0.042000     0.026000     0.452949     0.776923     0.004849
    -0.042000     0.026000     0.454663     0.776923     0.001713
    -0.042000     0.026000     0.456378     0.776923     0.002393
    -0.042000     0.026000     0.458092     0.776923     0.005961
    -0.038000    -0.030000     0.447806     0.776923     0.007190
    -0.038000    -0.030000     0.449520     0.776923     0.006026
    -0.038000    -0.030000     0.451235     0.776923     0.007194
    -0.038000     0.030000     0.446092     0.776923     0.009445
    -0.038000     0.030000     0.447806     0.776923     0.006437
    -0.038000     0.030000     0.449520     0.776923     0.005156
    -0.038000     0.030000     0.451235     0.776923     0.006416
    -0.038000     0.030000     0.452949     0.776923     0.009394
    -0.034000    -0.038000     0.439235     0.776923     0.008999
    -0.034000    -0.038000     0.440949     0.776923     0.009467
    -0.026000    -0.042000     0.437520     0.776923     0.008438
    -0.026000    -0.042000     0.439235     0.776923     0.008033
    -0.026000    -0.042000     0.440949     0.776923     0.009676
    -0.026000     0.042000     0.437520     0.776923     0.007839
    -0.026000     0.042000     0.439235     0.776923     0.007333
    -0.026000     0.042000     0.440949     0.776923     0.008986
    -0.022000    -0.046000     0.435806     0.776923     0.008231
    -0.022000    -0.046000     0.437520     0.776923     0.008144
    -0.022000     0.046000     0.435806     0.776923     0.009137
    -0.022000     0.046000     0.437520     0.776923     0.008892
    -0.018000    -0.046000     0.437520     0.776923     0.008824
    -0.018000    -0.046000     0.439235     0.776923     0.006278
    -0.018000    -0.046000     0.440949     0.776923     0.005973
    -0.018000    -0.046000     0.442663     0.776923     0.008090
    -0.018000     0.046000     0.437520     0.776923     0.008692
    -0.018000     0.046000     0.439235     0.776923     0.005874
    -0.018000     0.046000     0.440949     0.776923     0.005264
    -0.018000     0.046000     0.442663     0.776923     0.007284
    -0.006000    -0.050000     0.447806     0.776923     0.008789
    -0.006000    -0.050000     0.449520     0.776923     0.007694
    -0.006000    -0.050000     0.451235     0.776923     0.008570
    -0.006000     0.050000     0.447806     0.776923     0.009631
    -0.006000     0.050000     0.449520     0.776923     0.008176
    -0.006000     0.050000     0.451235     0.776923     0.008574
    -0.002000    -0.050000     0.451235     0.776923     0.009791
    -0.002000    -0.050000     0.452949     0.776923     0.007080
    -0.002000    -0.050000     0.454663     0.776923     0.006094
    -0.002000    -0.050000     0.456378     0.776923     0.007388
    -0.002000     0.050000     0.452949     0.776923     0.007737
    -0.002000     0.050000     0.454663     0.776923     0.006254
    -0.002000     0.050000     0.456378     0.776923     0.006996
    -0.002000     0.050000     0.458092     0.776923     0.009541
     0.002000    -0.050000     0.456378     0.776923     0.009553
     0.002000    -0.050000     0.458092     0.776923     0.007008
     0.002000    -0.050000     0.459806     0.776923     0.006262
     0.002000    -0.050000     0.461520     0.776923     0.007740
     0.002000     0.050000     0.458092     0.776923     0.007385
     0.002000     0.050000     0.459806     0.776923     0.006086
     0.002000     0.050000     0.461520     0.776923     0.007069
     0.002000     0.050000     0.463235     0.776923     0.009780
     0.006000    -0.050000     0.463235     0.776923     0.008587
     0.006000    -0.050000     0.464949     0.776923     0.008185
     0.006000    -0.050000     0.466663     0.776923     0.009636
     0.006000     0.050000     0.463235     0.776923     0.008567
     0.006000     0.050000     0.464949     0.776923     0.007686
     0.006000     0.050000     0.466663     0.776923     0.008779
     0.018000    -0.046000     0.471806     0.776923     0.007284
     0.018000    -0.046000     0.473520     0.776923     0.005256
     0.018000    -0.046000     0.475235     0.776923     0.005858
     0.018000    -0.046000     0.476949     0.776923     0.008674
     0.018000     0.046000     0.471806     0.776923     0.008100
     0.018000     0.046000     0.473520     0.776923     0.005979
     0.018000     0.046000     0.475235     0.776923     0.006279
     0.018000     0.046000     0.476949     0.776923     0.008821
     0.022000    -0.046000     0.476949     0.776923     0.008900
     0.022000    -0.046000     0.478663     0.776923     0.009139
     0.022000     0.046000     0.476949     0.776923     0.008144
     0.022000     0.046000     0.478663     0.776923     0.008227
     0.026000    -0.042000     0.473520     0.776923     0.008981
     0.026000    -0.042000     0.475235     0.776923     0.007321
     0.026000    -0.042000     0.476949     0.776923     0.007819
     0.026000     0.042000     0.473520     0.776923     0.009684
     0.026000     0.042000     0.475235     0.776923     0.008037
     0.026000     0.042000     0.476949     0.776923     0.008436
     0.034000     0.038000     0.473520     0.776923     0.009466
     0.034000     0.038000     0.475235     0.776923     0.008991
     0.038000    -0.030000     0.461520     0.776923     0.009399
     0.038000    -0.030000     0.463235     0.776923     0.006416
     0.038000    -0.030000     0.464949     0.776923     0.005147
     0.038000    -0.030000     0.466663     0.776923     0.006422
     0.038000    -0.030000     0.468378     0.776923     0.009428
     0.038000     0.030000     0.463235     0.776923     0.007206
     0.038000     0.030000     0.464949     0.776923     0.006028
     0.038000     0.030000     0.466663     0.776923     0.007180
     0.042000    -0.026000     0.456378     0.776923     0.005976
     0.042000    -0.026000     0.458092     0.776923     0.002408
     0.042000    -0.026000     0.459806     0.776923     0.001715
     0.042000    -0.026000     0.461520     0.776923     0.004842
     0.042000    -0.026000     0.463235     0.776923     0.008888
     0.042000     0.026000     0.456378     0.776923     0.005849
     0.042000     0.026000     0.458092     0.776923     0.001983
     0.042000     0.026000     0.459806     0.776923     0.001023
     0.042000     0.026000     0.461520     0.776923     0.004444
     0.042000     0.026000     0.463235     0.776923     0.008637
     0.046000    -0.018000     0.444378     0.776923     0.009533
     0.046000    -0.018000     0.446092     0.776923     0.005144
     0.046000    -0.018000     0.447806     0.776923     0.000933
     0.046000    -0.018000     0.449520     0.776923     0.000346
     0.046000    -0.018000     0.451235     0.776923     0.004446
     0.046000    -0.018000     0.452949     0.776923     0.008796
     0.046000     0.018000     0.444378     0.776923     0.009699
     0.046000     0.018000     0.446092     0.776923     0.005267
     0.046000     0.018000     0.447806     0.776923     0.000930
     0.046000     0.018000     0.449520     0.776923     0.000000
     0.046000     0.018000     0.451235     0.776923     0.004235
     0.046000     0.018000     0.452949     0.776923     0.008632
     0.050000    -0.010000     0.439235     0.776923     0.009080
     0.050000    -0.010000     0.440949     0.776923     0.009774
     0.050000    -0.006000     0.435806     0.776923     0.007550
     0.050000    -0.006000     0.437520     0.776923     0.005017
     0.050000    -0.006000     0.439235     0.776923     0.005067
     0.050000    -0.006000     0.440949     0.776923     0.007636
     0.050000    -0.002000     0.435806     0.776923     0.006814
     0.050000    -0.002000     0.437520     0.776923     0.004934
     0.050000    -0.002000     0.439235     0.776923     0.005834
     0.050000    -0.002000     0.440949     0.776923     0.008820
     0.050000     0.002000     0.435806     0.776923     0.006860
     0.050000     0.002000     0.437520     0.776923     0.004970
     0.050000     0.002000     0.439235     0.776923     0.005848
     0.050000     0.002000     0.440949     0.776923     0.008819
     0.050000     0.006000     0.435806     0.776923     0.007632
     0.050000     0.006000     0.437520     0.776923     0.005063
     0.050000     0.006000     0.439235     0.776923     0.005053
     0.050000     0.006000     0.440949     0.776923     0.007586
     0.050000     0.010000     0.439235     0.776923     0.008940
     0.050000     0.010000     0.440949     0.776923     0.009583


    -0.050000    -0.010000     0.473520     0.777692     0.009557
    -0.050000    -0.010000     0.475235     0.777692     0.008872
    -0.050000    -0.006000     0.473520     0.777692     0.007499
    -0.050000    -0.006000     0.475235     0.777692     0.004871
    -0.050000    -0.006000     0.476949     0.777692     0.004809
    -0.050000    -0.006000     0.478663     0.777692     0.007388
    -0.050000    -0.002000     0.473520     0.777692     0.008714
    -0.050000    -0.002000     0.475235     0.777692     0.005645
    -0.050000    -0.002000     0.476949     0.777692     0.004667
    -0.050000    -0.002000     0.478663     0.777692     0.006559
    -0.050000     0.002000     0.473520     0.777692     0.008714
    -0.050000     0.002000     0.475235     0.777692     0.005630
    -0.050000     0.002000     0.476949     0.777692     0.004631
    -0.050000     0.002000     0.478663     0.777692     0.006513
    -0.050000     0.006000     0.473520     0.777692     0.007549
    -0.050000     0.006000     0.475235     0.777692     0.004887
    -0.050000     0.006000     0.476949     0.777692     0.004764
    -0.050000     0.006000     0.478663     0.777692     0.007307
    -0.050000     0.010000     0.473520     0.777692     0.009749
    -0.050000     0.010000     0.475235     0.777692     0.009014
    -0.046000    -0.018000     0.461520     0.777692     0.008671
    -0.046000    -0.018000     0.463235     0.777692     0.004273
    -0.046000    -0.018000     0.464949     0.777692     0.000026
    -0.046000    -0.018000     0.466663     0.777692     0.000846
    -0.046000    -0.018000     0.468378     0.777692     0.005181
    -0.046000    -0.018000     0.470092     0.777692     0.009613
    -0.046000     0.018000     0.461520     0.777692     0.008832
    -0.046000     0.018000     0.463235     0.777692     0.004486
    -0.046000     0.018000     0.464949     0.777692     0.000391
    -0.046000     0.018000     0.466663     0.777692     0.000882
    -0.046000     0.018000     0.468378     0.777692     0.005076
    -0.046000     0.018000     0.470092     0.777692     0.009460
    -0.042000    -0.026000     0.451235     0.777692     0.008671
    -0.042000    -0.026000     0.452949     0.777692     0.004509
    -0.042000    -0.026000     0.454663     0.777692     0.001165
    -0.042000    -0.026000     0.456378     0.777692     0.002074
    -0.042000    -0.026000     0.458092     0.777692     0.005878
    -0.042000     0.026000     0.451235     0.777692     0.008915
    -0.042000     0.026000     0.452949     0.777692     0.004899
    -0.042000     0.026000     0.454663     0.777692     0.001837
    -0.042000     0.026000     0.456378     0.777692     0.002508
    -0.042000     0.026000     0.458092     0.777692     0.006021
    -0.038000    -0.030000     0.446092     0.777692     0.009919
    -0.038000    -0.030000     0.447806     0.777692     0.007063
    -0.038000    -0.030000     0.449520     0.777692     0.005907
    -0.038000    -0.030000     0.451235     0.777692     0.007106
    -0.038000    -0.030000     0.452949     0.777692     0.009964
    -0.038000     0.030000     0.446092     0.777692     0.009325
    -0.038000     0.030000     0.447806     0.777692     0.006306
    -0.038000     0.030000     0.449520     0.777692     0.005031
    -0.038000     0.030000     0.451235     0.777692     0.006329
    -0.038000     0.030000     0.452949     0.777692     0.009339
    -0.034000    -0.038000     0.439235     0.777692     0.008896
    -0.034000    -0.038000     0.440949     0.777692     0.009401
    -0.034000     0.038000     0.439235     0.777692     0.009994
    -0.026000    -0.042000     0.437520     0.777692     0.008147
    -0.026000    -0.042000     0.439235     0.777692     0.007775
    -0.026000    -0.042000     0.440949     0.777692     0.009487
    -0.026000     0.042000     0.435806     0.777692     0.009973
    -0.026000     0.042000     0.437520     0.777692     0.007533
    -0.026000     0.042000     0.439235     0.777692     0.007058
    -0.026000     0.042000     0.440949     0.777692     0.008788
    -0.022000    -0.046000     0.435806     0.777692     0.008012
    -0.022000    -0.046000     0.437520     0.777692     0.007968
    -0.022000    -0.046000     0.439235     0.777692     0.009949
    -0.022000     0.046000     0.435806     0.777692     0.008936
    -0.022000     0.046000     0.437520     0.777692     0.008729
    -0.018000    -0.046000     0.437520     0.777692     0.008560
    -0.018000    -0.046000     0.439235     0.777692     0.005986
    -0.018000    -0.046000     0.440949     0.777692     0.005720
    -0.018000    -0.046000     0.442663     0.777692     0.007925
    -0.018000     0.046000     0.437520     0.777692     0.008426
    -0.018000     0.046000     0.439235     0.777692     0.005568
    -0.018000     0.046000     0.440949     0.777692     0.004989
    -0.018000     0.046000     0.442663     0.777692     0.007106
    -0.006000    -0.050000     0.447806     0.777692     0.008831
    -0.006000    -0.050000     0.449520     0.777692     0.007760
    -0.006000    -0.050000     0.451235     0.777692     0.008645
    -0.006000     0.050000     0.447806     0.777692     0.009669
    -0.006000     0.050000     0.449520     0.777692     0.008239
    -0.006000     0.050000     0.451235     0.777692     0.008649
    -0.002000    -0.050000     0.451235     0.777692     0.009846
    -0.002000    -0.050000     0.452949     0.777692     0.007165
    -0.002000    -0.050000     0.454663     0.777692     0.006200
    -0.002000    -0.050000     0.456378     0.777692     0.007483
    -0.002000     0.050000     0.452949     0.777692     0.007817
    -0.002000     0.050000     0.454663     0.777692     0.006358
    -0.002000     0.050000     0.456378     0.777692     0.007095
    -0.002000     0.050000     0.458092     0.777692     0.009617
     0.002000    -0.050000     0.456378     0.777692     0.009629
     0.002000    -0.050000     0.458092     0.777692     0.007107
     0.002000    -0.050000     0.459806     0.777692     0.006366
     0.002000    -0.050000     0.461520     0.777692     0.007820
     0.002000     0.050000     0.458092     0.777692     0.007480
     0.002000     0.050000     0.459806     0.777692     0.006192
     0.002000     0.050000     0.461520     0.777692     0.007155
     0.002000     0.050000     0.463235     0.777692     0.009835
     0.006000    -0.050000     0.463235     0.777692     0.008662
     0.006000    -0.050000     0.464949     0.777692     0.008249
     0.006000    -0.050000     0.466663     0.777692     0.009674
     0.006000     0.050000     0.463235     0.777692     0.008642
     0.006000     0.050000     0.464949     0.777692     0.007753
     0.006000     0.050000     0.466663     0.777692     0.008821
     0.018000    -0.046000     0.471806     0.777692     0.007107
     0.018000    -0.046000     0.473520     0.777692     0.004980
     0.018000    -0.046000     0.475235     0.777692     0.005552
     0.018000    -0.046000     0.476949     0.777692     0.008408
     0.018000     0.046000     0.471806     0.777692     0.007935
     0.018000     0.046000     0.473520     0.777692     0.005726
     0.018000     0.046000     0.475235     0.777692     0.005986
     0.018000     0.046000     0.476949     0.777692     0.008556
     0.022000    -0.046000     0.476949     0.777692     0.008738
     0.022000    -0.046000     0.478663     0.777692     0.008939
     0.022000     0.046000     0.475235     0.777692     0.009953
     0.022000     0.046000     0.476949     0.777692     0.007968
     0.022000     0.046000     0.478663     0.777692     0.008007
     0.026000    -0.042000     0.473520     0.777692     0.008784
     0.026000    -0.042000     0.475235     0.777692     0.007046
     0.026000    -0.042000     0.476949     0.777692     0.007514
     0.026000    -0.042000     0.478663     0.777692     0.009952
     0.026000     0.042000     0.473520     0.777692     0.009496
     0.026000     0.042000     0.475235     0.777692     0.007779
     0.026000     0.042000     0.476949     0.777692     0.008145
     0.034000    -0.038000     0.475235     0.777692     0.009998
     0.034000     0.038000     0.473520     0.777692     0.009400
     0.034000     0.038000     0.475235     0.777692     0.008888
     0.038000    -0.030000     0.461520     0.777692     0.009345
     0.038000    -0.030000     0.463235     0.777692     0.006329
     0.038000    -0.030000     0.464949     0.777692     0.005023
     0.038000    -0.030000     0.466663     0.777692     0.006291
     0.038000    -0.030000     0.468378     0.777692     0.009309
     0.038000     0.030000     0.461520     0.777692     0.009983
     0.038000     0.030000     0.463235     0.777692     0.007119
     0.038000     0.030000     0.464949     0.777692     0.005909
     0.038000     0.030000     0.466663     0.777692     0.007053
     0.038000     0.030000     0.468378     0.777692     0.009902
     0.042000    -0.026000     0.456378     0.777692     0.006038
     0.042000    -0.026000     0.458092     0.777692     0.002524
     0.042000    -0.026000     0.459806     0.777692     0.001841
     0.042000    -0.026000     0.461520     0.777692     0.004893
     0.042000    -0.026000     0.463235     0.777692     0.008906
     0.042000     0.026000     0.456378     0.777692     0.005902
     0.042000     0.026000     0.458092     0.777692     0.002095
     0.042000     0.026000     0.459806     0.777692     0.001159
     0.042000     0.026000     0.461520     0.777692     0.004490
     0.042000     0.026000     0.463235     0.777692     0.008650
     0.046000    -0.018000     0.444378     0.777692     0.009475
     0.046000    -0.018000     0.446092     0.777692     0.005090
     0.046000    -0.018000     0.447806     0.777692     0.000894
     0.046000    -0.018000     0.449520     0.777692     0.000377
     0.046000    -0.018000     0.451235     0.777692     0.004470
     0.046000    -0.018000     0.452949     0.777692     0.008817
     0.046000     0.018000     0.444378     0.777692     0.009633
     0.046000     0.018000     0.446092     0.777692     0.005201
     0.046000     0.018000     0.447806     0.777692     0.000862
     0.046000     0.018000     0.449520     0.777692     0.000000
     0.046000     0.018000     0.451235     0.777692     0.004249
     0.046000     0.018000     0.452949     0.777692     0.008646
     0.050000    -0.010000     0.439235     0.777692     0.008995
     0.050000    -0.010000     0.440949     0.777692     0.009724
     0.050000    -0.006000     0.435806     0.777692     0.007297
     0.050000    -0.006000     0.437520     0.777692     0.004738
     0.050000    -0.006000     0.439235     0.777692     0.004850
     0.050000    -0.006000     0.440949     0.777692     0.007513
     0.050000    -0.002000     0.435806     0.777692     0.006500
     0.050000    -0.002000     0.437520     0.777692     0.004601
     0.050000    -0.002000     0.439235     0.777692     0.005593
     0.050000    -0.002000     0.440949     0.777692     0.008679
     0.050000     0.002000     0.435806     0.777692     0.006545
     0.050000     0.002000     0.437520     0.777692     0.004636
     0.050000     0.002000     0.439235     0.777692     0.005606
     0.050000     0.002000     0.440949     0.777692     0.008678
     0.050000     0.006000     0.435806     0.777692     0.007377
     0.050000     0.006000     0.437520     0.777692     0.004780
     0.050000     0.006000     0.439235     0.777692     0.004829
     0.050000     0.006000     0.440949     0.777692     0.007460
     0.050000     0.010000     0.439235     0.777692     0.008849
     0.050000     0.010000     0.440949     0.777692     0.009528


    -0.050000    -0.010000     0.473520     0.778462     0.009460
    -0.050000    -0.010000     0.475235     0.778462     0.008738
    -0.050000    -0.010000     0.476949     0.778462     0.009869
    -0.050000    -0.006000     0.473520     0.778462     0.007331
    -0.050000    -0.006000     0.475235     0.778462     0.004606
    -0.050000    -0.006000     0.476949     0.778462     0.004480
    -0.050000    -0.006000     0.478663     0.778462     0.007087
    -0.050000    -0.002000     0.473520     0.778462     0.008529
    -0.050000    -0.002000     0.475235     0.778462     0.005359
    -0.050000    -0.002000     0.476949     0.778462     0.004284
    -0.050000    -0.002000     0.478663     0.778462     0.006195
    -0.050000    -0.002000     0.480378     0.778462     0.009743
    -0.050000     0.002000     0.473520     0.778462     0.008531
    -0.050000     0.002000     0.475235     0.778462     0.005346
    -0.050000     0.002000     0.476949     0.778462     0.004247
    -0.050000     0.002000     0.478663     0.778462     0.006149
    -0.050000     0.002000     0.480378     0.778462     0.009698
    -0.050000     0.006000     0.473520     0.778462     0.007385
    -0.050000     0.006000     0.475235     0.778462     0.004628
    -0.050000     0.006000     0.476949     0.778462     0.004440
    -0.050000     0.006000     0.478663     0.778462     0.007008
    -0.050000     0.010000     0.473520     0.778462     0.009657
    -0.050000     0.010000     0.475235     0.778462     0.008887
    -0.050000     0.010000     0.476949     0.778462     0.009942
    -0.046000    -0.018000     0.461520     0.778462     0.008643
    -0.046000    -0.018000     0.463235     0.778462     0.004251
    -0.046000    -0.018000     0.464949     0.778462     0.000021
    -0.046000    -0.018000     0.466663     0.778462     0.000760
    -0.046000    -0.018000     0.468378     0.778462     0.005078
    -0.046000    -0.018000     0.470092     0.778462     0.009504
    -0.046000     0.018000     0.461520     0.778462     0.008811
    -0.046000     0.018000     0.463235     0.778462     0.004474
    -0.046000     0.018000     0.464949     0.778462     0.000409
    -0.046000     0.018000     0.466663     0.778462     0.000825
    -0.046000     0.018000     0.468378     0.778462     0.004984
    -0.046000     0.018000     0.470092     0.778462     0.009359
    -0.042000    -0.026000     0.451235     0.778462     0.008642
    -0.042000    -0.026000     0.452949     0.778462     0.004518
    -0.042000    -0.026000     0.454663     0.778462     0.001272
    -0.042000    -0.026000     0.456378     0.778462     0.002155
    -0.042000    -0.026000     0.458092     0.778462     0.005892
    -0.042000     0.026000     0.451235     0.778462     0.008891
    -0.042000     0.026000     0.452949     0.778462     0.004913
    -0.042000     0.026000     0.454663     0.778462     0.001932
    -0.042000     0.026000     0.456378     0.778462     0.002591
    -0.042000     0.026000     0.458092     0.778462     0.006043
    -0.038000    -0.030000     0.446092     0.778462     0.009757
    -0.038000    -0.030000     0.447806     0.778462     0.006895
    -0.038000    -0.030000     0.449520     0.778462     0.005748
    -0.038000    -0.030000     0.451235     0.778462     0.006979
    -0.038000    -0.030000     0.452949     0.778462     0.009864
    -0.038000     0.030000     0.446092     0.778462     0.009163
    -0.038000     0.030000     0.447806     0.778462     0.006135
    -0.038000     0.030000     0.449520     0.778462     0.004870
    -0.038000     0.030000     0.451235     0.778462     0.006203
    -0.038000     0.030000     0.452949     0.778462     0.009243
    -0.034000    -0.038000     0.439235     0.778462     0.008750
    -0.034000    -0.038000     0.440949     0.778462     0.009292
    -0.034000     0.038000     0.439235     0.778462     0.009859
    -0.026000    -0.042000     0.437520     0.778462     0.007808
    -0.026000    -0.042000     0.439235     0.778462     0.007470
    -0.026000    -0.042000     0.440949     0.778462     0.009255
    -0.026000     0.042000     0.435806     0.778462     0.009641
    -0.026000     0.042000     0.437520     0.778462     0.007178
    -0.026000     0.042000     0.439235     0.778462     0.006737
    -0.026000     0.042000     0.440949     0.778462     0.008547
    -0.022000    -0.046000     0.434092     0.778462     0.009811
    -0.022000    -0.046000     0.435806     0.778462     0.007748
    -0.022000    -0.046000     0.437520     0.778462     0.007749
    -0.022000    -0.046000     0.439235     0.778462     0.009793
    -0.022000     0.046000     0.435806     0.778462     0.008691
    -0.022000     0.046000     0.437520     0.778462     0.008523
    -0.018000    -0.046000     0.437520     0.778462     0.008248
    -0.018000    -0.046000     0.439235     0.778462     0.005646
    -0.018000    -0.046000     0.440949     0.778462     0.005422
    -0.018000    -0.046000     0.442663     0.778462     0.007717
    -0.018000     0.046000     0.437520     0.778462     0.008113
    -0.018000     0.046000     0.439235     0.778462     0.005215
    -0.018000     0.046000     0.440949     0.778462     0.004668
    -0.018000     0.046000     0.442663     0.778462     0.006887
    -0.006000    -0.050000     0.447806     0.778462     0.008832
    -0.006000    -0.050000     0.449520     0.778462     0.007786
    -0.006000    -0.050000     0.451235     0.778462     0.008678
    -0.006000     0.050000     0.447806     0.778462     0.009665
    -0.006000     0.050000     0.449520     0.778462     0.008261
    -0.006000     0.050000     0.451235     0.778462     0.008682
    -0.002000    -0.050000     0.451235     0.778462     0.009858
    -0.002000    -0.050000     0.452949     0.778462     0.007210
    -0.002000    -0.050000     0.454663     0.778462     0.006266
    -0.002000    -0.050000     0.456378     0.778462     0.007536
    -0.002000     0.050000     0.452949     0.778462     0.007855
    -0.002000     0.050000     0.454663     0.778462     0.006422
    -0.002000     0.050000     0.456378     0.778462     0.007154
    -0.002000     0.050000     0.458092     0.778462     0.009650
     0.002000    -0.050000     0.456378     0.778462     0.009662
     0.002000    -0.050000     0.458092     0.778462     0.007165
     0.002000    -0.050000     0.459806     0.778462     0.006430
     0.002000    -0.050000     0.461520     0.778462     0.007858
     0.002000     0.050000     0.458092     0.778462     0.007533
     0.002000     0.050000     0.459806     0.778462     0.006259
     0.002000     0.050000     0.461520     0.778462     0.007200
     0.002000     0.050000     0.463235     0.778462     0.009847
     0.006000    -0.050000     0.463235     0.778462     0.008695
     0.006000    -0.050000     0.464949     0.778462     0.008271
     0.006000    -0.050000     0.466663     0.778462     0.009670
     0.006000     0.050000     0.463235     0.778462     0.008675
     0.006000     0.050000     0.464949     0.778462     0.007779
     0.006000     0.050000     0.466663     0.778462     0.008822
     0.018000    -0.046000     0.471806     0.778462     0.006888
     0.018000    -0.046000     0.473520     0.778462     0.004660
     0.018000    -0.046000     0.475235     0.778462     0.005199
     0.018000    -0.046000     0.476949     0.778462     0.008095
     0.018000     0.046000     0.471806     0.778462     0.007727
     0.018000     0.046000     0.473520     0.778462     0.005429
     0.018000     0.046000     0.475235     0.778462     0.005646
     0.018000     0.046000     0.476949     0.778462     0.008245
     0.022000    -0.046000     0.476949     0.778462     0.008532
     0.022000    -0.046000     0.478663     0.778462     0.008694
     0.022000     0.046000     0.475235     0.778462     0.009796
     0.022000     0.046000     0.476949     0.778462     0.007749
     0.022000     0.046000     0.478663     0.778462     0.007743
     0.022000     0.046000     0.480378     0.778462     0.009804
     0.026000    -0.042000     0.473520     0.778462     0.008543
     0.026000    -0.042000     0.475235     0.778462     0.006725
     0.026000    -0.042000     0.476949     0.778462     0.007159
     0.026000    -0.042000     0.478663     0.778462     0.009619
     0.026000     0.042000     0.473520     0.778462     0.009264
     0.026000     0.042000     0.475235     0.778462     0.007475
     0.026000     0.042000     0.476949     0.778462     0.007807
     0.034000    -0.038000     0.475235     0.778462     0.009864
     0.034000     0.038000     0.473520     0.778462     0.009292
     0.034000     0.038000     0.475235     0.778462     0.008743
     0.038000    -0.030000     0.461520     0.778462     0.009250
     0.038000    -0.030000     0.463235     0.778462     0.006205
     0.038000    -0.030000     0.464949     0.778462     0.004863
     0.038000    -0.030000     0.466663     0.778462     0.006121
     0.038000    -0.030000     0.468378     0.778462     0.009147
     0.038000     0.030000     0.461520     0.778462     0.009884
     0.038000     0.030000     0.463235     0.778462     0.006993
     0.038000     0.030000     0.464949     0.778462     0.005751
     0.038000     0.030000     0.466663     0.778462     0.006885
     0.038000     0.030000     0.468378     0.778462     0.009741
     0.042000    -0.026000     0.456378     0.778462     0.006060
     0.042000    -0.026000     0.458092     0.778462     0.002608
     0.042000    -0.026000     0.459806     0.778462     0.001938
     0.042000    -0.026000     0.461520     0.778462     0.004908
     0.042000    -0.026000     0.463235     0.778462     0.008883
     0.042000     0.026000     0.456378     0.778462     0.005917
     0.042000     0.026000     0.458092     0.778462     0.002177
     0.042000     0.026000     0.459806     0.778462     0.001269
     0.042000     0.026000     0.461520     0.778462     0.004500
     0.042000     0.026000     0.463235     0.778462     0.008621
     0.046000    -0.018000     0.444378     0.778462     0.009374
     0.046000    -0.018000     0.446092     0.778462     0.004999
     0.046000    -0.018000     0.447806     0.778462     0.000839
     0.046000    -0.018000     0.449520     0.778462     0.000398
     0.046000    -0.018000     0.451235     0.778462     0.004460
     0.046000    -0.018000     0.452949     0.778462     0.008796
     0.046000     0.018000     0.444378     0.778462     0.009525
     0.046000     0.018000     0.446092     0.778462     0.005100
     0.046000     0.018000     0.447806     0.778462     0.000779
     0.046000     0.018000     0.449520     0.778462     0.000000
     0.046000     0.018000     0.451235     0.778462     0.004228
     0.046000     0.018000     0.452949     0.778462     0.008620
     0.050000    -0.010000     0.437520     0.778462     0.009931
     0.050000    -0.010000     0.439235     0.778462     0.008869
     0.050000    -0.010000     0.440949     0.778462     0.009633
     0.050000    -0.006000     0.435806     0.778462     0.006998
     0.050000    -0.006000     0.437520     0.778462     0.004414
     0.050000    -0.006000     0.439235     0.778462     0.004591
     0.050000    -0.006000     0.440949     0.778462     0.007350
     0.050000    -0.002000     0.434092     0.778462     0.009696
     0.050000    -0.002000     0.435806     0.778462     0.006136
     0.050000    -0.002000     0.437520     0.778462     0.004217
     0.050000    -0.002000     0.439235     0.778462     0.005308
     0.050000    -0.002000     0.440949     0.778462     0.008496
     0.050000     0.002000     0.434092     0.778462     0.009741
     0.050000     0.002000     0.435806     0.778462     0.006181
     0.050000     0.002000     0.437520     0.778462     0.004252
     0.050000     0.002000     0.439235     0.778462     0.005320
     0.050000     0.002000     0.440949     0.778462     0.008493
     0.050000     0.006000     0.435806     0.778462     0.007076
     0.050000     0.006000     0.437520     0.778462     0.004451
     0.050000     0.006000     0.439235     0.778462     0.004564
     0.050000     0.006000     0.440949     0.778462     0.007292
     0.050000     0.010000     0.437520     0.778462     0.009856
     0.050000     0.010000     0.439235     0.778462     0.008716
     0.050000     0.010000     0.440949     0.778462     0.009431


    -0.050000    -0.010000     0.473520     0.779231     0.009325
    -0.050000    -0.010000     0.475235     0.779231     0.008568
    -0.050000    -0.010000     0.476949     0.779231     0.009671
    -0.050000    -0.006000     0.473520     0.779231     0.007127
    -0.050000    -0.006000     0.475235     0.779231     0.004305
    -0.050000    -0.006000     0.476949     0.779231     0.004111
    -0.050000    -0.006000     0.478663     0.779231     0.006745
    -0.050000    -0.002000     0.473520     0.779231     0.008307
    -0.050000    -0.002000     0.475235     0.779231     0.005035
    -0.050000    -0.002000     0.476949     0.779231     0.003854
    -0.050000    -0.002000     0.478663     0.779231     0.005787
    -0.050000    -0.002000     0.480378     0.779231     0.009387
    -0.050000     0.002000     0.473520     0.779231     0.008310
    -0.050000     0.002000     0.475235     0.779231     0.005024
    -0.050000     0.002000     0.476949     0.779231     0.003819
    -0.050000     0.002000     0.478663     0.779231     0.005741
    -0.050000     0.002000     0.480378     0.779231     0.009341
    -0.050000     0.006000     0.473520     0.779231     0.007186
    -0.050000     0.006000     0.475235     0.779231     0.004334
    -0.050000     0.006000     0.476949     0.779231     0.004076
    -0.050000     0.006000     0.478663     0.779231     0.006668
    -0.050000     0.010000     0.473520     0.779231     0.009527
    -0.050000     0.010000     0.475235     0.779231     0.008723
    -0.050000     0.010000     0.476949     0.779231     0.009750
    -0.046000    -0.018000     0.461520     0.779231     0.008579
    -0.046000    -0.018000     0.463235     0.779231     0.004199
    -0.046000    -0.018000     0.464949     0.779231     0.000015
    -0.046000    -0.018000     0.466663     0.779231     0.000664
    -0.046000    -0.018000     0.468378     0.779231     0.004943
    -0.046000    -0.018000     0.470092     0.779231     0.009358
    -0.046000     0.014000     0.468378     0.779231     0.009836
    -0.046000     0.018000     0.461520     0.779231     0.008753
    -0.046000     0.018000     0.463235     0.779231     0.004432
    -0.046000     0.018000     0.464949     0.779231     0.000418
    -0.046000     0.018000     0.466663     0.779231     0.000758
    -0.046000     0.018000     0.468378     0.779231     0.004861
    -0.046000     0.018000     0.470092     0.779231     0.009220
    -0.042000    -0.026000     0.451235     0.779231     0.008577
    -0.042000    -0.026000     0.452949     0.779231     0.004495
    -0.042000    -0.026000     0.454663     0.779231     0.001354
    -0.042000    -0.026000     0.456378     0.779231     0.002208
    -0.042000    -0.026000     0.458092     0.779231     0.005872
    -0.042000     0.026000     0.451235     0.779231     0.008830
    -0.042000     0.026000     0.452949     0.779231     0.004895
    -0.042000     0.026000     0.454663     0.779231     0.002000
    -0.042000     0.026000     0.456378     0.779231     0.002644
    -0.042000     0.026000     0.458092     0.779231     0.006031
    -0.038000    -0.030000     0.446092     0.779231     0.009557
    -0.038000    -0.030000     0.447806     0.779231     0.006691
    -0.038000    -0.030000     0.449520     0.779231     0.005557
    -0.038000    -0.030000     0.451235     0.779231     0.006817
    -0.038000    -0.030000     0.452949     0.779231     0.009727
    -0.038000     0.030000     0.446092     0.779231     0.008964
    -0.038000     0.030000     0.447806     0.779231     0.005930
    -0.038000     0.030000     0.449520     0.779231     0.004677
    -0.038000     0.030000     0.451235     0.779231     0.006044
    -0.038000     0.030000     0.452949     0.779231     0.009110
    -0.034000    -0.038000     0.437520     0.779231     0.009890
    -0.034000    -0.038000     0.439235     0.779231     0.008568
    -0.034000    -0.038000     0.440949     0.779231     0.009147
    -0.034000     0.038000     0.439235     0.779231     0.009686
    -0.026000    -0.042000     0.435806     0.779231     0.009748
    -0.026000    -0.042000     0.437520     0.779231     0.007427
    -0.026000    -0.042000     0.439235     0.779231     0.007125
    -0.026000    -0.042000     0.440949     0.779231     0.008983
    -0.026000     0.042000     0.435806     0.779231     0.009265
    -0.026000     0.042000     0.437520     0.779231     0.006780
    -0.026000     0.042000     0.439235     0.779231     0.006374
    -0.026000     0.042000     0.440949     0.779231     0.008267
    -0.022000    -0.046000     0.434092     0.779231     0.009501
    -0.022000    -0.046000     0.435806     0.779231     0.007445
    -0.022000    -0.046000     0.437520     0.779231     0.007493
    -0.022000    -0.046000     0.439235     0.779231     0.009598
    -0.022000     0.046000     0.435806     0.779231     0.008407
    -0.022000     0.046000     0.437520     0.779231     0.008279
    -0.018000    -0.046000     0.437520     0.779231     0.007896
    -0.018000    -0.046000     0.439235     0.779231     0.005264
    -0.018000    -0.046000     0.440949     0.779231     0.005085
    -0.018000    -0.046000     0.442663     0.779231     0.007472
    -0.018000     0.046000     0.437520     0.779231     0.007759
    -0.018000     0.046000     0.439235     0.779231     0.004819
    -0.018000     0.046000     0.440949     0.779231     0.004307
    -0.018000     0.046000     0.442663     0.779231     0.006631
    -0.006000    -0.050000     0.447806     0.779231     0.008795
    -0.006000    -0.050000     0.449520     0.779231     0.007775
    -0.006000    -0.050000     0.451235     0.779231     0.008674
    -0.006000     0.050000     0.447806     0.779231     0.009624
    -0.006000     0.050000     0.449520     0.779231     0.008246
    -0.006000     0.050000     0.451235     0.779231     0.008678
    -0.002000    -0.050000     0.451235     0.779231     0.009833
    -0.002000    -0.050000     0.452949     0.779231     0.007219
    -0.002000    -0.050000     0.454663     0.779231     0.006296
    -0.002000    -0.050000     0.456378     0.779231     0.007552
    -0.002000     0.050000     0.452949     0.779231     0.007856
    -0.002000     0.050000     0.454663     0.779231     0.006450
    -0.002000     0.050000     0.456378     0.779231     0.007175
    -0.002000     0.050000     0.458092     0.779231     0.009645
     0.002000    -0.050000     0.456378     0.779231     0.009657
     0.002000    -0.050000     0.458092     0.779231     0.007186
     0.002000    -0.050000     0.459806     0.779231     0.006458
     0.002000    -0.050000     0.461520     0.779231     0.007859
     0.002000     0.050000     0.458092     0.779231     0.007550
     0.002000     0.050000     0.459806     0.779231     0.006289
     0.002000     0.050000     0.461520     0.779231     0.007209
     0.002000     0.050000     0.463235     0.779231     0.009822
     0.006000    -0.050000     0.463235     0.779231     0.008690
     0.006000    -0.050000     0.464949     0.779231     0.008256
     0.006000    -0.050000     0.466663     0.779231     0.009629
     0.006000     0.050000     0.463235     0.779231     0.008670
     0.006000     0.050000     0.464949     0.779231     0.007768
     0.006000     0.050000     0.466663     0.779231     0.008785
     0.018000    -0.046000     0.471806     0.779231     0.006632
     0.018000    -0.046000     0.473520     0.779231     0.004299
     0.018000    -0.046000     0.475235     0.779231     0.004802
     0.018000    -0.046000     0.476949     0.779231     0.007740
     0.018000     0.046000     0.471806     0.779231     0.007483
     0.018000     0.046000     0.473520     0.779231     0.005092
     0.018000     0.046000     0.475235     0.779231     0.005265
     0.018000     0.046000     0.476949     0.779231     0.007892
     0.022000    -0.046000     0.476949     0.779231     0.008289
     0.022000    -0.046000     0.478663     0.779231     0.008410
     0.022000     0.046000     0.475235     0.779231     0.009602
     0.022000     0.046000     0.476949     0.779231     0.007493
     0.022000     0.046000     0.478663     0.779231     0.007440
     0.022000     0.046000     0.480378     0.779231     0.009494
     0.026000    -0.042000     0.473520     0.779231     0.008264
     0.026000    -0.042000     0.475235     0.779231     0.006362
     0.026000    -0.042000     0.476949     0.779231     0.006761
     0.026000    -0.042000     0.478663     0.779231     0.009243
     0.026000     0.042000     0.473520     0.779231     0.008993
     0.026000     0.042000     0.475235     0.779231     0.007129
     0.026000     0.042000     0.476949     0.779231     0.007425
     0.026000     0.042000     0.478663     0.779231     0.009742
     0.034000    -0.038000     0.475235     0.779231     0.009692
     0.034000     0.038000     0.473520     0.779231     0.009147
     0.034000     0.038000     0.475235     0.779231     0.008561
     0.034000     0.038000     0.476949     0.779231     0.009878
     0.038000    -0.030000     0.461520     0.779231     0.009117
     0.038000    -0.030000     0.463235     0.779231     0.006047
     0.038000    -0.030000     0.464949     0.779231     0.004670
     0.038000    -0.030000     0.466663     0.779231     0.005916
     0.038000    -0.030000     0.468378     0.779231     0.008948
     0.038000     0.030000     0.461520     0.779231     0.009747
     0.038000     0.030000     0.463235     0.779231     0.006832
     0.038000     0.030000     0.464949     0.779231     0.005560
     0.038000     0.030000     0.466663     0.779231     0.006683
     0.038000     0.030000     0.468378     0.779231     0.009542
     0.042000    -0.026000     0.456378     0.779231     0.006048
     0.042000    -0.026000     0.458092     0.779231     0.002662
     0.042000    -0.026000     0.459806     0.779231     0.002007
     0.042000    -0.026000     0.461520     0.779231     0.004891
     0.042000    -0.026000     0.463235     0.779231     0.008823
     0.042000     0.026000     0.456378     0.779231     0.005898
     0.042000     0.026000     0.458092     0.779231     0.002232
     0.042000     0.026000     0.459806     0.779231     0.001354
     0.042000     0.026000     0.461520     0.779231     0.004479
     0.042000     0.026000     0.463235     0.779231     0.008557
     0.046000    -0.018000     0.444378     0.779231     0.009237
     0.046000    -0.018000     0.446092     0.779231     0.004878
     0.046000    -0.018000     0.447806     0.779231     0.000774
     0.046000    -0.018000     0.449520     0.779231     0.000410
     0.046000    -0.018000     0.451235     0.779231     0.004419
     0.046000    -0.018000     0.452949     0.779231     0.008739
     0.046000    -0.014000     0.446092     0.779231     0.009839
     0.046000     0.018000     0.444378     0.779231     0.009381
     0.046000     0.018000     0.446092     0.779231     0.004966
     0.046000     0.018000     0.447806     0.779231     0.000687
     0.046000     0.018000     0.449520     0.779231     0.000000
     0.046000     0.018000     0.451235     0.779231     0.004178
     0.046000     0.018000     0.452949     0.779231     0.008557
     0.050000    -0.010000     0.437520     0.779231     0.009739
     0.050000    -0.010000     0.439235     0.779231     0.008705
     0.050000    -0.010000     0.440949     0.779231     0.009504
     0.050000    -0.006000     0.435806     0.779231     0.006659
     0.050000    -0.006000     0.437520     0.779231     0.004050
     0.050000    -0.006000     0.439235     0.779231     0.004296
     0.050000    -0.006000     0.440949     0.779231     0.007151
     0.050000    -0.002000     0.434092     0.779231     0.009340
     0.050000    -0.002000     0.435806     0.779231     0.005729
     0.050000    -0.002000     0.437520     0.779231     0.003788
     0.050000    -0.002000     0.439235     0.779231     0.004986
     0.050000    -0.002000     0.440949     0.779231     0.008276
     0.050000     0.002000     0.434092     0.779231     0.009385
     0.050000     0.002000     0.435806     0.779231     0.005774
     0.050000     0.002000     0.437520     0.779231     0.003823
     0.050000     0.002000     0.439235     0.779231     0.004996
     0.050000     0.002000     0.440949     0.779231     0.008272
     0.050000     0.006000     0.435806     0.779231     0.006734
     0.050000     0.006000     0.437520     0.779231     0.004082
     0.050000     0.006000     0.439235     0.779231     0.004263
     0.050000     0.006000     0.440949     0.779231     0.007088
     0.050000     0.010000     0.437520     0.779231     0.009658
     0.050000     0.010000     0.439235     0.779231     0.008546
     0.050000     0.010000     0.440949     0.779231     0.009297


    -0.050000    -0.010000     0.473520     0.780000     0.009160
    -0.050000    -0.010000     0.475235     0.780000     0.008367
    -0.050000    -0.010000     0.476949     0.780000     0.009442
    -0.050000    -0.006000     0.473520     0.780000     0.006894
    -0.050000    -0.006000     0.475235     0.780000     0.003975
    -0.050000    -0.006000     0.476949     0.780000     0.003709
    -0.050000    -0.006000     0.478663     0.780000     0.006369
    -0.050000    -0.002000     0.473520     0.780000     0.008055
    -0.050000    -0.002000     0.475235     0.780000     0.004681
    -0.050000    -0.002000     0.476949     0.780000     0.003387
    -0.050000    -0.002000     0.478663     0.780000     0.005341
    -0.050000    -0.002000     0.480378     0.780000     0.008994
    -0.050000     0.002000     0.473520     0.780000     0.008059
    -0.050000     0.002000     0.475235     0.780000     0.004670
    -0.050000     0.002000     0.476949     0.780000     0.003351
    -0.050000     0.002000     0.478663     0.780000     0.005296
    -0.050000     0.002000     0.480378     0.780000     0.008949
    -0.050000     0.006000     0.473520     0.780000     0.006957
    -0.050000     0.006000     0.475235     0.780000     0.004011
    -0.050000     0.006000     0.476949     0.780000     0.003679
    -0.050000     0.006000     0.478663     0.780000     0.006295
    -0.050000     0.010000     0.473520     0.780000     0.009367
    -0.050000     0.010000     0.475235     0.780000     0.008529
    -0.050000     0.010000     0.476949     0.780000     0.009527
    -0.046000    -0.018000     0.461520     0.780000     0.008486
    -0.046000    -0.018000     0.463235     0.780000     0.004124
    -0.046000    -0.018000     0.464949     0.780000     0.000011
    -0.046000    -0.018000     0.466663     0.780000     0.000565
    -0.046000    -0.018000     0.468378     0.780000     0.004784
    -0.046000    -0.018000     0.470092     0.780000     0.009182
    -0.046000    -0.014000     0.468378     0.780000     0.009947
    -0.046000     0.014000     0.468378     0.780000     0.009584
    -0.046000     0.018000     0.461520     0.780000     0.008665
    -0.046000     0.018000     0.463235     0.780000     0.004365
    -0.046000     0.018000     0.464949     0.780000     0.000421
    -0.046000     0.018000     0.466663     0.780000     0.000685
    -0.046000     0.018000     0.468378     0.780000     0.004714
    -0.046000     0.018000     0.470092     0.780000     0.009052
    -0.042000    -0.026000     0.451235     0.780000     0.008482
    -0.042000    -0.026000     0.452949     0.780000     0.004448
    -0.042000    -0.026000     0.454663     0.780000     0.001414
    -0.042000    -0.026000     0.456378     0.780000     0.002240
    -0.042000    -0.026000     0.458092     0.780000     0.005824
    -0.042000    -0.026000     0.459806     0.780000     0.009954
    -0.042000     0.026000     0.451235     0.780000     0.008740
    -0.042000     0.026000     0.452949     0.780000     0.004851
    -0.042000     0.026000     0.454663     0.780000     0.002045
    -0.042000     0.026000     0.456378     0.780000     0.002674
    -0.042000     0.026000     0.458092     0.780000     0.005991
    -0.042000     0.026000     0.459806     0.780000     0.009989
    -0.038000    -0.030000     0.446092     0.780000     0.009327
    -0.038000    -0.030000     0.447806     0.780000     0.006460
    -0.038000    -0.030000     0.449520     0.780000     0.005339
    -0.038000    -0.030000     0.451235     0.780000     0.006628
    -0.038000    -0.030000     0.452949     0.780000     0.009560
    -0.038000     0.030000     0.446092     0.780000     0.008734
    -0.038000     0.030000     0.447806     0.780000     0.005698
    -0.038000     0.030000     0.449520     0.780000     0.004459
    -0.038000     0.030000     0.451235     0.780000     0.005859
    -0.038000     0.030000     0.452949     0.780000     0.008947
    -0.034000    -0.038000     0.437520     0.780000     0.009651
    -0.034000    -0.038000     0.439235     0.780000     0.008356
    -0.034000    -0.038000     0.440949     0.780000     0.008972
    -0.034000     0.038000     0.439235     0.780000     0.009482
    -0.026000    -0.042000     0.435806     0.780000     0.009345
    -0.026000    -0.042000     0.437520     0.780000     0.007009
    -0.026000    -0.042000     0.439235     0.780000     0.006745
    -0.026000    -0.042000     0.440949     0.780000     0.008680
    -0.026000     0.042000     0.435806     0.780000     0.008854
    -0.026000     0.042000     0.437520     0.780000     0.006346
    -0.026000     0.042000     0.439235     0.780000     0.005977
    -0.026000     0.042000     0.440949     0.780000     0.007955
    -0.022000    -0.046000     0.434092     0.780000     0.009158
    -0.022000    -0.046000     0.435806     0.780000     0.007109
    -0.022000    -0.046000     0.437520     0.780000     0.007206
    -0.022000    -0.046000     0.439235     0.780000     0.009372
    -0.022000     0.046000     0.435806     0.780000     0.008090
    -0.022000     0.046000     0.437520     0.780000     0.008004
    -0.022000     0.046000     0.439235     0.780000     0.009857
    -0.018000    -0.046000     0.437520     0.780000     0.007508
    -0.018000    -0.046000     0.439235     0.780000     0.004848
    -0.018000    -0.046000     0.440949     0.780000     0.004717
    -0.018000    -0.046000     0.442663     0.780000     0.007197
    -0.018000     0.046000     0.437520     0.780000     0.007370
    -0.018000     0.046000     0.439235     0.780000     0.004387
    -0.018000     0.046000     0.440949     0.780000     0.003914
    -0.018000     0.046000     0.442663     0.780000     0.006345
    -0.006000    -0.050000     0.447806     0.780000     0.008728
    -0.006000    -0.050000     0.449520     0.780000     0.007735
    -0.006000    -0.050000     0.451235     0.780000     0.008638
    -0.006000     0.050000     0.447806     0.780000     0.009552
    -0.006000     0.050000     0.449520     0.780000     0.008201
    -0.006000     0.050000     0.451235     0.780000     0.008642
    -0.002000    -0.050000     0.451235     0.780000     0.009777
    -0.002000    -0.050000     0.452949     0.780000     0.007198
    -0.002000    -0.050000     0.454663     0.780000     0.006297
    -0.002000    -0.050000     0.456378     0.780000     0.007539
    -0.002000     0.050000     0.452949     0.780000     0.007827
    -0.002000     0.050000     0.454663     0.780000     0.006448
    -0.002000     0.050000     0.456378     0.780000     0.007167
    -0.002000     0.050000     0.458092     0.780000     0.009609
     0.002000    -0.050000     0.456378     0.780000     0.009621
     0.002000    -0.050000     0.458092     0.780000     0.007178
     0.002000    -0.050000     0.459806     0.780000     0.006456
     0.002000    -0.050000     0.461520     0.780000     0.007830
     0.002000     0.050000     0.458092     0.780000     0.007536
     0.002000     0.050000     0.459806     0.780000     0.006290
     0.002000     0.050000     0.461520     0.780000     0.007188
     0.002000     0.050000     0.463235     0.780000     0.009766
     0.006000    -0.050000     0.463235     0.780000     0.008655
     0.006000    -0.050000     0.464949     0.780000     0.008210
     0.006000    -0.050000     0.466663     0.780000     0.009557
     0.006000     0.050000     0.463235     0.780000     0.008635
     0.006000     0.050000     0.464949     0.780000     0.007727
     0.006000     0.050000     0.466663     0.780000     0.008718
     0.018000    -0.046000     0.471806     0.780000     0.006346
     0.018000    -0.046000     0.473520     0.780000     0.003907
     0.018000    -0.046000     0.475235     0.780000     0.004370
     0.018000    -0.046000     0.476949     0.780000     0.007351
     0.018000     0.046000     0.471806     0.780000     0.007208
     0.018000     0.046000     0.473520     0.780000     0.004725
     0.018000     0.046000     0.475235     0.780000     0.004848
     0.018000     0.046000     0.476949     0.780000     0.007504
     0.022000    -0.046000     0.475235     0.780000     0.009871
     0.022000    -0.046000     0.476949     0.780000     0.008014
     0.022000    -0.046000     0.478663     0.780000     0.008094
     0.022000     0.046000     0.475235     0.780000     0.009376
     0.022000     0.046000     0.476949     0.780000     0.007205
     0.022000     0.046000     0.478663     0.780000     0.007104
     0.022000     0.046000     0.480378     0.780000     0.009150
     0.026000    -0.042000     0.473520     0.780000     0.007952
     0.026000    -0.042000     0.475235     0.780000     0.005965
     0.026000    -0.042000     0.476949     0.780000     0.006326
     0.026000    -0.042000     0.478663     0.780000     0.008832
     0.026000     0.042000     0.473520     0.780000     0.008690
     0.026000     0.042000     0.475235     0.780000     0.006750
     0.026000     0.042000     0.476949     0.780000     0.007007
     0.026000     0.042000     0.478663     0.780000     0.009339
     0.034000    -0.038000     0.475235     0.780000     0.009489
     0.034000     0.038000     0.473520     0.780000     0.008972
     0.034000     0.038000     0.475235     0.780000     0.008348
     0.034000     0.038000     0.476949     0.780000     0.009639
     0.038000    -0.030000     0.461520     0.780000     0.008955
     0.038000    -0.030000     0.463235     0.780000     0.005862
     0.038000    -0.030000     0.464949     0.780000     0.004453
     0.038000    -0.030000     0.466663     0.780000     0.005685
     0.038000    -0.030000     0.468378     0.780000     0.008719
     0.038000     0.030000     0.461520     0.780000     0.009581
     0.038000     0.030000     0.463235     0.780000     0.006643
     0.038000     0.030000     0.464949     0.780000     0.005343
     0.038000     0.030000     0.466663     0.780000     0.006452
     0.038000     0.030000     0.468378     0.780000     0.009312
     0.042000    -0.026000     0.456378     0.780000     0.006009
     0.042000    -0.026000     0.458092     0.780000     0.002693
     0.042000    -0.026000     0.459806     0.780000     0.002053
     0.042000    -0.026000     0.461520     0.780000     0.004848
     0.042000    -0.026000     0.463235     0.780000     0.008732
     0.042000     0.026000     0.454663     0.780000     0.009980
     0.042000     0.026000     0.456378     0.780000     0.005851
     0.042000     0.026000     0.458092     0.780000     0.002264
     0.042000     0.026000     0.459806     0.780000     0.001416
     0.042000     0.026000     0.461520     0.780000     0.004433
     0.042000     0.026000     0.463235     0.780000     0.008463
     0.046000    -0.018000     0.444378     0.780000     0.009069
     0.046000    -0.018000     0.446092     0.780000     0.004732
     0.046000    -0.018000     0.447806     0.780000     0.000703
     0.046000    -0.018000     0.449520     0.780000     0.000416
     0.046000    -0.018000     0.451235     0.780000     0.004353
     0.046000    -0.018000     0.452949     0.780000     0.008652
     0.046000    -0.014000     0.446092     0.780000     0.009587
     0.046000     0.014000     0.446092     0.780000     0.009953
     0.046000     0.018000     0.444378     0.780000     0.009206
     0.046000     0.018000     0.446092     0.780000     0.004808
     0.046000     0.018000     0.447806     0.780000     0.000591
     0.046000     0.018000     0.449520     0.780000     0.000000
     0.046000     0.018000     0.451235     0.780000     0.004104
     0.046000     0.018000     0.452949     0.780000     0.008464
     0.050000    -0.010000     0.437520     0.780000     0.009517
     0.050000    -0.010000     0.439235     0.780000     0.008512
     0.050000    -0.010000     0.440949     0.780000     0.009345
     0.050000    -0.006000     0.435806     0.780000     0.006287
     0.050000    -0.006000     0.437520     0.780000     0.003653
     0.050000    -0.006000     0.439235     0.780000     0.003974
     0.050000    -0.006000     0.440949     0.780000     0.006923
     0.050000    -0.002000     0.434092     0.780000     0.008948
     0.050000    -0.002000     0.435806     0.780000     0.005284
     0.050000    -0.002000     0.437520     0.780000     0.003320
     0.050000    -0.002000     0.439235     0.780000     0.004633
     0.050000    -0.002000     0.440949     0.780000     0.008025
     0.050000     0.002000     0.434092     0.780000     0.008993
     0.050000     0.002000     0.435806     0.780000     0.005329
     0.050000     0.002000     0.437520     0.780000     0.003355
     0.050000     0.002000     0.439235     0.780000     0.004642
     0.050000     0.002000     0.440949     0.780000     0.008020
     0.050000     0.006000     0.435806     0.780000     0.006359
     0.050000     0.006000     0.437520     0.780000     0.003681
     0.050000     0.006000     0.439235     0.780000     0.003934
     0.050000     0.006000     0.440949     0.780000     0.006856
     0.050000     0.010000     0.437520     0.780000     0.009430
     0.050000     0.010000     0.439235     0.780000     0.008346
     0.050000     0.010000     0.440949     0.780000     0.009133


    -0.050000    -0.010000     0.473520     0.780769     0.008972
    -0.050000    -0.010000     0.475235     0.780769     0.008144
    -0.050000    -0.010000     0.476949     0.780769     0.009189
    -0.050000    -0.006000     0.473520     0.780769     0.006639
    -0.050000    -0.006000     0.475235     0.780769     0.003625
    -0.050000    -0.006000     0.476949     0.780769     0.003282
    -0.050000    -0.006000     0.478663     0.780769     0.005967
    -0.050000    -0.006000     0.480378     0.780769     0.009868
    -0.050000    -0.002000     0.473520     0.780769     0.007779
    -0.050000    -0.002000     0.475235     0.780769     0.004303
    -0.050000    -0.002000     0.476949     0.780769     0.002888
    -0.050000    -0.002000     0.478663     0.780769     0.004867
    -0.050000    -0.002000     0.480378     0.780769     0.008574
    -0.050000     0.002000     0.473520     0.780769     0.007785
    -0.050000     0.002000     0.475235     0.780769     0.004294
    -0.050000     0.002000     0.476949     0.780769     0.002853
    -0.050000     0.002000     0.478663     0.780769     0.004821
    -0.050000     0.002000     0.480378     0.780769     0.008529
    -0.050000     0.006000     0.473520     0.780769     0.006707
    -0.050000     0.006000     0.475235     0.780769     0.003668
    -0.050000     0.006000     0.476949     0.780769     0.003257
    -0.050000     0.006000     0.478663     0.780769     0.005897
    -0.050000     0.006000     0.480378     0.780769     0.009778
    -0.050000     0.010000     0.473520     0.780769     0.009184
    -0.050000     0.010000     0.475235     0.780769     0.008312
    -0.050000     0.010000     0.476949     0.780769     0.009280
    -0.046000    -0.018000     0.461520     0.780769     0.008369
    -0.046000    -0.018000     0.463235     0.780769     0.004031
    -0.046000    -0.018000     0.464949     0.780769     0.000006
    -0.046000    -0.018000     0.466663     0.780769     0.000469
    -0.046000    -0.018000     0.468378     0.780769     0.004607
    -0.046000    -0.018000     0.470092     0.780769     0.008983
    -0.046000    -0.014000     0.468378     0.780769     0.009668
    -0.046000     0.014000     0.466663     0.780769     0.009904
    -0.046000     0.014000     0.468378     0.780769     0.009308
    -0.046000     0.018000     0.461520     0.780769     0.008554
    -0.046000     0.018000     0.463235     0.780769     0.004280
    -0.046000     0.018000     0.464949     0.780769     0.000418
    -0.046000     0.018000     0.466663     0.780769     0.000612
    -0.046000     0.018000     0.468378     0.780769     0.004550
    -0.046000     0.018000     0.470092     0.780769     0.008861
    -0.042000    -0.026000     0.451235     0.780769     0.008364
    -0.042000    -0.026000     0.452949     0.780769     0.004382
    -0.042000    -0.026000     0.454663     0.780769     0.001458
    -0.042000    -0.026000     0.456378     0.780769     0.002254
    -0.042000    -0.026000     0.458092     0.780769     0.005756
    -0.042000    -0.026000     0.459806     0.780769     0.009848
    -0.042000     0.026000     0.451235     0.780769     0.008626
    -0.042000     0.026000     0.452949     0.780769     0.004787
    -0.042000     0.026000     0.454663     0.780769     0.002072
    -0.042000     0.026000     0.456378     0.780769     0.002686
    -0.042000     0.026000     0.458092     0.780769     0.005929
    -0.042000     0.026000     0.459806     0.780769     0.009889
    -0.038000    -0.030000     0.446092     0.780769     0.009073
    -0.038000    -0.030000     0.447806     0.780769     0.006208
    -0.038000    -0.030000     0.449520     0.780769     0.005102
    -0.038000    -0.030000     0.451235     0.780769     0.006418
    -0.038000    -0.030000     0.452949     0.780769     0.009369
    -0.038000     0.030000     0.446092     0.780769     0.008481
    -0.038000     0.030000     0.447806     0.780769     0.005446
    -0.038000     0.030000     0.449520     0.780769     0.004224
    -0.038000     0.030000     0.451235     0.780769     0.005654
    -0.038000     0.030000     0.452949     0.780769     0.008762
    -0.034000    -0.038000     0.437520     0.780769     0.009388
    -0.034000    -0.038000     0.439235     0.780769     0.008120
    -0.034000    -0.038000     0.440949     0.780769     0.008773
    -0.034000     0.034000     0.444378     0.780769     0.009986
    -0.034000     0.038000     0.439235     0.780769     0.009255
    -0.034000     0.038000     0.440949     0.780769     0.009813
    -0.026000    -0.042000     0.435806     0.780769     0.008913
    -0.026000    -0.042000     0.437520     0.780769     0.006563
    -0.026000    -0.042000     0.439235     0.780769     0.006340
    -0.026000    -0.042000     0.440949     0.780769     0.008352
    -0.026000     0.042000     0.435806     0.780769     0.008413
    -0.026000     0.042000     0.437520     0.780769     0.005882
    -0.026000     0.042000     0.439235     0.780769     0.005554
    -0.026000     0.042000     0.440949     0.780769     0.007619
    -0.022000    -0.046000     0.434092     0.780769     0.008788
    -0.022000    -0.046000     0.435806     0.780769     0.006749
    -0.022000    -0.046000     0.437520     0.780769     0.006895
    -0.022000    -0.046000     0.439235     0.780769     0.009123
    -0.022000     0.046000     0.434092     0.780769     0.009743
    -0.022000     0.046000     0.435806     0.780769     0.007749
    -0.022000     0.046000     0.437520     0.780769     0.007705
    -0.022000     0.046000     0.439235     0.780769     0.009612
    -0.018000    -0.046000     0.437520     0.780769     0.007094
    -0.018000    -0.046000     0.439235     0.780769     0.004404
    -0.018000    -0.046000     0.440949     0.780769     0.004326
    -0.018000    -0.046000     0.442663     0.780769     0.006900
    -0.018000     0.046000     0.437520     0.780769     0.006954
    -0.018000     0.046000     0.439235     0.780769     0.003927
    -0.018000     0.046000     0.440949     0.780769     0.003497
    -0.018000     0.046000     0.442663     0.780769     0.006037
    -0.018000     0.046000     0.444378     0.780769     0.009820
    -0.006000    -0.050000     0.447806     0.780769     0.008637
    -0.006000    -0.050000     0.449520     0.780769     0.007671
    -0.006000    -0.050000     0.451235     0.780769     0.008579
    -0.006000     0.050000     0.447806     0.780769     0.009456
    -0.006000     0.050000     0.449520     0.780769     0.008132
    -0.006000     0.050000     0.451235     0.780769     0.008583
    -0.002000    -0.050000     0.451235     0.780769     0.009696
    -0.002000    -0.050000     0.452949     0.780769     0.007154
    -0.002000    -0.050000     0.454663     0.780769     0.006275
    -0.002000    -0.050000     0.456378     0.780769     0.007501
    -0.002000     0.050000     0.452949     0.780769     0.007775
    -0.002000     0.050000     0.454663     0.780769     0.006423
    -0.002000     0.050000     0.456378     0.780769     0.007134
    -0.002000     0.050000     0.458092     0.780769     0.009548
     0.002000    -0.050000     0.456378     0.780769     0.009560
     0.002000    -0.050000     0.458092     0.780769     0.007145
     0.002000    -0.050000     0.459806     0.780769     0.006431
     0.002000    -0.050000     0.461520     0.780769     0.007778
     0.002000     0.050000     0.458092     0.780769     0.007499
     0.002000     0.050000     0.459806     0.780769     0.006268
     0.002000     0.050000     0.461520     0.780769     0.007144
     0.002000     0.050000     0.463235     0.780769     0.009685
     0.006000    -0.050000     0.463235     0.780769     0.008596
     0.006000    -0.050000     0.464949     0.780769     0.008142
     0.006000    -0.050000     0.466663     0.780769     0.009461
     0.006000     0.050000     0.463235     0.780769     0.008576
     0.006000     0.050000     0.464949     0.780769     0.007664
     0.006000     0.050000     0.466663     0.780769     0.008628
     0.018000    -0.046000     0.470092     0.780769     0.009826
     0.018000    -0.046000     0.471806     0.780769     0.006039
     0.018000    -0.046000     0.473520     0.780769     0.003490
     0.018000    -0.046000     0.475235     0.780769     0.003910
     0.018000    -0.046000     0.476949     0.780769     0.006935
     0.018000     0.046000     0.471806     0.780769     0.006911
     0.018000     0.046000     0.473520     0.780769     0.004334
     0.018000     0.046000     0.475235     0.780769     0.004405
     0.018000     0.046000     0.476949     0.780769     0.007090
     0.022000    -0.046000     0.475235     0.780769     0.009626
     0.022000    -0.046000     0.476949     0.780769     0.007716
     0.022000    -0.046000     0.478663     0.780769     0.007753
     0.022000    -0.046000     0.480378     0.780769     0.009741
     0.022000     0.046000     0.475235     0.780769     0.009127
     0.022000     0.046000     0.476949     0.780769     0.006895
     0.022000     0.046000     0.478663     0.780769     0.006743
     0.022000     0.046000     0.480378     0.780769     0.008780
     0.026000    -0.042000     0.473520     0.780769     0.007616
     0.026000    -0.042000     0.475235     0.780769     0.005542
     0.026000    -0.042000     0.476949     0.780769     0.005862
     0.026000    -0.042000     0.478663     0.780769     0.008391
     0.026000     0.042000     0.473520     0.780769     0.008362
     0.026000     0.042000     0.475235     0.780769     0.006345
     0.026000     0.042000     0.476949     0.780769     0.006562
     0.026000     0.042000     0.478663     0.780769     0.008907
     0.034000    -0.038000     0.473520     0.780769     0.009824
     0.034000    -0.038000     0.475235     0.780769     0.009262
     0.034000    -0.034000     0.470092     0.780769     0.009973
     0.034000     0.038000     0.473520     0.780769     0.008774
     0.034000     0.038000     0.475235     0.780769     0.008114
     0.034000     0.038000     0.476949     0.780769     0.009376
     0.038000    -0.030000     0.461520     0.780769     0.008770
     0.038000    -0.030000     0.463235     0.780769     0.005658
     0.038000    -0.030000     0.464949     0.780769     0.004219
     0.038000    -0.030000     0.466663     0.780769     0.005434
     0.038000    -0.030000     0.468378     0.780769     0.008466
     0.038000     0.030000     0.461520     0.780769     0.009390
     0.038000     0.030000     0.463235     0.780769     0.006434
     0.038000     0.030000     0.464949     0.780769     0.005107
     0.038000     0.030000     0.466663     0.780769     0.006200
     0.038000     0.030000     0.468378     0.780769     0.009059
     0.042000    -0.026000     0.454663     0.780769     0.009907
     0.042000    -0.026000     0.456378     0.780769     0.005948
     0.042000    -0.026000     0.458092     0.780769     0.002705
     0.042000    -0.026000     0.459806     0.780769     0.002081
     0.042000    -0.026000     0.461520     0.780769     0.004785
     0.042000    -0.026000     0.463235     0.780769     0.008619
     0.042000     0.026000     0.454663     0.780769     0.009875
     0.042000     0.026000     0.456378     0.780769     0.005783
     0.042000     0.026000     0.458092     0.780769     0.002279
     0.042000     0.026000     0.459806     0.780769     0.001461
     0.042000     0.026000     0.461520     0.780769     0.004368
     0.042000     0.026000     0.463235     0.780769     0.008345
     0.046000    -0.018000     0.444378     0.780769     0.008878
     0.046000    -0.018000     0.446092     0.780769     0.004568
     0.046000    -0.018000     0.447806     0.780769     0.000632
     0.046000    -0.018000     0.449520     0.780769     0.000416
     0.046000    -0.018000     0.451235     0.780769     0.004270
     0.046000    -0.018000     0.452949     0.780769     0.008542
     0.046000    -0.014000     0.446092     0.780769     0.009312
     0.046000    -0.014000     0.447806     0.780769     0.009901
     0.046000     0.014000     0.446092     0.780769     0.009674
     0.046000     0.018000     0.444378     0.780769     0.009007
     0.046000     0.018000     0.446092     0.780769     0.004632
     0.046000     0.018000     0.447806     0.780769     0.000497
     0.046000     0.018000     0.449520     0.780769     0.000000
     0.046000     0.018000     0.451235     0.780769     0.004013
     0.046000     0.018000     0.452949     0.780769     0.008349
     0.050000    -0.010000     0.437520     0.780769     0.009271
     0.050000    -0.010000     0.439235     0.780769     0.008295
     0.050000    -0.010000     0.440949     0.780769     0.009163
     0.050000    -0.006000     0.434092     0.780769     0.009780
     0.050000    -0.006000     0.435806     0.780769     0.005889
     0.050000    -0.006000     0.437520     0.780769     0.003232
     0.050000    -0.006000     0.439235     0.780769     0.003631
     0.050000    -0.006000     0.440949     0.780769     0.006673
     0.050000    -0.002000     0.434092     0.780769     0.008529
     0.050000    -0.002000     0.435806     0.780769     0.004810
     0.050000    -0.002000     0.437520     0.780769     0.002821
     0.050000    -0.002000     0.439235     0.780769     0.004257
     0.050000    -0.002000     0.440949     0.780769     0.007751
     0.050000     0.002000     0.434092     0.780769     0.008574
     0.050000     0.002000     0.435806     0.780769     0.004855
     0.050000     0.002000     0.437520     0.780769     0.002855
     0.050000     0.002000     0.439235     0.780769     0.004264
     0.050000     0.002000     0.440949     0.780769     0.007745
     0.050000     0.006000     0.434092     0.780769     0.009868
     0.050000     0.006000     0.435806     0.780769     0.005958
     0.050000     0.006000     0.437520     0.780769     0.003254
     0.050000     0.006000     0.439235     0.780769     0.003584
     0.050000     0.006000     0.440949     0.780769     0.006602
     0.050000     0.010000     0.437520     0.780769     0.009178
     0.050000     0.010000     0.439235     0.780769     0.008124
     0.050000     0.010000     0.440949     0.780769     0.008945


    -0.050000    -0.010000     0.473520     0.781538     0.008768
    -0.050000    -0.010000     0.475235     0.781538     0.007906
    -0.050000    -0.010000     0.476949     0.781538     0.008921
    -0.050000    -0.006000     0.473520     0.781538     0.006371
    -0.050000    -0.006000     0.475235     0.781538     0.003263
    -0.050000    -0.006000     0.476949     0.781538     0.002838
    -0.050000    -0.006000     0.478663     0.781538     0.005548
    -0.050000    -0.006000     0.480378     0.781538     0.009479
    -0.050000    -0.002000     0.473520     0.781538     0.007489
    -0.050000    -0.002000     0.475235     0.781538     0.003911
    -0.050000    -0.002000     0.476949     0.781538     0.002365
    -0.050000    -0.002000     0.478663     0.781538     0.004370
    -0.050000    -0.002000     0.480378     0.781538     0.008134
    -0.050000     0.002000     0.473520     0.781538     0.007495
    -0.050000     0.002000     0.475235     0.781538     0.003904
    -0.050000     0.002000     0.476949     0.781538     0.002331
    -0.050000     0.002000     0.478663     0.781538     0.004325
    -0.050000     0.002000     0.480378     0.781538     0.008089
    -0.050000     0.006000     0.473520     0.781538     0.006443
    -0.050000     0.006000     0.475235     0.781538     0.003314
    -0.050000     0.006000     0.476949     0.781538     0.002820
    -0.050000     0.006000     0.478663     0.781538     0.005481
    -0.050000     0.006000     0.480378     0.781538     0.009392
    -0.050000     0.010000     0.473520     0.781538     0.008986
    -0.050000     0.010000     0.475235     0.781538     0.008080
    -0.050000     0.010000     0.476949     0.781538     0.009017
    -0.046000    -0.018000     0.461520     0.781538     0.008238
    -0.046000    -0.018000     0.463235     0.781538     0.003929
    -0.046000    -0.018000     0.464949     0.781538     0.000004
    -0.046000    -0.018000     0.466663     0.781538     0.000379
    -0.046000    -0.018000     0.468378     0.781538     0.004420
    -0.046000    -0.018000     0.470092     0.781538     0.008769
    -0.046000    -0.014000     0.466663     0.781538     0.009939
    -0.046000    -0.014000     0.468378     0.781538     0.009373
    -0.046000     0.014000     0.466663     0.781538     0.009635
    -0.046000     0.014000     0.468378     0.781538     0.009016
    -0.046000     0.018000     0.461520     0.781538     0.008428
    -0.046000     0.018000     0.463235     0.781538     0.004185
    -0.046000     0.018000     0.464949     0.781538     0.000414
    -0.046000     0.018000     0.466663     0.781538     0.000542
    -0.046000     0.018000     0.468378     0.781538     0.004375
    -0.046000     0.018000     0.470092     0.781538     0.008654
    -0.042000    -0.026000     0.451235     0.781538     0.008231
    -0.042000    -0.026000     0.452949     0.781538     0.004304
    -0.042000    -0.026000     0.454663     0.781538     0.001489
    -0.042000    -0.026000     0.456378     0.781538     0.002256
    -0.042000    -0.026000     0.458092     0.781538     0.005674
    -0.042000    -0.026000     0.459806     0.781538     0.009725
    -0.042000     0.026000     0.451235     0.781538     0.008496
    -0.042000     0.026000     0.452949     0.781538     0.004711
    -0.042000     0.026000     0.454663     0.781538     0.002087
    -0.042000     0.026000     0.456378     0.781538     0.002685
    -0.042000     0.026000     0.458092     0.781538     0.005854
    -0.042000     0.026000     0.459806     0.781538     0.009773
    -0.038000    -0.030000     0.446092     0.781538     0.008804
    -0.038000    -0.030000     0.447806     0.781538     0.005943
    -0.038000    -0.030000     0.449520     0.781538     0.004854
    -0.038000    -0.030000     0.451235     0.781538     0.006195
    -0.038000    -0.030000     0.452949     0.781538     0.009163
    -0.038000     0.030000     0.446092     0.781538     0.008213
    -0.038000     0.030000     0.447806     0.781538     0.005182
    -0.038000     0.030000     0.449520     0.781538     0.003979
    -0.038000     0.030000     0.451235     0.781538     0.005437
    -0.038000     0.030000     0.452949     0.781538     0.008561
    -0.034000    -0.038000     0.437520     0.781538     0.009109
    -0.034000    -0.038000     0.439235     0.781538     0.007870
    -0.034000    -0.038000     0.440949     0.781538     0.008559
    -0.034000     0.034000     0.444378     0.781538     0.009661
    -0.034000     0.038000     0.439235     0.781538     0.009012
    -0.034000     0.038000     0.440949     0.781538     0.009603
    -0.030000     0.038000     0.440949     0.781538     0.009947
    -0.026000    -0.042000     0.435806     0.781538     0.008461
    -0.026000    -0.042000     0.437520     0.781538     0.006097
    -0.026000    -0.042000     0.439235     0.781538     0.005917
    -0.026000    -0.042000     0.440949     0.781538     0.008007
    -0.026000     0.042000     0.435806     0.781538     0.007952
    -0.026000     0.042000     0.437520     0.781538     0.005397
    -0.026000     0.042000     0.439235     0.781538     0.005112
    -0.026000     0.042000     0.440949     0.781538     0.007266
    -0.022000    -0.046000     0.434092     0.781538     0.008399
    -0.022000    -0.046000     0.435806     0.781538     0.006372
    -0.022000    -0.046000     0.437520     0.781538     0.006570
    -0.022000    -0.046000     0.439235     0.781538     0.008857
    -0.022000     0.046000     0.434092     0.781538     0.009371
    -0.022000     0.046000     0.435806     0.781538     0.007390
    -0.022000     0.046000     0.437520     0.781538     0.007390
    -0.022000     0.046000     0.439235     0.781538     0.009350
    -0.018000    -0.046000     0.437520     0.781538     0.006661
    -0.018000    -0.046000     0.439235     0.781538     0.003942
    -0.018000    -0.046000     0.440949     0.781538     0.003919
    -0.018000    -0.046000     0.442663     0.781538     0.006588
    -0.018000     0.046000     0.437520     0.781538     0.006519
    -0.018000     0.046000     0.439235     0.781538     0.003447
    -0.018000     0.046000     0.440949     0.781538     0.003064
    -0.018000     0.046000     0.442663     0.781538     0.005716
    -0.018000     0.046000     0.444378     0.781538     0.009561
    -0.006000    -0.050000     0.447806     0.781538     0.008531
    -0.006000    -0.050000     0.449520     0.781538     0.007591
    -0.006000    -0.050000     0.451235     0.781538     0.008503
    -0.006000     0.050000     0.447806     0.781538     0.009343
    -0.006000     0.050000     0.449520     0.781538     0.008048
    -0.006000     0.050000     0.451235     0.781538     0.008507
    -0.002000    -0.050000     0.451235     0.781538     0.009598
    -0.002000    -0.050000     0.452949     0.781538     0.007094
    -0.002000    -0.050000     0.454663     0.781538     0.006237
    -0.002000    -0.050000     0.456378     0.781538     0.007447
    -0.002000     0.050000     0.452949     0.781538     0.007707
    -0.002000     0.050000     0.454663     0.781538     0.006383
    -0.002000     0.050000     0.456378     0.781538     0.007086
    -0.002000     0.050000     0.458092     0.781538     0.009471
     0.002000    -0.050000     0.456378     0.781538     0.009482
     0.002000    -0.050000     0.458092     0.781538     0.007097
     0.002000    -0.050000     0.459806     0.781538     0.006390
     0.002000    -0.050000     0.461520     0.781538     0.007710
     0.002000     0.050000     0.458092     0.781538     0.007445
     0.002000     0.050000     0.459806     0.781538     0.006230
     0.002000     0.050000     0.461520     0.781538     0.007084
     0.002000     0.050000     0.463235     0.781538     0.009587
     0.006000    -0.050000     0.463235     0.781538     0.008520
     0.006000    -0.050000     0.464949     0.781538     0.008057
     0.006000    -0.050000     0.466663     0.781538     0.009348
     0.006000     0.050000     0.463235     0.781538     0.008500
     0.006000     0.050000     0.464949     0.781538     0.007584
     0.006000     0.050000     0.466663     0.781538     0.008521
     0.018000    -0.046000     0.470092     0.781538     0.009568
     0.018000    -0.046000     0.471806     0.781538     0.005718
     0.018000    -0.046000     0.473520     0.781538     0.003057
     0.018000    -0.046000     0.475235     0.781538     0.003430
     0.018000    -0.046000     0.476949     0.781538     0.006500
     0.018000     0.046000     0.471806     0.781538     0.006599
     0.018000     0.046000     0.473520     0.781538     0.003927
     0.018000     0.046000     0.475235     0.781538     0.003942
     0.018000     0.046000     0.476949     0.781538     0.006656
     0.022000    -0.046000     0.475235     0.781538     0.009364
     0.022000    -0.046000     0.476949     0.781538     0.007402
     0.022000    -0.046000     0.478663     0.781538     0.007395
     0.022000    -0.046000     0.480378     0.781538     0.009369
     0.022000     0.046000     0.475235     0.781538     0.008861
     0.022000     0.046000     0.476949     0.781538     0.006569
     0.022000     0.046000     0.478663     0.781538     0.006366
     0.022000     0.046000     0.480378     0.781538     0.008391
     0.026000    -0.042000     0.473520     0.781538     0.007264
     0.026000    -0.042000     0.475235     0.781538     0.005100
     0.026000    -0.042000     0.476949     0.781538     0.005377
     0.026000    -0.042000     0.478663     0.781538     0.007930
     0.026000     0.042000     0.473520     0.781538     0.008017
     0.026000     0.042000     0.475235     0.781538     0.005922
     0.026000     0.042000     0.476949     0.781538     0.006095
     0.026000     0.042000     0.478663     0.781538     0.008455
     0.030000    -0.038000     0.473520     0.781538     0.009931
     0.034000    -0.038000     0.473520     0.781538     0.009614
     0.034000    -0.038000     0.475235     0.781538     0.009019
     0.034000    -0.034000     0.470092     0.781538     0.009648
     0.034000     0.038000     0.473520     0.781538     0.008560
     0.034000     0.038000     0.475235     0.781538     0.007864
     0.034000     0.038000     0.476949     0.781538     0.009096
     0.038000    -0.030000     0.461520     0.781538     0.008571
     0.038000    -0.030000     0.463235     0.781538     0.005442
     0.038000    -0.030000     0.464949     0.781538     0.003976
     0.038000    -0.030000     0.466663     0.781538     0.005171
     0.038000    -0.030000     0.468378     0.781538     0.008199
     0.038000     0.030000     0.461520     0.781538     0.009185
     0.038000     0.030000     0.463235     0.781538     0.006213
     0.038000     0.030000     0.464949     0.781538     0.004860
     0.038000     0.030000     0.466663     0.781538     0.005936
     0.038000     0.030000     0.468378     0.781538     0.008790
     0.042000    -0.026000     0.454663     0.781538     0.009791
     0.042000    -0.026000     0.456378     0.781538     0.005873
     0.042000    -0.026000     0.458092     0.781538     0.002704
     0.042000    -0.026000     0.459806     0.781538     0.002097
     0.042000    -0.026000     0.461520     0.781538     0.004710
     0.042000    -0.026000     0.463235     0.781538     0.008490
     0.042000     0.026000     0.454663     0.781538     0.009752
     0.042000     0.026000     0.456378     0.781538     0.005702
     0.042000     0.026000     0.458092     0.781538     0.002282
     0.042000     0.026000     0.459806     0.781538     0.001494
     0.042000     0.026000     0.461520     0.781538     0.004292
     0.042000     0.026000     0.463235     0.781538     0.008213
     0.046000    -0.018000     0.444378     0.781538     0.008673
     0.046000    -0.018000     0.446092     0.781538     0.004395
     0.046000    -0.018000     0.447806     0.781538     0.000563
     0.046000    -0.018000     0.449520     0.781538     0.000414
     0.046000    -0.018000     0.451235     0.781538     0.004175
     0.046000    -0.018000     0.452949     0.781538     0.008416
     0.046000    -0.014000     0.446092     0.781538     0.009021
     0.046000    -0.014000     0.447806     0.781538     0.009633
     0.046000     0.014000     0.446092     0.781538     0.009379
     0.046000     0.014000     0.447806     0.781538     0.009937
     0.046000     0.018000     0.444378     0.781538     0.008794
     0.046000     0.018000     0.446092     0.781538     0.004447
     0.046000     0.018000     0.447806     0.781538     0.000409
     0.046000     0.018000     0.449520     0.781538     0.000001
     0.046000     0.018000     0.451235     0.781538     0.003912
     0.046000     0.018000     0.452949     0.781538     0.008218
     0.050000    -0.010000     0.437520     0.781538     0.009008
     0.050000    -0.010000     0.439235     0.781538     0.008064
     0.050000    -0.010000     0.440949     0.781538     0.008964
     0.050000    -0.006000     0.434092     0.781538     0.009394
     0.050000    -0.006000     0.435806     0.781538     0.005474
     0.050000    -0.006000     0.437520     0.781538     0.002795
     0.050000    -0.006000     0.439235     0.781538     0.003277
     0.050000    -0.006000     0.440949     0.781538     0.006410
     0.050000    -0.002000     0.434092     0.781538     0.008090
     0.050000    -0.002000     0.435806     0.781538     0.004314
     0.050000    -0.002000     0.437520     0.781538     0.002299
     0.050000    -0.002000     0.439235     0.781538     0.003867
     0.050000    -0.002000     0.440949     0.781538     0.007462
     0.050000     0.002000     0.434092     0.781538     0.008134
     0.050000     0.002000     0.435806     0.781538     0.004359
     0.050000     0.002000     0.437520     0.781538     0.002333
     0.050000     0.002000     0.439235     0.781538     0.003872
     0.050000     0.002000     0.440949     0.781538     0.007455
     0.050000     0.006000     0.434092     0.781538     0.009480
     0.050000     0.006000     0.435806     0.781538     0.005540
     0.050000     0.006000     0.437520     0.781538     0.002811
     0.050000     0.006000     0.439235     0.781538     0.003223
     0.050000     0.006000     0.440949     0.781538     0.006334
     0.050000     0.010000     0.437520     0.781538     0.008910
     0.050000     0.010000     0.439235     0.781538     0.007886
     0.050000     0.010000     0.440949     0.781538     0.008742


    -0.050000    -0.010000     0.473520     0.782308     0.008553
    -0.050000    -0.010000     0.475235     0.782308     0.007657
    -0.050000    -0.010000     0.476949     0.782308     0.008641
    -0.050000    -0.006000     0.473520     0.782308     0.006094
    -0.050000    -0.006000     0.475235     0.782308     0.002896
    -0.050000    -0.006000     0.476949     0.782308     0.002384
    -0.050000    -0.006000     0.478663     0.782308     0.005117
    -0.050000    -0.006000     0.480378     0.782308     0.009077
    -0.050000    -0.002000     0.473520     0.782308     0.007188
    -0.050000    -0.002000     0.475235     0.782308     0.003510
    -0.050000    -0.002000     0.476949     0.782308     0.001825
    -0.050000    -0.002000     0.478663     0.782308     0.003856
    -0.050000    -0.002000     0.480378     0.782308     0.007678
    -0.050000     0.002000     0.473520     0.782308     0.007196
    -0.050000     0.002000     0.475235     0.782308     0.003505
    -0.050000     0.002000     0.476949     0.782308     0.001791
    -0.050000     0.002000     0.478663     0.782308     0.003811
    -0.050000     0.002000     0.480378     0.782308     0.007634
    -0.050000     0.006000     0.473520     0.782308     0.006171
    -0.050000     0.006000     0.475235     0.782308     0.002954
    -0.050000     0.006000     0.476949     0.782308     0.002373
    -0.050000     0.006000     0.478663     0.782308     0.005052
    -0.050000     0.006000     0.480378     0.782308     0.008992
    -0.050000     0.010000     0.473520     0.782308     0.008776
    -0.050000     0.010000     0.475235     0.782308     0.007838
    -0.050000     0.010000     0.476949     0.782308     0.008743
    -0.046000    -0.018000     0.461520     0.782308     0.008095
    -0.046000    -0.018000     0.463235     0.782308     0.003820
    -0.046000    -0.018000     0.464949     0.782308     0.000002
    -0.046000    -0.018000     0.466663     0.782308     0.000296
    -0.046000    -0.018000     0.468378     0.782308     0.004228
    -0.046000    -0.018000     0.470092     0.782308     0.008544
    -0.046000    -0.014000     0.466663     0.782308     0.009654
    -0.046000    -0.014000     0.468378     0.782308     0.009065
    -0.046000     0.014000     0.466663     0.782308     0.009354
    -0.046000     0.014000     0.468378     0.782308     0.008713
    -0.046000     0.014000     0.470092     0.782308     0.009713
    -0.046000     0.018000     0.461520     0.782308     0.008290
    -0.046000     0.018000     0.463235     0.782308     0.004083
    -0.046000     0.018000     0.464949     0.782308     0.000408
    -0.046000     0.018000     0.466663     0.782308     0.000477
    -0.046000     0.018000     0.468378     0.782308     0.004196
    -0.046000     0.018000     0.470092     0.782308     0.008437
    -0.042000    -0.026000     0.451235     0.782308     0.008087
    -0.042000    -0.026000     0.452949     0.782308     0.004219
    -0.042000    -0.026000     0.454663     0.782308     0.001511
    -0.042000    -0.026000     0.456378     0.782308     0.002251
    -0.042000    -0.026000     0.458092     0.782308     0.005583
    -0.042000    -0.026000     0.459806     0.782308     0.009591
    -0.042000     0.026000     0.451235     0.782308     0.008356
    -0.042000     0.026000     0.452949     0.782308     0.004627
    -0.042000     0.026000     0.454663     0.782308     0.002093
    -0.042000     0.026000     0.456378     0.782308     0.002675
    -0.042000     0.026000     0.458092     0.782308     0.005769
    -0.042000     0.026000     0.459806     0.782308     0.009644
    -0.038000    -0.030000     0.446092     0.782308     0.008524
    -0.038000    -0.030000     0.447806     0.782308     0.005670
    -0.038000    -0.030000     0.449520     0.782308     0.004601
    -0.038000    -0.030000     0.451235     0.782308     0.005965
    -0.038000    -0.030000     0.452949     0.782308     0.008946
    -0.038000     0.030000     0.446092     0.782308     0.007935
    -0.038000     0.030000     0.447806     0.782308     0.004912
    -0.038000     0.030000     0.449520     0.782308     0.003731
    -0.038000     0.030000     0.451235     0.782308     0.005214
    -0.038000     0.030000     0.452949     0.782308     0.008350
    -0.034000    -0.038000     0.437520     0.782308     0.008818
    -0.034000    -0.038000     0.439235     0.782308     0.007610
    -0.034000    -0.038000     0.440949     0.782308     0.008335
    -0.034000     0.034000     0.444378     0.782308     0.009323
    -0.034000     0.034000     0.446092     0.782308     0.009712
    -0.034000     0.038000     0.437520     0.782308     0.009865
    -0.034000     0.038000     0.439235     0.782308     0.008758
    -0.034000     0.038000     0.440949     0.782308     0.009381
    -0.030000     0.038000     0.440949     0.782308     0.009561
    -0.026000    -0.042000     0.435806     0.782308     0.007993
    -0.026000    -0.042000     0.437520     0.782308     0.005615
    -0.026000    -0.042000     0.439235     0.782308     0.005481
    -0.026000    -0.042000     0.440949     0.782308     0.007650
    -0.026000     0.042000     0.435806     0.782308     0.007475
    -0.026000     0.042000     0.437520     0.782308     0.004896
    -0.026000     0.042000     0.439235     0.782308     0.004656
    -0.026000     0.042000     0.440949     0.782308     0.006902
    -0.022000    -0.046000     0.434092     0.782308     0.007998
    -0.022000    -0.046000     0.435806     0.782308     0.005983
    -0.022000    -0.046000     0.437520     0.782308     0.006234
    -0.022000    -0.046000     0.439235     0.782308     0.008581
    -0.022000     0.046000     0.434092     0.782308     0.008985
    -0.022000     0.046000     0.435806     0.782308     0.007020
    -0.022000     0.046000     0.437520     0.782308     0.007065
    -0.022000     0.046000     0.439235     0.782308     0.009077
    -0.018000    -0.046000     0.437520     0.782308     0.006214
    -0.018000    -0.046000     0.439235     0.782308     0.003466
    -0.018000    -0.046000     0.440949     0.782308     0.003503
    -0.018000    -0.046000     0.442663     0.782308     0.006266
    -0.018000     0.046000     0.437520     0.782308     0.006070
    -0.018000     0.046000     0.439235     0.782308     0.002953
    -0.018000     0.046000     0.440949     0.782308     0.002621
    -0.018000     0.046000     0.442663     0.782308     0.005385
    -0.018000     0.046000     0.444378     0.782308     0.009292
    -0.006000    -0.050000     0.447806     0.782308     0.008413
    -0.006000    -0.050000     0.449520     0.782308     0.007500
    -0.006000    -0.050000     0.451235     0.782308     0.008415
    -0.006000     0.050000     0.447806     0.782308     0.009219
    -0.006000     0.050000     0.449520     0.782308     0.007951
    -0.006000     0.050000     0.451235     0.782308     0.008419
    -0.002000    -0.050000     0.451235     0.782308     0.009488
    -0.002000    -0.050000     0.452949     0.782308     0.007022
    -0.002000    -0.050000     0.454663     0.782308     0.006187
    -0.002000    -0.050000     0.456378     0.782308     0.007382
    -0.002000     0.050000     0.452949     0.782308     0.007627
    -0.002000     0.050000     0.454663     0.782308     0.006330
    -0.002000     0.050000     0.456378     0.782308     0.007026
    -0.002000     0.050000     0.458092     0.782308     0.009380
     0.002000    -0.050000     0.456378     0.782308     0.009392
     0.002000    -0.050000     0.458092     0.782308     0.007037
     0.002000    -0.050000     0.459806     0.782308     0.006338
     0.002000    -0.050000     0.461520     0.782308     0.007629
     0.002000     0.050000     0.458092     0.782308     0.007380
     0.002000     0.050000     0.459806     0.782308     0.006181
     0.002000     0.050000     0.461520     0.782308     0.007012
     0.002000     0.050000     0.463235     0.782308     0.009477
     0.006000    -0.050000     0.463235     0.782308     0.008432
     0.006000    -0.050000     0.464949     0.782308     0.007961
     0.006000    -0.050000     0.466663     0.782308     0.009224
     0.006000     0.050000     0.463235     0.782308     0.008412
     0.006000     0.050000     0.464949     0.782308     0.007493
     0.006000     0.050000     0.466663     0.782308     0.008403
     0.018000    -0.046000     0.470092     0.782308     0.009298
     0.018000    -0.046000     0.471806     0.782308     0.005388
     0.018000    -0.046000     0.473520     0.782308     0.002615
     0.018000    -0.046000     0.475235     0.782308     0.002936
     0.018000    -0.046000     0.476949     0.782308     0.006051
     0.018000     0.046000     0.471806     0.782308     0.006277
     0.018000     0.046000     0.473520     0.782308     0.003511
     0.018000     0.046000     0.475235     0.782308     0.003467
     0.018000     0.046000     0.476949     0.782308     0.006209
     0.022000    -0.046000     0.475235     0.782308     0.009091
     0.022000    -0.046000     0.476949     0.782308     0.007077
     0.022000    -0.046000     0.478663     0.782308     0.007026
     0.022000    -0.046000     0.480378     0.782308     0.008984
     0.022000     0.046000     0.475235     0.782308     0.008585
     0.022000     0.046000     0.476949     0.782308     0.006234
     0.022000     0.046000     0.478663     0.782308     0.005978
     0.022000     0.046000     0.480378     0.782308     0.007990
     0.026000    -0.042000     0.473520     0.782308     0.006900
     0.026000    -0.042000     0.475235     0.782308     0.004646
     0.026000    -0.042000     0.476949     0.782308     0.004876
     0.026000    -0.042000     0.478663     0.782308     0.007452
     0.026000     0.042000     0.473520     0.782308     0.007661
     0.026000     0.042000     0.475235     0.782308     0.005487
     0.026000     0.042000     0.476949     0.782308     0.005614
     0.026000     0.042000     0.478663     0.782308     0.007987
     0.030000    -0.038000     0.473520     0.782308     0.009545
     0.034000    -0.038000     0.473520     0.782308     0.009393
     0.034000    -0.038000     0.475235     0.782308     0.008766
     0.034000    -0.038000     0.476949     0.782308     0.009868
     0.034000    -0.034000     0.468378     0.782308     0.009706
     0.034000    -0.034000     0.470092     0.782308     0.009311
     0.034000     0.038000     0.473520     0.782308     0.008336
     0.034000     0.038000     0.475235     0.782308     0.007603
     0.034000     0.038000     0.476949     0.782308     0.008805
     0.038000    -0.030000     0.461520     0.782308     0.008360
     0.038000    -0.030000     0.463235     0.782308     0.005220
     0.038000    -0.030000     0.464949     0.782308     0.003728
     0.038000    -0.030000     0.466663     0.782308     0.004901
     0.038000    -0.030000     0.468378     0.782308     0.007921
     0.038000     0.030000     0.461520     0.782308     0.008968
     0.038000     0.030000     0.463235     0.782308     0.005983
     0.038000     0.030000     0.464949     0.782308     0.004608
     0.038000     0.030000     0.466663     0.782308     0.005664
     0.038000     0.030000     0.468378     0.782308     0.008510
     0.042000    -0.026000     0.454663     0.782308     0.009663
     0.042000    -0.026000     0.456378     0.782308     0.005788
     0.042000    -0.026000     0.458092     0.782308     0.002695
     0.042000    -0.026000     0.459806     0.782308     0.002104
     0.042000    -0.026000     0.461520     0.782308     0.004627
     0.042000    -0.026000     0.463235     0.782308     0.008351
     0.042000     0.026000     0.454663     0.782308     0.009618
     0.042000     0.026000     0.456378     0.782308     0.005612
     0.042000     0.026000     0.458092     0.782308     0.002277
     0.042000     0.026000     0.459806     0.782308     0.001517
     0.042000     0.026000     0.461520     0.782308     0.004208
     0.042000     0.026000     0.463235     0.782308     0.008070
     0.046000    -0.018000     0.444378     0.782308     0.008456
     0.046000    -0.018000     0.446092     0.782308     0.004216
     0.046000    -0.018000     0.447806     0.782308     0.000499
     0.046000    -0.018000     0.449520     0.782308     0.000411
     0.046000    -0.018000     0.451235     0.782308     0.004075
     0.046000    -0.018000     0.452949     0.782308     0.008279
     0.046000    -0.014000     0.444378     0.782308     0.009725
     0.046000    -0.014000     0.446092     0.782308     0.008718
     0.046000    -0.014000     0.447806     0.782308     0.009353
     0.046000     0.014000     0.446092     0.782308     0.009073
     0.046000     0.014000     0.447806     0.782308     0.009653
     0.046000     0.018000     0.444378     0.782308     0.008570
     0.046000     0.018000     0.446092     0.782308     0.004256
     0.046000     0.018000     0.447806     0.782308     0.000328
     0.046000     0.018000     0.449520     0.782308     0.000003
     0.046000     0.018000     0.451235     0.782308     0.003805
     0.046000     0.018000     0.452949     0.782308     0.008077
     0.050000    -0.010000     0.437520     0.782308     0.008735
     0.050000    -0.010000     0.439235     0.782308     0.007822
     0.050000    -0.010000     0.440949     0.782308     0.008755
     0.050000    -0.006000     0.434092     0.782308     0.008994
     0.050000    -0.006000     0.435806     0.782308     0.005046
     0.050000    -0.006000     0.437520     0.782308     0.002348
     0.050000    -0.006000     0.439235     0.782308     0.002918
     0.050000    -0.006000     0.440949     0.782308     0.006138
     0.050000    -0.002000     0.434092     0.782308     0.007636
     0.050000    -0.002000     0.435806     0.782308     0.003801
     0.050000    -0.002000     0.437520     0.782308     0.001758
     0.050000    -0.002000     0.439235     0.782308     0.003468
     0.050000    -0.002000     0.440949     0.782308     0.007163
     0.050000     0.002000     0.434092     0.782308     0.007680
     0.050000     0.002000     0.435806     0.782308     0.003846
     0.050000     0.002000     0.437520     0.782308     0.001791
     0.050000     0.002000     0.439235     0.782308     0.003471
     0.050000     0.002000     0.440949     0.782308     0.007154
     0.050000     0.006000     0.434092     0.782308     0.009079
     0.050000     0.006000     0.435806     0.782308     0.005109
     0.050000     0.006000     0.437520     0.782308     0.002357
     0.050000     0.006000     0.439235     0.782308     0.002855
     0.050000     0.006000     0.440949     0.782308     0.006058
     0.050000     0.010000     0.437520     0.782308     0.008631
     0.050000     0.010000     0.439235     0.782308     0.007639
     0.050000     0.010000     0.440949     0.782308     0.008529


    -0.050000    -0.010000     0.473520     0.783077     0.008331
    -0.050000    -0.010000     0.475235     0.783077     0.007403
    -0.050000    -0.010000     0.476949     0.783077     0.008353
    -0.050000    -0.006000     0.471806     0.783077     0.009885
    -0.050000    -0.006000     0.473520     0.783077     0.005812
    -0.050000    -0.006000     0.475235     0.783077     0.002526
    -0.050000    -0.006000     0.476949     0.783077     0.001924
    -0.050000    -0.006000     0.478663     0.783077     0.004677
    -0.050000    -0.006000     0.480378     0.783077     0.008665
    -0.050000    -0.002000     0.473520     0.783077     0.006881
    -0.050000    -0.002000     0.475235     0.783077     0.003105
    -0.050000    -0.002000     0.476949     0.783077     0.001269
    -0.050000    -0.002000     0.478663     0.783077     0.003330
    -0.050000    -0.002000     0.480378     0.783077     0.007212
    -0.050000     0.002000     0.473520     0.783077     0.006890
    -0.050000     0.002000     0.475235     0.783077     0.003102
    -0.050000     0.002000     0.476949     0.783077     0.001236
    -0.050000     0.002000     0.478663     0.783077     0.003286
    -0.050000     0.002000     0.480378     0.783077     0.007168
    -0.050000     0.006000     0.471806     0.783077     0.009964
    -0.050000     0.006000     0.473520     0.783077     0.005893
    -0.050000     0.006000     0.475235     0.783077     0.002592
    -0.050000     0.006000     0.476949     0.783077     0.001920
    -0.050000     0.006000     0.478663     0.783077     0.004616
    -0.050000     0.006000     0.480378     0.783077     0.008582
    -0.050000     0.010000     0.473520     0.783077     0.008559
    -0.050000     0.010000     0.475235     0.783077     0.007589
    -0.050000     0.010000     0.476949     0.783077     0.008461
    -0.046000    -0.018000     0.461520     0.783077     0.007946
    -0.046000    -0.018000     0.463235     0.783077     0.003709
    -0.046000    -0.018000     0.464949     0.783077     0.000001
    -0.046000    -0.018000     0.466663     0.783077     0.000222
    -0.046000    -0.018000     0.468378     0.783077     0.004035
    -0.046000    -0.018000     0.470092     0.783077     0.008312
    -0.046000    -0.014000     0.466663     0.783077     0.009361
    -0.046000    -0.014000     0.468378     0.783077     0.008750
    -0.046000    -0.014000     0.470092     0.783077     0.009752
    -0.046000     0.014000     0.466663     0.783077     0.009066
    -0.046000     0.014000     0.468378     0.783077     0.008403
    -0.046000     0.014000     0.470092     0.783077     0.009388
    -0.046000     0.018000     0.461520     0.783077     0.008145
    -0.046000     0.018000     0.463235     0.783077     0.003977
    -0.046000     0.018000     0.464949     0.783077     0.000401
    -0.046000     0.018000     0.466663     0.783077     0.000417
    -0.046000     0.018000     0.468378     0.783077     0.004014
    -0.046000     0.018000     0.470092     0.783077     0.008213
    -0.042000    -0.026000     0.451235     0.783077     0.007936
    -0.042000    -0.026000     0.452949     0.783077     0.004129
    -0.042000    -0.026000     0.454663     0.783077     0.001525
    -0.042000    -0.026000     0.456378     0.783077     0.002239
    -0.042000    -0.026000     0.458092     0.783077     0.005486
    -0.042000    -0.026000     0.459806     0.783077     0.009448
    -0.042000     0.026000     0.451235     0.783077     0.008208
    -0.042000     0.026000     0.452949     0.783077     0.004538
    -0.042000     0.026000     0.454663     0.783077     0.002092
    -0.042000     0.026000     0.456378     0.783077     0.002659
    -0.042000     0.026000     0.458092     0.783077     0.005677
    -0.042000     0.026000     0.459806     0.783077     0.009507
    -0.038000    -0.030000     0.446092     0.783077     0.008236
    -0.038000    -0.030000     0.447806     0.783077     0.005393
    -0.038000    -0.030000     0.449520     0.783077     0.004345
    -0.038000    -0.030000     0.451235     0.783077     0.005730
    -0.038000    -0.030000     0.452949     0.783077     0.008722
    -0.038000     0.030000     0.446092     0.783077     0.007650
    -0.038000     0.030000     0.447806     0.783077     0.004639
    -0.038000     0.030000     0.449520     0.783077     0.003483
    -0.038000     0.030000     0.451235     0.783077     0.004988
    -0.038000     0.030000     0.452949     0.783077     0.008133
    -0.034000    -0.038000     0.437520     0.783077     0.008519
    -0.034000    -0.038000     0.439235     0.783077     0.007343
    -0.034000    -0.038000     0.440949     0.783077     0.008103
    -0.034000    -0.034000     0.444378     0.783077     0.009977
    -0.034000     0.034000     0.444378     0.783077     0.008977
    -0.034000     0.034000     0.446092     0.783077     0.009392
    -0.034000     0.038000     0.437520     0.783077     0.009574
    -0.034000     0.038000     0.439235     0.783077     0.008496
    -0.034000     0.038000     0.440949     0.783077     0.009151
    -0.030000     0.038000     0.440949     0.783077     0.009165
    -0.030000     0.038000     0.442663     0.783077     0.009728
    -0.026000    -0.042000     0.435806     0.783077     0.007514
    -0.026000    -0.042000     0.437520     0.783077     0.005123
    -0.026000    -0.042000     0.439235     0.783077     0.005036
    -0.026000    -0.042000     0.440949     0.783077     0.007286
    -0.026000     0.042000     0.435806     0.783077     0.006986
    -0.026000     0.042000     0.437520     0.783077     0.004383
    -0.026000     0.042000     0.439235     0.783077     0.004192
    -0.026000     0.042000     0.440949     0.783077     0.006531
    -0.022000    -0.046000     0.434092     0.783077     0.007587
    -0.022000    -0.046000     0.435806     0.783077     0.005587
    -0.022000    -0.046000     0.437520     0.783077     0.005892
    -0.022000    -0.046000     0.439235     0.783077     0.008297
    -0.022000     0.046000     0.434092     0.783077     0.008590
    -0.022000     0.046000     0.435806     0.783077     0.006643
    -0.022000     0.046000     0.437520     0.783077     0.006734
    -0.022000     0.046000     0.439235     0.783077     0.008796
    -0.018000    -0.046000     0.435806     0.783077     0.009688
    -0.018000    -0.046000     0.437520     0.783077     0.005757
    -0.018000    -0.046000     0.439235     0.783077     0.002981
    -0.018000    -0.046000     0.440949     0.783077     0.003081
    -0.018000    -0.046000     0.442663     0.783077     0.005939
    -0.018000    -0.046000     0.444378     0.783077     0.009840
    -0.018000     0.046000     0.435806     0.783077     0.009710
    -0.018000     0.046000     0.437520     0.783077     0.005612
    -0.018000     0.046000     0.439235     0.783077     0.002449
    -0.018000     0.046000     0.440949     0.783077     0.002173
    -0.018000     0.046000     0.442663     0.783077     0.005050
    -0.018000     0.046000     0.444378     0.783077     0.009014
    -0.006000    -0.050000     0.447806     0.783077     0.008287
    -0.006000    -0.050000     0.449520     0.783077     0.007401
    -0.006000    -0.050000     0.451235     0.783077     0.008318
    -0.006000     0.050000     0.447806     0.783077     0.009086
    -0.006000     0.050000     0.449520     0.783077     0.007847
    -0.006000     0.050000     0.451235     0.783077     0.008323
    -0.002000    -0.050000     0.451235     0.783077     0.009369
    -0.002000    -0.050000     0.452949     0.783077     0.006942
    -0.002000    -0.050000     0.454663     0.783077     0.006130
    -0.002000    -0.050000     0.456378     0.783077     0.007307
    -0.002000    -0.050000     0.458092     0.783077     0.009950
    -0.002000     0.050000     0.452949     0.783077     0.007538
    -0.002000     0.050000     0.454663     0.783077     0.006270
    -0.002000     0.050000     0.456378     0.783077     0.006958
    -0.002000     0.050000     0.458092     0.783077     0.009280
     0.002000    -0.050000     0.456378     0.783077     0.009292
     0.002000    -0.050000     0.458092     0.783077     0.006968
     0.002000    -0.050000     0.459806     0.783077     0.006277
     0.002000    -0.050000     0.461520     0.783077     0.007541
     0.002000     0.050000     0.456378     0.783077     0.009951
     0.002000     0.050000     0.458092     0.783077     0.007305
     0.002000     0.050000     0.459806     0.783077     0.006123
     0.002000     0.050000     0.461520     0.783077     0.006933
     0.002000     0.050000     0.463235     0.783077     0.009359
     0.006000    -0.050000     0.463235     0.783077     0.008335
     0.006000    -0.050000     0.464949     0.783077     0.007856
     0.006000    -0.050000     0.466663     0.783077     0.009091
     0.006000     0.050000     0.463235     0.783077     0.008315
     0.006000     0.050000     0.464949     0.783077     0.007394
     0.006000     0.050000     0.466663     0.783077     0.008277
     0.018000    -0.046000     0.470092     0.783077     0.009021
     0.018000    -0.046000     0.471806     0.783077     0.005053
     0.018000    -0.046000     0.473520     0.783077     0.002167
     0.018000    -0.046000     0.475235     0.783077     0.002431
     0.018000    -0.046000     0.476949     0.783077     0.005592
     0.018000    -0.046000     0.478663     0.783077     0.009691
     0.018000     0.046000     0.470092     0.783077     0.009853
     0.018000     0.046000     0.471806     0.783077     0.005950
     0.018000     0.046000     0.473520     0.783077     0.003090
     0.018000     0.046000     0.475235     0.783077     0.002982
     0.018000     0.046000     0.476949     0.783077     0.005752
     0.018000     0.046000     0.478663     0.783077     0.009682
     0.022000    -0.046000     0.475235     0.783077     0.008811
     0.022000    -0.046000     0.476949     0.783077     0.006746
     0.022000    -0.046000     0.478663     0.783077     0.006648
     0.022000    -0.046000     0.480378     0.783077     0.008589
     0.022000     0.046000     0.475235     0.783077     0.008301
     0.022000     0.046000     0.476949     0.783077     0.005892
     0.022000     0.046000     0.478663     0.783077     0.005582
     0.022000     0.046000     0.480378     0.783077     0.007578
     0.026000    -0.042000     0.473520     0.783077     0.006530
     0.026000    -0.042000     0.475235     0.783077     0.004182
     0.026000    -0.042000     0.476949     0.783077     0.004363
     0.026000    -0.042000     0.478663     0.783077     0.006963
     0.026000     0.042000     0.473520     0.783077     0.007297
     0.026000     0.042000     0.475235     0.783077     0.005042
     0.026000     0.042000     0.476949     0.783077     0.005121
     0.026000     0.042000     0.478663     0.783077     0.007508
     0.030000    -0.038000     0.471806     0.783077     0.009720
     0.030000    -0.038000     0.473520     0.783077     0.009150
     0.034000    -0.038000     0.473520     0.783077     0.009164
     0.034000    -0.038000     0.475235     0.783077     0.008505
     0.034000    -0.038000     0.476949     0.783077     0.009577
     0.034000    -0.034000     0.468378     0.783077     0.009386
     0.034000    -0.034000     0.470092     0.783077     0.008965
     0.034000     0.034000     0.470092     0.783077     0.009978
     0.034000     0.038000     0.473520     0.783077     0.008105
     0.034000     0.038000     0.475235     0.783077     0.007337
     0.034000     0.038000     0.476949     0.783077     0.008507
     0.038000    -0.030000     0.461520     0.783077     0.008143
     0.038000    -0.030000     0.463235     0.783077     0.004994
     0.038000    -0.030000     0.464949     0.783077     0.003481
     0.038000    -0.030000     0.466663     0.783077     0.004629
     0.038000    -0.030000     0.468378     0.783077     0.007636
     0.038000     0.030000     0.461520     0.783077     0.008745
     0.038000     0.030000     0.463235     0.783077     0.005749
     0.038000     0.030000     0.464949     0.783077     0.004353
     0.038000     0.030000     0.466663     0.783077     0.005388
     0.038000     0.030000     0.468378     0.783077     0.008223
     0.042000    -0.026000     0.454663     0.783077     0.009526
     0.042000    -0.026000     0.456378     0.783077     0.005697
     0.042000    -0.026000     0.458092     0.783077     0.002679
     0.042000    -0.026000     0.459806     0.783077     0.002104
     0.042000    -0.026000     0.461520     0.783077     0.004538
     0.042000    -0.026000     0.463235     0.783077     0.008203
     0.042000     0.026000     0.454663     0.783077     0.009476
     0.042000     0.026000     0.456378     0.783077     0.005515
     0.042000     0.026000     0.458092     0.783077     0.002265
     0.042000     0.026000     0.459806     0.783077     0.001533
     0.042000     0.026000     0.461520     0.783077     0.004120
     0.042000     0.026000     0.463235     0.783077     0.007920
     0.046000    -0.018000     0.444378     0.783077     0.008233
     0.046000    -0.018000     0.446092     0.783077     0.004036
     0.046000    -0.018000     0.447806     0.783077     0.000440
     0.046000    -0.018000     0.449520     0.783077     0.000406
     0.046000    -0.018000     0.451235     0.783077     0.003970
     0.046000    -0.018000     0.452949     0.783077     0.008135
     0.046000    -0.014000     0.444378     0.783077     0.009400
     0.046000    -0.014000     0.446092     0.783077     0.008409
     0.046000    -0.014000     0.447806     0.783077     0.009065
     0.046000     0.014000     0.444378     0.783077     0.009768
     0.046000     0.014000     0.446092     0.783077     0.008759
     0.046000     0.014000     0.447806     0.783077     0.009361
     0.046000     0.018000     0.444378     0.783077     0.008339
     0.046000     0.018000     0.446092     0.783077     0.004064
     0.046000     0.018000     0.447806     0.783077     0.000255
     0.046000     0.018000     0.449520     0.783077     0.000004
     0.046000     0.018000     0.451235     0.783077     0.003695
     0.046000     0.018000     0.452949     0.783077     0.007928
     0.050000    -0.010000     0.437520     0.783077     0.008454
     0.050000    -0.010000     0.439235     0.783077     0.007574
     0.050000    -0.010000     0.440949     0.783077     0.008539
     0.050000    -0.006000     0.434092     0.783077     0.008585
     0.050000    -0.006000     0.435806     0.783077     0.004611
     0.050000    -0.006000     0.437520     0.783077     0.001896
     0.050000    -0.006000     0.439235     0.783077     0.002557
     0.050000    -0.006000     0.440949     0.783077     0.005862
     0.050000    -0.006000     0.442663     0.783077     0.009936
     0.050000    -0.002000     0.434092     0.783077     0.007170
     0.050000    -0.002000     0.435806     0.783077     0.003276
     0.050000    -0.002000     0.437520     0.783077     0.001203
     0.050000    -0.002000     0.439235     0.783077     0.003065
     0.050000    -0.002000     0.440949     0.783077     0.006858
     0.050000     0.002000     0.434092     0.783077     0.007214
     0.050000     0.002000     0.435806     0.783077     0.003321
     0.050000     0.002000     0.437520     0.783077     0.001235
     0.050000     0.002000     0.439235     0.783077     0.003066
     0.050000     0.002000     0.440949     0.783077     0.006848
     0.050000     0.006000     0.434092     0.783077     0.008667
     0.050000     0.006000     0.435806     0.783077     0.004670
     0.050000     0.006000     0.437520     0.783077     0.001897
     0.050000     0.006000     0.439235     0.783077     0.002487
     0.050000     0.006000     0.440949     0.783077     0.005777
     0.050000     0.006000     0.442663     0.783077     0.009854
     0.050000     0.010000     0.437520     0.783077     0.008344
     0.050000     0.010000     0.439235     0.783077     0.007385
     0.050000     0.010000     0.440949     0.783077     0.008308


    -0.050000    -0.010000     0.473520     0.783846     0.008106
    -0.050000    -0.010000     0.475235     0.783846     0.007146
    -0.050000    -0.010000     0.476949     0.783846     0.008062
    -0.050000    -0.006000     0.471806     0.783846     0.009639
    -0.050000    -0.006000     0.473520     0.783846     0.005530
    -0.050000    -0.006000     0.475235     0.783846     0.002161
    -0.050000    -0.006000     0.476949     0.783846     0.001464
    -0.050000    -0.006000     0.478663     0.783846     0.004233
    -0.050000    -0.006000     0.480378     0.783846     0.008247
    -0.050000    -0.002000     0.473520     0.783846     0.006572
    -0.050000    -0.002000     0.475235     0.783846     0.002700
    -0.050000    -0.002000     0.476949     0.783846     0.000703
    -0.050000    -0.002000     0.478663     0.783846     0.002796
    -0.050000    -0.002000     0.480378     0.783846     0.006738
    -0.050000     0.002000     0.473520     0.783846     0.006582
    -0.050000     0.002000     0.475235     0.783846     0.002699
    -0.050000     0.002000     0.476949     0.783846     0.000671
    -0.050000     0.002000     0.478663     0.783846     0.002752
    -0.050000     0.002000     0.480378     0.783846     0.006695
    -0.050000     0.006000     0.471806     0.783846     0.009721
    -0.050000     0.006000     0.473520     0.783846     0.005615
    -0.050000     0.006000     0.475235     0.783846     0.002235
    -0.050000     0.006000     0.476949     0.783846     0.001467
    -0.050000     0.006000     0.478663     0.783846     0.004177
    -0.050000     0.006000     0.480378     0.783846     0.008167
    -0.050000     0.010000     0.473520     0.783846     0.008338
    -0.050000     0.010000     0.475235     0.783846     0.007337
    -0.050000     0.010000     0.476949     0.783846     0.008176
    -0.046000    -0.018000     0.461520     0.783846     0.007792
    -0.046000    -0.018000     0.463235     0.783846     0.003598
    -0.046000    -0.018000     0.464949     0.783846     0.000000
    -0.046000    -0.018000     0.466663     0.783846     0.000157
    -0.046000    -0.018000     0.468378     0.783846     0.003843
    -0.046000    -0.018000     0.470092     0.783846     0.008077
    -0.046000    -0.014000     0.466663     0.783846     0.009065
    -0.046000    -0.014000     0.468378     0.783846     0.008432
    -0.046000    -0.014000     0.470092     0.783846     0.009419
    -0.046000     0.014000     0.466663     0.783846     0.008774
    -0.046000     0.014000     0.468378     0.783846     0.008089
    -0.046000     0.014000     0.470092     0.783846     0.009058
    -0.046000     0.018000     0.461520     0.783846     0.007997
    -0.046000     0.018000     0.463235     0.783846     0.003871
    -0.046000     0.018000     0.464949     0.783846     0.000395
    -0.046000     0.018000     0.466663     0.783846     0.000363
    -0.046000     0.018000     0.468378     0.783846     0.003834
    -0.046000     0.018000     0.470092     0.783846     0.007987
    -0.042000    -0.026000     0.451235     0.783846     0.007781
    -0.042000    -0.026000     0.452949     0.783846     0.004038
    -0.042000    -0.026000     0.454663     0.783846     0.001535
    -0.042000    -0.026000     0.456378     0.783846     0.002224
    -0.042000    -0.026000     0.458092     0.783846     0.005386
    -0.042000    -0.026000     0.459806     0.783846     0.009300
    -0.042000     0.026000     0.451235     0.783846     0.008056
    -0.042000     0.026000     0.452949     0.783846     0.004446
    -0.042000     0.026000     0.454663     0.783846     0.002087
    -0.042000     0.026000     0.456378     0.783846     0.002639
    -0.042000     0.026000     0.458092     0.783846     0.005582
    -0.042000     0.026000     0.459806     0.783846     0.009365
    -0.038000    -0.030000     0.446092     0.783846     0.007946
    -0.038000    -0.030000     0.447806     0.783846     0.005116
    -0.038000    -0.030000     0.449520     0.783846     0.004091
    -0.038000    -0.030000     0.451235     0.783846     0.005495
    -0.038000    -0.030000     0.452949     0.783846     0.008494
    -0.038000     0.030000     0.446092     0.783846     0.007362
    -0.038000     0.030000     0.447806     0.783846     0.004367
    -0.038000     0.030000     0.449520     0.783846     0.003238
    -0.038000     0.030000     0.451235     0.783846     0.004762
    -0.038000     0.030000     0.452949     0.783846     0.007912
    -0.034000    -0.038000     0.437520     0.783846     0.008217
    -0.034000    -0.038000     0.439235     0.783846     0.007074
    -0.034000    -0.038000     0.440949     0.783846     0.007869
    -0.034000    -0.034000     0.444378     0.783846     0.009631
    -0.034000     0.034000     0.442663     0.783846     0.009805
    -0.034000     0.034000     0.444378     0.783846     0.008627
    -0.034000     0.034000     0.446092     0.783846     0.009068
    -0.034000     0.038000     0.437520     0.783846     0.009278
    -0.034000     0.038000     0.439235     0.783846     0.008231
    -0.034000     0.038000     0.440949     0.783846     0.008918
    -0.030000    -0.038000     0.440949     0.783846     0.009812
    -0.030000     0.038000     0.439235     0.783846     0.009827
    -0.030000     0.038000     0.440949     0.783846     0.008764
    -0.030000     0.038000     0.442663     0.783846     0.009363
    -0.026000    -0.042000     0.435806     0.783846     0.007027
    -0.026000    -0.042000     0.437520     0.783846     0.004623
    -0.026000    -0.042000     0.439235     0.783846     0.004587
    -0.026000    -0.042000     0.440949     0.783846     0.006919
    -0.026000     0.042000     0.435806     0.783846     0.006489
    -0.026000     0.042000     0.437520     0.783846     0.003862
    -0.026000     0.042000     0.439235     0.783846     0.003724
    -0.026000     0.042000     0.440949     0.783846     0.006156
    -0.026000     0.042000     0.442663     0.783846     0.009800
    -0.022000    -0.046000     0.434092     0.783846     0.007170
    -0.022000    -0.046000     0.435806     0.783846     0.005189
    -0.022000    -0.046000     0.437520     0.783846     0.005549
    -0.022000    -0.046000     0.439235     0.783846     0.008010
    -0.022000     0.046000     0.434092     0.783846     0.008190
    -0.022000     0.046000     0.435806     0.783846     0.006261
    -0.022000     0.046000     0.437520     0.783846     0.006399
    -0.022000     0.046000     0.439235     0.783846     0.008511
    -0.018000    -0.046000     0.435806     0.783846     0.009256
    -0.018000    -0.046000     0.437520     0.783846     0.005295
    -0.018000    -0.046000     0.439235     0.783846     0.002492
    -0.018000    -0.046000     0.440949     0.783846     0.002660
    -0.018000    -0.046000     0.442663     0.783846     0.005610
    -0.018000    -0.046000     0.444378     0.783846     0.009560
    -0.018000     0.046000     0.435806     0.783846     0.009280
    -0.018000     0.046000     0.437520     0.783846     0.005148
    -0.018000     0.046000     0.439235     0.783846     0.001940
    -0.018000     0.046000     0.440949     0.783846     0.001725
    -0.018000     0.046000     0.442663     0.783846     0.004715
    -0.018000     0.046000     0.444378     0.783846     0.008733
    -0.014000     0.046000     0.444378     0.783846     0.009962
    -0.006000    -0.050000     0.447806     0.783846     0.008157
    -0.006000    -0.050000     0.449520     0.783846     0.007298
    -0.006000    -0.050000     0.451235     0.783846     0.008217
    -0.006000     0.050000     0.447806     0.783846     0.008948
    -0.006000     0.050000     0.449520     0.783846     0.007738
    -0.006000     0.050000     0.451235     0.783846     0.008221
    -0.002000    -0.050000     0.451235     0.783846     0.009246
    -0.002000    -0.050000     0.452949     0.783846     0.006858
    -0.002000    -0.050000     0.454663     0.783846     0.006067
    -0.002000    -0.050000     0.456378     0.783846     0.007228
    -0.002000    -0.050000     0.458092     0.783846     0.009838
    -0.002000     0.050000     0.452949     0.783846     0.007445
    -0.002000     0.050000     0.454663     0.783846     0.006205
    -0.002000     0.050000     0.456378     0.783846     0.006884
    -0.002000     0.050000     0.458092     0.783846     0.009175
     0.002000    -0.050000     0.456378     0.783846     0.009187
     0.002000    -0.050000     0.458092     0.783846     0.006894
     0.002000    -0.050000     0.459806     0.783846     0.006212
     0.002000    -0.050000     0.461520     0.783846     0.007447
     0.002000     0.050000     0.456378     0.783846     0.009839
     0.002000     0.050000     0.458092     0.783846     0.007226
     0.002000     0.050000     0.459806     0.783846     0.006061
     0.002000     0.050000     0.461520     0.783846     0.006848
     0.002000     0.050000     0.463235     0.783846     0.009235
     0.006000    -0.050000     0.463235     0.783846     0.008233
     0.006000    -0.050000     0.464949     0.783846     0.007747
     0.006000    -0.050000     0.466663     0.783846     0.008953
     0.006000     0.050000     0.463235     0.783846     0.008214
     0.006000     0.050000     0.464949     0.783846     0.007291
     0.006000     0.050000     0.466663     0.783846     0.008147
     0.014000    -0.046000     0.470092     0.783846     0.009952
     0.018000    -0.046000     0.470092     0.783846     0.008740
     0.018000    -0.046000     0.471806     0.783846     0.004718
     0.018000    -0.046000     0.473520     0.783846     0.001719
     0.018000    -0.046000     0.475235     0.783846     0.001922
     0.018000    -0.046000     0.476949     0.783846     0.005128
     0.018000    -0.046000     0.478663     0.783846     0.009261
     0.018000     0.046000     0.470092     0.783846     0.009573
     0.018000     0.046000     0.471806     0.783846     0.005622
     0.018000     0.046000     0.473520     0.783846     0.002669
     0.018000     0.046000     0.475235     0.783846     0.002493
     0.018000     0.046000     0.476949     0.783846     0.005290
     0.018000     0.046000     0.478663     0.783846     0.009249
     0.022000    -0.046000     0.475235     0.783846     0.008527
     0.022000    -0.046000     0.476949     0.783846     0.006412
     0.022000    -0.046000     0.478663     0.783846     0.006268
     0.022000    -0.046000     0.480378     0.783846     0.008189
     0.022000     0.046000     0.475235     0.783846     0.008014
     0.022000     0.046000     0.476949     0.783846     0.005549
     0.022000     0.046000     0.478663     0.783846     0.005183
     0.022000     0.046000     0.480378     0.783846     0.007162
     0.026000    -0.042000     0.471806     0.783846     0.009804
     0.026000    -0.042000     0.473520     0.783846     0.006156
     0.026000    -0.042000     0.475235     0.783846     0.003714
     0.026000    -0.042000     0.476949     0.783846     0.003842
     0.026000    -0.042000     0.478663     0.783846     0.006466
     0.026000     0.042000     0.473520     0.783846     0.006930
     0.026000     0.042000     0.475235     0.783846     0.004594
     0.026000     0.042000     0.476949     0.783846     0.004622
     0.026000     0.042000     0.478663     0.783846     0.007021
     0.030000    -0.038000     0.471806     0.783846     0.009354
     0.030000    -0.038000     0.473520     0.783846     0.008749
     0.030000    -0.038000     0.475235     0.783846     0.009808
     0.030000     0.038000     0.473520     0.783846     0.009814
     0.034000    -0.038000     0.473520     0.783846     0.008931
     0.034000    -0.038000     0.475235     0.783846     0.008240
     0.034000    -0.038000     0.476949     0.783846     0.009282
     0.034000    -0.034000     0.468378     0.783846     0.009063
     0.034000    -0.034000     0.470092     0.783846     0.008615
     0.034000    -0.034000     0.471806     0.783846     0.009789
     0.034000     0.034000     0.470092     0.783846     0.009632
     0.034000     0.038000     0.473520     0.783846     0.007870
     0.034000     0.038000     0.475235     0.783846     0.007068
     0.034000     0.038000     0.476949     0.783846     0.008205
     0.038000    -0.030000     0.461520     0.783846     0.007923
     0.038000    -0.030000     0.463235     0.783846     0.004769
     0.038000    -0.030000     0.464949     0.783846     0.003237
     0.038000    -0.030000     0.466663     0.783846     0.004358
     0.038000    -0.030000     0.468378     0.783846     0.007349
     0.038000     0.030000     0.461520     0.783846     0.008518
     0.038000     0.030000     0.463235     0.783846     0.005515
     0.038000     0.030000     0.464949     0.783846     0.004100
     0.038000     0.030000     0.466663     0.783846     0.005112
     0.038000     0.030000     0.468378     0.783846     0.007933
     0.042000    -0.026000     0.454663     0.783846     0.009385
     0.042000    -0.026000     0.456378     0.783846     0.005603
     0.042000    -0.026000     0.458092     0.783846     0.002660
     0.042000    -0.026000     0.459806     0.783846     0.002099
     0.042000    -0.026000     0.461520     0.783846     0.004448
     0.042000    -0.026000     0.463235     0.783846     0.008052
     0.042000     0.026000     0.454663     0.783846     0.009329
     0.042000     0.026000     0.456378     0.783846     0.005415
     0.042000     0.026000     0.458092     0.783846     0.002251
     0.042000     0.026000     0.459806     0.783846     0.001544
     0.042000     0.026000     0.461520     0.783846     0.004030
     0.042000     0.026000     0.463235     0.783846     0.007766
     0.046000    -0.018000     0.444378     0.783846     0.008007
     0.046000    -0.018000     0.446092     0.783846     0.003857
     0.046000    -0.018000     0.447806     0.783846     0.000388
     0.046000    -0.018000     0.449520     0.783846     0.000401
     0.046000    -0.018000     0.451235     0.783846     0.003865
     0.046000    -0.018000     0.452949     0.783846     0.007987
     0.046000    -0.014000     0.444378     0.783846     0.009071
     0.046000    -0.014000     0.446092     0.783846     0.008095
     0.046000    -0.014000     0.447806     0.783846     0.008774
     0.046000     0.014000     0.444378     0.783846     0.009436
     0.046000     0.014000     0.446092     0.783846     0.008441
     0.046000     0.014000     0.447806     0.783846     0.009065
     0.046000     0.018000     0.444378     0.783846     0.008105
     0.046000     0.018000     0.446092     0.783846     0.003873
     0.046000     0.018000     0.447806     0.783846     0.000190
     0.046000     0.018000     0.449520     0.783846     0.000006
     0.046000     0.018000     0.451235     0.783846     0.003586
     0.046000     0.018000     0.452949     0.783846     0.007776
     0.050000    -0.010000     0.437520     0.783846     0.008169
     0.050000    -0.010000     0.439235     0.783846     0.007323
     0.050000    -0.010000     0.440949     0.783846     0.008319
     0.050000    -0.006000     0.434092     0.783846     0.008171
     0.050000    -0.006000     0.435806     0.783846     0.004172
     0.050000    -0.006000     0.437520     0.783846     0.001444
     0.050000    -0.006000     0.439235     0.783846     0.002200
     0.050000    -0.006000     0.440949     0.783846     0.005584
     0.050000    -0.006000     0.442663     0.783846     0.009693
     0.050000    -0.002000     0.434092     0.783846     0.006699
     0.050000    -0.002000     0.435806     0.783846     0.002743
     0.050000    -0.002000     0.437520     0.783846     0.000638
     0.050000    -0.002000     0.439235     0.783846     0.002662
     0.050000    -0.002000     0.440949     0.783846     0.006551
     0.050000     0.002000     0.434092     0.783846     0.006742
     0.050000     0.002000     0.435806     0.783846     0.002788
     0.050000     0.002000     0.437520     0.783846     0.000669
     0.050000     0.002000     0.439235     0.783846     0.002662
     0.050000     0.002000     0.440949     0.783846     0.006540
     0.050000     0.006000     0.434092     0.783846     0.008250
     0.050000     0.006000     0.435806     0.783846     0.004228
     0.050000     0.006000     0.437520     0.783846     0.001438
     0.050000     0.006000     0.439235     0.783846     0.002122
     0.050000     0.006000     0.440949     0.783846     0.005495
     0.050000     0.006000     0.442663     0.783846     0.009609
     0.050000     0.010000     0.437520     0.783846     0.008054
     0.050000     0.010000     0.439235     0.783846     0.007129
     0.050000     0.010000     0.440949     0.783846     0.008083


    -0.050000    -0.010000     0.473520     0.784615     0.008031
    -0.050000    -0.010000     0.475235     0.784615     0.007039
    -0.050000    -0.010000     0.476949     0.784615     0.007921
    -0.050000    -0.006000     0.471806     0.784615     0.009542
    -0.050000    -0.006000     0.473520     0.784615     0.005399
    -0.050000    -0.006000     0.475235     0.784615     0.001952
    -0.050000    -0.006000     0.476949     0.784615     0.001157
    -0.050000    -0.006000     0.478663     0.784615     0.003940
    -0.050000    -0.006000     0.480378     0.784615     0.007976
    -0.050000    -0.002000     0.473520     0.784615     0.006414
    -0.050000    -0.002000     0.475235     0.784615     0.002450
    -0.050000    -0.002000     0.476949     0.784615     0.000280
    -0.050000    -0.002000     0.478663     0.784615     0.002407
    -0.050000    -0.002000     0.480378     0.784615     0.006411
    -0.050000     0.002000     0.473520     0.784615     0.006425
    -0.050000     0.002000     0.475235     0.784615     0.002451
    -0.050000     0.002000     0.476949     0.784615     0.000249
    -0.050000     0.002000     0.478663     0.784615     0.002363
    -0.050000     0.002000     0.480378     0.784615     0.006369
    -0.050000     0.006000     0.471806     0.784615     0.009626
    -0.050000     0.006000     0.473520     0.784615     0.005489
    -0.050000     0.006000     0.475235     0.784615     0.002034
    -0.050000     0.006000     0.476949     0.784615     0.001169
    -0.050000     0.006000     0.478663     0.784615     0.003887
    -0.050000     0.006000     0.480378     0.784615     0.007899
    -0.050000     0.010000     0.473520     0.784615     0.008267
    -0.050000     0.010000     0.475235     0.784615     0.007236
    -0.050000     0.010000     0.476949     0.784615     0.008041
    -0.046000    -0.018000     0.461520     0.784615     0.007788
    -0.046000    -0.018000     0.463235     0.784615     0.003638
    -0.046000    -0.018000     0.464949     0.784615     0.000150
    -0.046000    -0.018000     0.466663     0.784615     0.000249
    -0.046000    -0.018000     0.468378     0.784615     0.003805
    -0.046000    -0.018000     0.470092     0.784615     0.007992
    -0.046000    -0.014000     0.466663     0.784615     0.008917
    -0.046000    -0.014000     0.468378     0.784615     0.008263
    -0.046000    -0.014000     0.470092     0.784615     0.009234
    -0.046000     0.014000     0.466663     0.784615     0.008632
    -0.046000     0.014000     0.468378     0.784615     0.007924
    -0.046000     0.014000     0.470092     0.784615     0.008878
    -0.046000     0.018000     0.461520     0.784615     0.007997
    -0.046000     0.018000     0.463235     0.784615     0.003916
    -0.046000     0.018000     0.464949     0.784615     0.000539
    -0.046000     0.018000     0.466663     0.784615     0.000466
    -0.046000     0.018000     0.468378     0.784615     0.003809
    -0.046000     0.018000     0.470092     0.784615     0.007909
    -0.042000    -0.026000     0.451235     0.784615     0.007776
    -0.042000    -0.026000     0.452949     0.784615     0.004098
    -0.042000    -0.026000     0.454663     0.784615     0.001692
    -0.042000    -0.026000     0.456378     0.784615     0.002357
    -0.042000    -0.026000     0.458092     0.784615     0.005435
    -0.042000    -0.026000     0.459806     0.784615     0.009300
    -0.042000     0.026000     0.451235     0.784615     0.008053
    -0.042000     0.026000     0.452949     0.784615     0.004505
    -0.042000     0.026000     0.454663     0.784615     0.002230
    -0.042000     0.026000     0.456378     0.784615     0.002768
    -0.042000     0.026000     0.458092     0.784615     0.005636
    -0.042000     0.026000     0.459806     0.784615     0.009371
    -0.038000    -0.030000     0.446092     0.784615     0.007806
    -0.038000    -0.030000     0.447806     0.784615     0.004993
    -0.038000    -0.030000     0.449520     0.784615     0.003992
    -0.038000    -0.030000     0.451235     0.784615     0.005413
    -0.038000    -0.030000     0.452949     0.784615     0.008416
    -0.038000     0.030000     0.446092     0.784615     0.007225
    -0.038000     0.030000     0.447806     0.784615     0.004250
    -0.038000     0.030000     0.449520     0.784615     0.003149
    -0.038000     0.030000     0.451235     0.784615     0.004690
    -0.038000     0.030000     0.452949     0.784615     0.007842
    -0.034000    -0.038000     0.437520     0.784615     0.008064
    -0.034000    -0.038000     0.439235     0.784615     0.006955
    -0.034000    -0.038000     0.440949     0.784615     0.007784
    -0.034000    -0.034000     0.444378     0.784615     0.009433
    -0.034000    -0.034000     0.446092     0.784615     0.009865
    -0.034000     0.034000     0.442663     0.784615     0.009588
    -0.034000     0.034000     0.444378     0.784615     0.008425
    -0.034000     0.034000     0.446092     0.784615     0.008893
    -0.034000     0.038000     0.437520     0.784615     0.009131
    -0.034000     0.038000     0.439235     0.784615     0.008116
    -0.034000     0.038000     0.440949     0.784615     0.008833
    -0.030000    -0.042000     0.435806     0.784615     0.009850
    -0.030000    -0.038000     0.440949     0.784615     0.009568
    -0.030000     0.038000     0.439235     0.784615     0.009556
    -0.030000     0.038000     0.440949     0.784615     0.008511
    -0.030000     0.038000     0.442663     0.784615     0.009145
    -0.026000    -0.042000     0.435806     0.784615     0.006686
    -0.026000    -0.042000     0.437520     0.784615     0.004270
    -0.026000    -0.042000     0.439235     0.784615     0.004287
    -0.026000    -0.042000     0.440949     0.784615     0.006701
    -0.026000     0.042000     0.434092     0.784615     0.009943
    -0.026000     0.042000     0.435806     0.784615     0.006137
    -0.026000     0.042000     0.437520     0.784615     0.003486
    -0.026000     0.042000     0.439235     0.784615     0.003405
    -0.026000     0.042000     0.440949     0.784615     0.005933
    -0.026000     0.042000     0.442663     0.784615     0.009635
    -0.022000    -0.046000     0.434092     0.784615     0.006902
    -0.022000    -0.046000     0.435806     0.784615     0.004940
    -0.022000    -0.046000     0.437520     0.784615     0.005357
    -0.022000    -0.046000     0.439235     0.784615     0.007872
    -0.022000     0.046000     0.434092     0.784615     0.007937
    -0.022000     0.046000     0.435806     0.784615     0.006030
    -0.022000     0.046000     0.437520     0.784615     0.006216
    -0.022000     0.046000     0.439235     0.784615     0.008376
    -0.018000    -0.046000     0.435806     0.784615     0.008970
    -0.018000    -0.046000     0.437520     0.784615     0.004980
    -0.018000    -0.046000     0.439235     0.784615     0.002152
    -0.018000    -0.046000     0.440949     0.784615     0.002392
    -0.018000    -0.046000     0.442663     0.784615     0.005433
    -0.018000    -0.046000     0.444378     0.784615     0.009429
    -0.018000     0.046000     0.435806     0.784615     0.008996
    -0.018000     0.046000     0.437520     0.784615     0.004832
    -0.018000     0.046000     0.439235     0.784615     0.001579
    -0.018000     0.046000     0.440949     0.784615     0.001431
    -0.018000     0.046000     0.442663     0.784615     0.004532
    -0.018000     0.046000     0.444378     0.784615     0.008601
    -0.014000     0.046000     0.444378     0.784615     0.009765
    -0.006000    -0.050000     0.447806     0.784615     0.008174
    -0.006000    -0.050000     0.449520     0.784615     0.007343
    -0.006000    -0.050000     0.451235     0.784615     0.008262
    -0.006000     0.050000     0.447806     0.784615     0.008958
    -0.006000     0.050000     0.449520     0.784615     0.007777
    -0.006000     0.050000     0.451235     0.784615     0.008267
    -0.002000    -0.050000     0.451235     0.784615     0.009269
    -0.002000    -0.050000     0.452949     0.784615     0.006921
    -0.002000    -0.050000     0.454663     0.784615     0.006152
    -0.002000    -0.050000     0.456378     0.784615     0.007296
    -0.002000    -0.050000     0.458092     0.784615     0.009872
    -0.002000     0.050000     0.452949     0.784615     0.007499
    -0.002000     0.050000     0.454663     0.784615     0.006287
    -0.002000     0.050000     0.456378     0.784615     0.006958
    -0.002000     0.050000     0.458092     0.784615     0.009217
     0.002000    -0.050000     0.456378     0.784615     0.009229
     0.002000    -0.050000     0.458092     0.784615     0.006968
     0.002000    -0.050000     0.459806     0.784615     0.006294
     0.002000    -0.050000     0.461520     0.784615     0.007502
     0.002000     0.050000     0.456378     0.784615     0.009874
     0.002000     0.050000     0.458092     0.784615     0.007294
     0.002000     0.050000     0.459806     0.784615     0.006146
     0.002000     0.050000     0.461520     0.784615     0.006912
     0.002000     0.050000     0.463235     0.784615     0.009258
     0.006000    -0.050000     0.463235     0.784615     0.008279
     0.006000    -0.050000     0.464949     0.784615     0.007786
     0.006000    -0.050000     0.466663     0.784615     0.008963
     0.006000     0.050000     0.463235     0.784615     0.008260
     0.006000     0.050000     0.464949     0.784615     0.007336
     0.006000     0.050000     0.466663     0.784615     0.008165
     0.014000    -0.046000     0.470092     0.784615     0.009754
     0.018000    -0.046000     0.470092     0.784615     0.008609
     0.018000    -0.046000     0.471806     0.784615     0.004536
     0.018000    -0.046000     0.473520     0.784615     0.001426
     0.018000    -0.046000     0.475235     0.784615     0.001561
     0.018000    -0.046000     0.476949     0.784615     0.004812
     0.018000    -0.046000     0.478663     0.784615     0.008977
     0.018000     0.046000     0.470092     0.784615     0.009442
     0.018000     0.046000     0.471806     0.784615     0.005445
     0.018000     0.046000     0.473520     0.784615     0.002401
     0.018000     0.046000     0.475235     0.784615     0.002153
     0.018000     0.046000     0.476949     0.784615     0.004975
     0.018000     0.046000     0.478663     0.784615     0.008964
     0.022000    -0.046000     0.475235     0.784615     0.008392
     0.022000    -0.046000     0.476949     0.784615     0.006229
     0.022000    -0.046000     0.478663     0.784615     0.006037
     0.022000    -0.046000     0.480378     0.784615     0.007937
     0.022000     0.046000     0.475235     0.784615     0.007876
     0.022000     0.046000     0.476949     0.784615     0.005357
     0.022000     0.046000     0.478663     0.784615     0.004935
     0.022000     0.046000     0.480378     0.784615     0.006894
     0.026000    -0.042000     0.471806     0.784615     0.009640
     0.026000    -0.042000     0.473520     0.784615     0.005933
     0.026000    -0.042000     0.475235     0.784615     0.003395
     0.026000    -0.042000     0.476949     0.784615     0.003466
     0.026000    -0.042000     0.478663     0.784615     0.006115
     0.026000    -0.042000     0.480378     0.784615     0.009921
     0.026000     0.042000     0.473520     0.784615     0.006713
     0.026000     0.042000     0.475235     0.784615     0.004294
     0.026000     0.042000     0.476949     0.784615     0.004269
     0.026000     0.042000     0.478663     0.784615     0.006679
     0.030000    -0.038000     0.471806     0.784615     0.009137
     0.030000    -0.038000     0.473520     0.784615     0.008496
     0.030000    -0.038000     0.475235     0.784615     0.009536
     0.030000     0.038000     0.473520     0.784615     0.009570
     0.030000     0.042000     0.478663     0.784615     0.009846
     0.034000    -0.038000     0.473520     0.784615     0.008847
     0.034000    -0.038000     0.475235     0.784615     0.008125
     0.034000    -0.038000     0.476949     0.784615     0.009135
     0.034000    -0.034000     0.468378     0.784615     0.008888
     0.034000    -0.034000     0.470092     0.784615     0.008414
     0.034000    -0.034000     0.471806     0.784615     0.009572
     0.034000     0.034000     0.468378     0.784615     0.009874
     0.034000     0.034000     0.470092     0.784615     0.009435
     0.034000     0.038000     0.473520     0.784615     0.007786
     0.034000     0.038000     0.475235     0.784615     0.006949
     0.034000     0.038000     0.476949     0.784615     0.008052
     0.038000    -0.030000     0.461520     0.784615     0.007853
     0.038000    -0.030000     0.463235     0.784615     0.004698
     0.038000    -0.030000     0.464949     0.784615     0.003149
     0.038000    -0.030000     0.466663     0.784615     0.004242
     0.038000    -0.030000     0.468378     0.784615     0.007213
     0.038000     0.030000     0.461520     0.784615     0.008440
     0.038000     0.030000     0.463235     0.784615     0.005433
     0.038000     0.030000     0.464949     0.784615     0.004002
     0.038000     0.030000     0.466663     0.784615     0.004989
     0.038000     0.030000     0.468378     0.784615     0.007793
     0.042000    -0.026000     0.454663     0.784615     0.009391
     0.042000    -0.026000     0.456378     0.784615     0.005657
     0.042000    -0.026000     0.458092     0.784615     0.002789
     0.042000    -0.026000     0.459806     0.784615     0.002243
     0.042000    -0.026000     0.461520     0.784615     0.004507
     0.042000    -0.026000     0.463235     0.784615     0.008050
     0.042000     0.026000     0.454663     0.784615     0.009329
     0.042000     0.026000     0.456378     0.784615     0.005465
     0.042000     0.026000     0.458092     0.784615     0.002384
     0.042000     0.026000     0.459806     0.784615     0.001702
     0.042000     0.026000     0.461520     0.784615     0.004091
     0.042000     0.026000     0.463235     0.784615     0.007761
     0.046000    -0.018000     0.444378     0.784615     0.007930
     0.046000    -0.018000     0.446092     0.784615     0.003832
     0.046000    -0.018000     0.447806     0.784615     0.000491
     0.046000    -0.018000     0.449520     0.784615     0.000547
     0.046000    -0.018000     0.451235     0.784615     0.003911
     0.046000    -0.018000     0.452949     0.784615     0.007988
     0.046000    -0.014000     0.444378     0.784615     0.008891
     0.046000    -0.014000     0.446092     0.784615     0.007932
     0.046000    -0.014000     0.447806     0.784615     0.008632
     0.046000     0.014000     0.444378     0.784615     0.009252
     0.046000     0.014000     0.446092     0.784615     0.008273
     0.046000     0.014000     0.447806     0.784615     0.008918
     0.046000     0.018000     0.444378     0.784615     0.008020
     0.046000     0.018000     0.446092     0.784615     0.003836
     0.046000     0.018000     0.447806     0.784615     0.000283
     0.046000     0.018000     0.449520     0.784615     0.000158
     0.046000     0.018000     0.451235     0.784615     0.003628
     0.046000     0.018000     0.452949     0.784615     0.007772
     0.050000    -0.010000     0.437520     0.784615     0.008034
     0.050000    -0.010000     0.439235     0.784615     0.007223
     0.050000    -0.010000     0.440949     0.784615     0.008248
     0.050000    -0.006000     0.434092     0.784615     0.007903
     0.050000    -0.006000     0.435806     0.784615     0.003883
     0.050000    -0.006000     0.437520     0.784615     0.001146
     0.050000    -0.006000     0.439235     0.784615     0.002000
     0.050000    -0.006000     0.440949     0.784615     0.005459
     0.050000    -0.006000     0.442663     0.784615     0.009599
     0.050000    -0.002000     0.434092     0.784615     0.006373
     0.050000    -0.002000     0.435806     0.784615     0.002356
     0.050000    -0.002000     0.437520     0.784615     0.000215
     0.050000    -0.002000     0.439235     0.784615     0.002414
     0.050000    -0.002000     0.440949     0.784615     0.006395
     0.050000     0.002000     0.434092     0.784615     0.006415
     0.050000     0.002000     0.435806     0.784615     0.002400
     0.050000     0.002000     0.437520     0.784615     0.000245
     0.050000     0.002000     0.439235     0.784615     0.002412
     0.050000     0.002000     0.440949     0.784615     0.006382
     0.050000     0.006000     0.434092     0.784615     0.007980
     0.050000     0.006000     0.435806     0.784615     0.003935
     0.050000     0.006000     0.437520     0.784615     0.001131
     0.050000     0.006000     0.439235     0.784615     0.001914
     0.050000     0.006000     0.440949     0.784615     0.005366
     0.050000     0.006000     0.442663     0.784615     0.009512
     0.050000     0.010000     0.437520     0.784615     0.007913
     0.050000     0.010000     0.439235     0.784615     0.007023
     0.050000     0.010000     0.440949     0.784615     0.008009


    -0.050000    -0.010000     0.473520     0.785385     0.008169
    -0.050000    -0.010000     0.475235     0.785385     0.007147
    -0.050000    -0.010000     0.476949     0.785385     0.007994
    -0.050000    -0.006000     0.471806     0.785385     0.009657
    -0.050000    -0.006000     0.473520     0.785385     0.005485
    -0.050000    -0.006000     0.475235     0.785385     0.001965
    -0.050000    -0.006000     0.476949     0.785385     0.001069
    -0.050000    -0.006000     0.478663     0.785385     0.003860
    -0.050000    -0.006000     0.480378     0.785385     0.007917
    -0.050000    -0.002000     0.473520     0.785385     0.006470
    -0.050000    -0.002000     0.475235     0.785385     0.002418
    -0.050000    -0.002000     0.476949     0.785385     0.000065
    -0.050000    -0.002000     0.478663     0.785385     0.002228
    -0.050000    -0.002000     0.480378     0.785385     0.006295
    -0.050000     0.002000     0.473520     0.785385     0.006483
    -0.050000     0.002000     0.475235     0.785385     0.002422
    -0.050000     0.002000     0.476949     0.785385     0.000035
    -0.050000     0.002000     0.478663     0.785385     0.002184
    -0.050000     0.002000     0.480378     0.785385     0.006253
    -0.050000     0.006000     0.471806     0.785385     0.009744
    -0.050000     0.006000     0.473520     0.785385     0.005579
    -0.050000     0.006000     0.475235     0.785385     0.002056
    -0.050000     0.006000     0.476949     0.785385     0.001091
    -0.050000     0.006000     0.478663     0.785385     0.003812
    -0.050000     0.006000     0.480378     0.785385     0.007843
    -0.050000     0.010000     0.473520     0.785385     0.008409
    -0.050000     0.010000     0.475235     0.785385     0.007349
    -0.050000     0.010000     0.476949     0.785385     0.008119
    -0.046000    -0.018000     0.461520     0.785385     0.007997
    -0.046000    -0.018000     0.463235     0.785385     0.003895
    -0.046000    -0.018000     0.464949     0.785385     0.000514
    -0.046000    -0.018000     0.466663     0.785385     0.000562
    -0.046000    -0.018000     0.468378     0.785385     0.003985
    -0.046000    -0.018000     0.470092     0.785385     0.008121
    -0.046000    -0.014000     0.466663     0.785385     0.008983
    -0.046000    -0.014000     0.468378     0.785385     0.008307
    -0.046000    -0.014000     0.470092     0.785385     0.009262
    -0.046000     0.014000     0.466663     0.785385     0.008703
    -0.046000     0.014000     0.468378     0.785385     0.007974
    -0.046000     0.014000     0.470092     0.785385     0.008910
    -0.046000     0.018000     0.461520     0.785385     0.008209
    -0.046000     0.018000     0.463235     0.785385     0.004177
    -0.046000     0.018000     0.464949     0.785385     0.000896
    -0.046000     0.018000     0.466663     0.785385     0.000787
    -0.046000     0.018000     0.468378     0.785385     0.004001
    -0.046000     0.018000     0.470092     0.785385     0.008046
    -0.042000    -0.026000     0.451235     0.785385     0.007983
    -0.042000    -0.026000     0.452949     0.785385     0.004372
    -0.042000    -0.026000     0.454663     0.785385     0.002059
    -0.042000    -0.026000     0.456378     0.785385     0.002702
    -0.042000    -0.026000     0.458092     0.785385     0.005698
    -0.042000    -0.026000     0.459806     0.785385     0.009512
    -0.042000     0.026000     0.451235     0.785385     0.008263
    -0.042000     0.026000     0.452949     0.785385     0.004778
    -0.042000     0.026000     0.454663     0.785385     0.002583
    -0.042000     0.026000     0.456378     0.785385     0.003108
    -0.042000     0.026000     0.458092     0.785385     0.005904
    -0.042000     0.026000     0.459806     0.785385     0.009589
    -0.038000    -0.030000     0.446092     0.785385     0.007879
    -0.038000    -0.030000     0.447806     0.785385     0.005086
    -0.038000    -0.030000     0.449520     0.785385     0.004111
    -0.038000    -0.030000     0.451235     0.785385     0.005547
    -0.038000    -0.030000     0.452949     0.785385     0.008552
    -0.038000     0.030000     0.446092     0.785385     0.007303
    -0.038000     0.030000     0.447806     0.785385     0.004351
    -0.038000     0.030000     0.449520     0.785385     0.003281
    -0.038000     0.030000     0.451235     0.785385     0.004834
    -0.038000     0.030000     0.452949     0.785385     0.007985
    -0.034000    -0.038000     0.437520     0.785385     0.008124
    -0.034000    -0.038000     0.439235     0.785385     0.007050
    -0.034000    -0.038000     0.440949     0.785385     0.007912
    -0.034000    -0.034000     0.444378     0.785385     0.009448
    -0.034000    -0.034000     0.446092     0.785385     0.009904
    -0.034000     0.034000     0.442663     0.785385     0.009582
    -0.034000     0.034000     0.444378     0.785385     0.008437
    -0.034000     0.034000     0.446092     0.785385     0.008931
    -0.034000     0.038000     0.437520     0.785385     0.009197
    -0.034000     0.038000     0.439235     0.785385     0.008214
    -0.034000     0.038000     0.440949     0.785385     0.008962
    -0.030000    -0.042000     0.435806     0.785385     0.009896
    -0.030000    -0.038000     0.440949     0.785385     0.009535
    -0.030000     0.038000     0.439235     0.785385     0.009495
    -0.030000     0.038000     0.440949     0.785385     0.008470
    -0.030000     0.038000     0.442663     0.785385     0.009139
    -0.026000    -0.042000     0.435806     0.785385     0.006555
    -0.026000    -0.042000     0.437520     0.785385     0.004128
    -0.026000    -0.042000     0.439235     0.785385     0.004201
    -0.026000    -0.042000     0.440949     0.785385     0.006697
    -0.026000     0.042000     0.434092     0.785385     0.009833
    -0.026000     0.042000     0.435806     0.785385     0.005996
    -0.026000     0.042000     0.437520     0.785385     0.003321
    -0.026000     0.042000     0.439235     0.785385     0.003300
    -0.026000     0.042000     0.440949     0.785385     0.005923
    -0.026000     0.042000     0.442663     0.785385     0.009683
    -0.022000    -0.046000     0.434092     0.785385     0.006846
    -0.022000    -0.046000     0.435806     0.785385     0.004907
    -0.022000    -0.046000     0.437520     0.785385     0.005380
    -0.022000    -0.046000     0.439235     0.785385     0.007948
    -0.022000     0.046000     0.434092     0.785385     0.007897
    -0.022000     0.046000     0.435806     0.785385     0.006013
    -0.022000     0.046000     0.437520     0.785385     0.006247
    -0.022000     0.046000     0.439235     0.785385     0.008454
    -0.018000    -0.046000     0.435806     0.785385     0.008896
    -0.018000    -0.046000     0.437520     0.785385     0.004878
    -0.018000    -0.046000     0.439235     0.785385     0.002027
    -0.018000    -0.046000     0.440949     0.785385     0.002343
    -0.018000    -0.046000     0.442663     0.785385     0.005472
    -0.018000    -0.046000     0.444378     0.785385     0.009511
    -0.018000     0.046000     0.435806     0.785385     0.008923
    -0.018000     0.046000     0.437520     0.785385     0.004729
    -0.018000     0.046000     0.439235     0.785385     0.001432
    -0.018000     0.046000     0.440949     0.785385     0.001357
    -0.018000     0.046000     0.442663     0.785385     0.004567
    -0.018000     0.046000     0.444378     0.785385     0.008683
    -0.014000     0.046000     0.444378     0.785385     0.009779
    -0.006000    -0.050000     0.447806     0.785385     0.008404
    -0.006000    -0.050000     0.449520     0.785385     0.007599
    -0.006000    -0.050000     0.451235     0.785385     0.008519
    -0.006000     0.050000     0.447806     0.785385     0.009180
    -0.006000     0.050000     0.449520     0.785385     0.008027
    -0.006000     0.050000     0.451235     0.785385     0.008524
    -0.002000    -0.050000     0.451235     0.785385     0.009504
    -0.002000    -0.050000     0.452949     0.785385     0.007196
    -0.002000    -0.050000     0.454663     0.785385     0.006448
    -0.002000    -0.050000     0.456378     0.785385     0.007575
    -0.002000     0.050000     0.452949     0.785385     0.007765
    -0.002000     0.050000     0.454663     0.785385     0.006581
    -0.002000     0.050000     0.456378     0.785385     0.007243
    -0.002000     0.050000     0.458092     0.785385     0.009470
     0.002000    -0.050000     0.456378     0.785385     0.009481
     0.002000    -0.050000     0.458092     0.785385     0.007253
     0.002000    -0.050000     0.459806     0.785385     0.006587
     0.002000    -0.050000     0.461520     0.785385     0.007768
     0.002000     0.050000     0.458092     0.785385     0.007573
     0.002000     0.050000     0.459806     0.785385     0.006442
     0.002000     0.050000     0.461520     0.785385     0.007187
     0.002000     0.050000     0.463235     0.785385     0.009493
     0.006000    -0.050000     0.463235     0.785385     0.008536
     0.006000    -0.050000     0.464949     0.785385     0.008036
     0.006000    -0.050000     0.466663     0.785385     0.009185
     0.006000     0.050000     0.463235     0.785385     0.008517
     0.006000     0.050000     0.464949     0.785385     0.007593
     0.006000     0.050000     0.466663     0.785385     0.008395
     0.014000    -0.046000     0.470092     0.785385     0.009769
     0.018000    -0.046000     0.470092     0.785385     0.008691
     0.018000    -0.046000     0.471806     0.785385     0.004571
     0.018000    -0.046000     0.473520     0.785385     0.001352
     0.018000    -0.046000     0.475235     0.785385     0.001413
     0.018000    -0.046000     0.476949     0.785385     0.004709
     0.018000    -0.046000     0.478663     0.785385     0.008904
     0.018000     0.046000     0.470092     0.785385     0.009524
     0.018000     0.046000     0.471806     0.785385     0.005485
     0.018000     0.046000     0.473520     0.785385     0.002352
     0.018000     0.046000     0.475235     0.785385     0.002028
     0.018000     0.046000     0.476949     0.785385     0.004874
     0.018000     0.046000     0.478663     0.785385     0.008889
     0.022000    -0.046000     0.475235     0.785385     0.008470
     0.022000    -0.046000     0.476949     0.785385     0.006261
     0.022000    -0.046000     0.478663     0.785385     0.006020
     0.022000    -0.046000     0.480378     0.785385     0.007896
     0.022000     0.046000     0.475235     0.785385     0.007953
     0.022000     0.046000     0.476949     0.785385     0.005380
     0.022000     0.046000     0.478663     0.785385     0.004902
     0.022000     0.046000     0.480378     0.785385     0.006838
     0.026000    -0.042000     0.471806     0.785385     0.009689
     0.026000    -0.042000     0.473520     0.785385     0.005924
     0.026000    -0.042000     0.475235     0.785385     0.003290
     0.026000    -0.042000     0.476949     0.785385     0.003301
     0.026000    -0.042000     0.478663     0.785385     0.005973
     0.026000    -0.042000     0.480378     0.785385     0.009810
     0.026000     0.042000     0.473520     0.785385     0.006709
     0.026000     0.042000     0.475235     0.785385     0.004209
     0.026000     0.042000     0.476949     0.785385     0.004127
     0.026000     0.042000     0.478663     0.785385     0.006548
     0.030000    -0.038000     0.471806     0.785385     0.009132
     0.030000    -0.038000     0.473520     0.785385     0.008455
     0.030000    -0.038000     0.475235     0.785385     0.009476
     0.030000     0.038000     0.473520     0.785385     0.009537
     0.030000     0.042000     0.478663     0.785385     0.009892
     0.034000    -0.038000     0.473520     0.785385     0.008976
     0.034000    -0.038000     0.475235     0.785385     0.008224
     0.034000    -0.038000     0.476949     0.785385     0.009201
     0.034000    -0.034000     0.468378     0.785385     0.008926
     0.034000    -0.034000     0.470092     0.785385     0.008426
     0.034000    -0.034000     0.471806     0.785385     0.009567
     0.034000     0.034000     0.468378     0.785385     0.009913
     0.034000     0.034000     0.470092     0.785385     0.009450
     0.034000     0.038000     0.473520     0.785385     0.007915
     0.034000     0.038000     0.475235     0.785385     0.007045
     0.034000     0.038000     0.476949     0.785385     0.008113
     0.038000    -0.030000     0.461520     0.785385     0.007997
     0.038000    -0.030000     0.463235     0.785385     0.004843
     0.038000    -0.030000     0.464949     0.785385     0.003282
     0.038000    -0.030000     0.466663     0.785385     0.004343
     0.038000    -0.030000     0.468378     0.785385     0.007291
     0.038000     0.030000     0.461520     0.785385     0.008576
     0.038000     0.030000     0.463235     0.785385     0.005568
     0.038000     0.030000     0.464949     0.785385     0.004122
     0.038000     0.030000     0.466663     0.785385     0.005083
     0.038000     0.030000     0.468378     0.785385     0.007867
     0.042000    -0.026000     0.454663     0.785385     0.009609
     0.042000    -0.026000     0.456378     0.785385     0.005925
     0.042000    -0.026000     0.458092     0.785385     0.003129
     0.042000    -0.026000     0.459806     0.785385     0.002597
     0.042000    -0.026000     0.461520     0.785385     0.004781
     0.042000    -0.026000     0.463235     0.785385     0.008260
     0.042000     0.026000     0.454663     0.785385     0.009542
     0.042000     0.026000     0.456378     0.785385     0.005728
     0.042000     0.026000     0.458092     0.785385     0.002730
     0.042000     0.026000     0.459806     0.785385     0.002070
     0.042000     0.026000     0.461520     0.785385     0.004366
     0.042000     0.026000     0.463235     0.785385     0.007969
     0.046000    -0.018000     0.444378     0.785385     0.008067
     0.046000    -0.018000     0.446092     0.785385     0.004024
     0.046000    -0.018000     0.447806     0.785385     0.000812
     0.046000    -0.018000     0.449520     0.785385     0.000905
     0.046000    -0.018000     0.451235     0.785385     0.004173
     0.046000    -0.018000     0.452949     0.785385     0.008201
     0.046000    -0.014000     0.444378     0.785385     0.008924
     0.046000    -0.014000     0.446092     0.785385     0.007982
     0.046000    -0.014000     0.447806     0.785385     0.008704
     0.046000     0.014000     0.444378     0.785385     0.009280
     0.046000     0.014000     0.446092     0.785385     0.008318
     0.046000     0.014000     0.447806     0.785385     0.008985
     0.046000     0.018000     0.444378     0.785385     0.008149
     0.046000     0.018000     0.446092     0.785385     0.004017
     0.046000     0.018000     0.447806     0.785385     0.000596
     0.046000     0.018000     0.449520     0.785385     0.000524
     0.046000     0.018000     0.451235     0.785385     0.003886
     0.046000     0.018000     0.452949     0.785385     0.007982
     0.050000    -0.010000     0.437520     0.785385     0.008113
     0.050000    -0.010000     0.439235     0.785385     0.007337
     0.050000    -0.010000     0.440949     0.785385     0.008391
     0.050000    -0.006000     0.434092     0.785385     0.007848
     0.050000    -0.006000     0.435806     0.785385     0.003810
     0.050000    -0.006000     0.437520     0.785385     0.001069
     0.050000    -0.006000     0.439235     0.785385     0.002023
     0.050000    -0.006000     0.440949     0.785385     0.005550
     0.050000    -0.006000     0.442663     0.785385     0.009717
     0.050000    -0.002000     0.434092     0.785385     0.006258
     0.050000    -0.002000     0.435806     0.785385     0.002178
     0.050000    -0.002000     0.437520     0.785385     0.000000
     0.050000    -0.002000     0.439235     0.785385     0.002386
     0.050000    -0.002000     0.440949     0.785385     0.006453
     0.050000     0.002000     0.434092     0.785385     0.006300
     0.050000     0.002000     0.435806     0.785385     0.002222
     0.050000     0.002000     0.437520     0.785385     0.000029
     0.050000     0.002000     0.439235     0.785385     0.002381
     0.050000     0.002000     0.440949     0.785385     0.006439
     0.050000     0.006000     0.434092     0.785385     0.007922
     0.050000     0.006000     0.435806     0.785385     0.003857
     0.050000     0.006000     0.437520     0.785385     0.001045
     0.050000     0.006000     0.439235     0.785385     0.001929
     0.050000     0.006000     0.440949     0.785385     0.005452
     0.050000     0.006000     0.442663     0.785385     0.009628
     0.050000     0.010000     0.437520     0.785385     0.007987
     0.050000     0.010000     0.439235     0.785385     0.007131
     0.050000     0.010000     0.440949     0.785385     0.008148


    -0.050000    -0.010000     0.473520     0.786154     0.008527
    -0.050000    -0.010000     0.475235     0.786154     0.007475
    -0.050000    -0.010000     0.476949     0.786154     0.008286
    -0.050000    -0.006000     0.471806     0.786154     0.009991
    -0.050000    -0.006000     0.473520     0.786154     0.005794
    -0.050000    -0.006000     0.475235     0.786154     0.002208
    -0.050000    -0.006000     0.476949     0.786154     0.001210
    -0.050000    -0.006000     0.478663     0.786154     0.004003
    -0.050000    -0.006000     0.480378     0.786154     0.008077
    -0.050000    -0.002000     0.473520     0.786154     0.006749
    -0.050000    -0.002000     0.475235     0.786154     0.002614
    -0.050000    -0.002000     0.476949     0.786154     0.000064
    -0.050000    -0.002000     0.478663     0.786154     0.002266
    -0.050000    -0.002000     0.480378     0.786154     0.006397
    -0.050000     0.002000     0.473520     0.786154     0.006763
    -0.050000     0.002000     0.475235     0.786154     0.002619
    -0.050000     0.002000     0.476949     0.786154     0.000035
    -0.050000     0.002000     0.478663     0.786154     0.002223
    -0.050000     0.002000     0.480378     0.786154     0.006355
    -0.050000     0.006000     0.473520     0.786154     0.005892
    -0.050000     0.006000     0.475235     0.786154     0.002307
    -0.050000     0.006000     0.476949     0.786154     0.001240
    -0.050000     0.006000     0.478663     0.786154     0.003960
    -0.050000     0.006000     0.480378     0.786154     0.008005
    -0.050000     0.010000     0.473520     0.786154     0.008770
    -0.050000     0.010000     0.475235     0.786154     0.007683
    -0.050000     0.010000     0.476949     0.786154     0.008417
    -0.046000    -0.018000     0.461520     0.786154     0.008424
    -0.046000    -0.018000     0.463235     0.786154     0.004373
    -0.046000    -0.018000     0.464949     0.786154     0.001095
    -0.046000    -0.018000     0.466663     0.786154     0.001098
    -0.046000    -0.018000     0.468378     0.786154     0.004390
    -0.046000    -0.018000     0.470092     0.786154     0.008469
    -0.046000    -0.014000     0.466663     0.786154     0.009269
    -0.046000    -0.014000     0.468378     0.786154     0.008572
    -0.046000    -0.014000     0.470092     0.786154     0.009509
    -0.046000     0.014000     0.466663     0.786154     0.008994
    -0.046000     0.014000     0.468378     0.786154     0.008244
    -0.046000     0.014000     0.470092     0.786154     0.009162
    -0.046000     0.018000     0.461520     0.786154     0.008641
    -0.046000     0.018000     0.463235     0.786154     0.004658
    -0.046000     0.018000     0.464949     0.786154     0.001472
    -0.046000     0.018000     0.466663     0.786154     0.001329
    -0.046000     0.018000     0.468378     0.786154     0.004416
    -0.046000     0.018000     0.470092     0.786154     0.008403
    -0.042000    -0.026000     0.451235     0.786154     0.008409
    -0.042000    -0.026000     0.452949     0.786154     0.004866
    -0.042000    -0.026000     0.454663     0.786154     0.002642
    -0.042000    -0.026000     0.456378     0.786154     0.003265
    -0.042000    -0.026000     0.458092     0.786154     0.006180
    -0.042000    -0.026000     0.459806     0.786154     0.009943
    -0.042000     0.026000     0.451235     0.786154     0.008692
    -0.042000     0.026000     0.452949     0.786154     0.005270
    -0.042000     0.026000     0.454663     0.786154     0.003154
    -0.042000     0.026000     0.456378     0.786154     0.003665
    -0.042000     0.026000     0.458092     0.786154     0.006390
    -0.038000    -0.030000     0.446092     0.786154     0.008174
    -0.038000    -0.030000     0.447806     0.786154     0.005403
    -0.038000    -0.030000     0.449520     0.786154     0.004456
    -0.038000    -0.030000     0.451235     0.786154     0.005903
    -0.038000    -0.030000     0.452949     0.786154     0.008907
    -0.038000     0.030000     0.446092     0.786154     0.007601
    -0.038000     0.030000     0.447806     0.786154     0.004676
    -0.038000     0.030000     0.449520     0.786154     0.003639
    -0.038000     0.030000     0.451235     0.786154     0.005203
    -0.038000     0.030000     0.452949     0.786154     0.008349
    -0.034000    -0.038000     0.437520     0.786154     0.008405
    -0.034000    -0.038000     0.439235     0.786154     0.007367
    -0.034000    -0.038000     0.440949     0.786154     0.008261
    -0.034000    -0.034000     0.444378     0.786154     0.009681
    -0.034000     0.034000     0.442663     0.786154     0.009796
    -0.034000     0.034000     0.444378     0.786154     0.008668
    -0.034000     0.034000     0.446092     0.786154     0.009188
    -0.034000     0.038000     0.437520     0.786154     0.009482
    -0.034000     0.038000     0.439235     0.786154     0.008532
    -0.034000     0.038000     0.440949     0.786154     0.009310
    -0.030000    -0.038000     0.440949     0.786154     0.009720
    -0.030000     0.038000     0.439235     0.786154     0.009652
    -0.030000     0.038000     0.440949     0.786154     0.008647
    -0.030000     0.038000     0.442663     0.786154     0.009353
    -0.026000    -0.042000     0.435806     0.786154     0.006641
    -0.026000    -0.042000     0.437520     0.786154     0.004204
    -0.026000    -0.042000     0.439235     0.786154     0.004337
    -0.026000    -0.042000     0.440949     0.786154     0.006914
    -0.026000     0.042000     0.434092     0.786154     0.009939
    -0.026000     0.042000     0.435806     0.786154     0.006071
    -0.026000     0.042000     0.437520     0.786154     0.003373
    -0.026000     0.042000     0.439235     0.786154     0.003416
    -0.026000     0.042000     0.440949     0.786154     0.006135
    -0.026000     0.042000     0.442663     0.786154     0.009951
    -0.022000    -0.046000     0.434092     0.786154     0.007010
    -0.022000    -0.046000     0.435806     0.786154     0.005095
    -0.022000    -0.046000     0.437520     0.786154     0.005626
    -0.022000    -0.046000     0.439235     0.786154     0.008244
    -0.022000     0.046000     0.434092     0.786154     0.008075
    -0.022000     0.046000     0.435806     0.786154     0.006216
    -0.022000     0.046000     0.437520     0.786154     0.006499
    -0.022000     0.046000     0.439235     0.786154     0.008751
    -0.018000    -0.046000     0.435806     0.786154     0.009039
    -0.018000    -0.046000     0.437520     0.786154     0.004996
    -0.018000    -0.046000     0.439235     0.786154     0.002125
    -0.018000    -0.046000     0.440949     0.786154     0.002520
    -0.018000    -0.046000     0.442663     0.786154     0.005734
    -0.018000    -0.046000     0.444378     0.786154     0.009812
    -0.018000     0.046000     0.435806     0.786154     0.009067
    -0.018000     0.046000     0.437520     0.786154     0.004845
    -0.018000     0.046000     0.439235     0.786154     0.001507
    -0.018000     0.046000     0.440949     0.786154     0.001511
    -0.018000     0.046000     0.442663     0.786154     0.004825
    -0.018000     0.046000     0.444378     0.786154     0.008984
    -0.006000    -0.050000     0.447806     0.786154     0.008852
    -0.006000    -0.050000     0.449520     0.786154     0.008074
    -0.006000    -0.050000     0.451235     0.786154     0.008994
    -0.006000     0.050000     0.447806     0.786154     0.009620
    -0.006000     0.050000     0.449520     0.786154     0.008496
    -0.006000     0.050000     0.451235     0.786154     0.008998
    -0.002000    -0.050000     0.451235     0.786154     0.009956
    -0.002000    -0.050000     0.452949     0.786154     0.007689
    -0.002000    -0.050000     0.454663     0.786154     0.006962
    -0.002000    -0.050000     0.456378     0.786154     0.008072
    -0.002000     0.050000     0.452949     0.786154     0.008249
    -0.002000     0.050000     0.454663     0.786154     0.007092
    -0.002000     0.050000     0.456378     0.786154     0.007745
    -0.002000     0.050000     0.458092     0.786154     0.009940
     0.002000    -0.050000     0.456378     0.786154     0.009951
     0.002000    -0.050000     0.458092     0.786154     0.007755
     0.002000    -0.050000     0.459806     0.786154     0.007098
     0.002000    -0.050000     0.461520     0.786154     0.008251
     0.002000     0.050000     0.458092     0.786154     0.008070
     0.002000     0.050000     0.459806     0.786154     0.006956
     0.002000     0.050000     0.461520     0.786154     0.007680
     0.002000     0.050000     0.463235     0.786154     0.009946
     0.006000    -0.050000     0.463235     0.786154     0.009010
     0.006000    -0.050000     0.464949     0.786154     0.008505
     0.006000    -0.050000     0.466663     0.786154     0.009625
     0.006000     0.050000     0.463235     0.786154     0.008991
     0.006000     0.050000     0.464949     0.786154     0.008067
     0.006000     0.050000     0.466663     0.786154     0.008843
     0.018000    -0.046000     0.470092     0.786154     0.008992
     0.018000    -0.046000     0.471806     0.786154     0.004830
     0.018000    -0.046000     0.473520     0.786154     0.001506
     0.018000    -0.046000     0.475235     0.786154     0.001488
     0.018000    -0.046000     0.476949     0.786154     0.004825
     0.018000    -0.046000     0.478663     0.786154     0.009048
     0.018000     0.046000     0.470092     0.786154     0.009825
     0.018000     0.046000     0.471806     0.786154     0.005747
     0.018000     0.046000     0.473520     0.786154     0.002530
     0.018000     0.046000     0.475235     0.786154     0.002126
     0.018000     0.046000     0.476949     0.786154     0.004991
     0.018000     0.046000     0.478663     0.786154     0.009031
     0.022000    -0.046000     0.475235     0.786154     0.008768
     0.022000    -0.046000     0.476949     0.786154     0.006514
     0.022000    -0.046000     0.478663     0.786154     0.006224
     0.022000    -0.046000     0.480378     0.786154     0.008075
     0.022000     0.046000     0.475235     0.786154     0.008249
     0.022000     0.046000     0.476949     0.786154     0.005626
     0.022000     0.046000     0.478663     0.786154     0.005090
     0.022000     0.046000     0.480378     0.786154     0.007001
     0.026000    -0.042000     0.471806     0.786154     0.009957
     0.026000    -0.042000     0.473520     0.786154     0.006137
     0.026000    -0.042000     0.475235     0.786154     0.003407
     0.026000    -0.042000     0.476949     0.786154     0.003353
     0.026000    -0.042000     0.478663     0.786154     0.006049
     0.026000    -0.042000     0.480378     0.786154     0.009916
     0.026000     0.042000     0.473520     0.786154     0.006926
     0.026000     0.042000     0.475235     0.786154     0.004345
     0.026000     0.042000     0.476949     0.786154     0.004203
     0.026000     0.042000     0.478663     0.786154     0.006634
     0.030000    -0.038000     0.471806     0.786154     0.009345
     0.030000    -0.038000     0.473520     0.786154     0.008633
     0.030000    -0.038000     0.475235     0.786154     0.009634
     0.030000     0.038000     0.473520     0.786154     0.009723
     0.034000    -0.038000     0.473520     0.786154     0.009324
     0.034000    -0.038000     0.475235     0.786154     0.008543
     0.034000    -0.038000     0.476949     0.786154     0.009487
     0.034000    -0.034000     0.468378     0.786154     0.009184
     0.034000    -0.034000     0.470092     0.786154     0.008658
     0.034000    -0.034000     0.471806     0.786154     0.009781
     0.034000     0.034000     0.470092     0.786154     0.009684
     0.034000     0.038000     0.473520     0.786154     0.008264
     0.034000     0.038000     0.475235     0.786154     0.007362
     0.034000     0.038000     0.476949     0.786154     0.008394
     0.038000    -0.030000     0.461520     0.786154     0.008361
     0.038000    -0.030000     0.463235     0.786154     0.005213
     0.038000    -0.030000     0.464949     0.786154     0.003641
     0.038000    -0.030000     0.466663     0.786154     0.004669
     0.038000    -0.030000     0.468378     0.786154     0.007590
     0.038000     0.030000     0.461520     0.786154     0.008932
     0.038000     0.030000     0.463235     0.786154     0.005925
     0.038000     0.030000     0.464949     0.786154     0.004467
     0.038000     0.030000     0.466663     0.786154     0.005401
     0.038000     0.030000     0.468378     0.786154     0.008162
     0.042000    -0.026000     0.456378     0.786154     0.006412
     0.042000    -0.026000     0.458092     0.786154     0.003687
     0.042000    -0.026000     0.459806     0.786154     0.003168
     0.042000    -0.026000     0.461520     0.786154     0.005274
     0.042000    -0.026000     0.463235     0.786154     0.008689
     0.042000     0.026000     0.454663     0.786154     0.009972
     0.042000     0.026000     0.456378     0.786154     0.006211
     0.042000     0.026000     0.458092     0.786154     0.003292
     0.042000     0.026000     0.459806     0.786154     0.002654
     0.042000     0.026000     0.461520     0.786154     0.004861
     0.042000     0.026000     0.463235     0.786154     0.008396
     0.046000    -0.018000     0.444378     0.786154     0.008425
     0.046000    -0.018000     0.446092     0.786154     0.004440
     0.046000    -0.018000     0.447806     0.786154     0.001355
     0.046000    -0.018000     0.449520     0.786154     0.001482
     0.046000    -0.018000     0.451235     0.786154     0.004655
     0.046000    -0.018000     0.452949     0.786154     0.008633
     0.046000    -0.014000     0.444378     0.786154     0.009177
     0.046000    -0.014000     0.446092     0.786154     0.008253
     0.046000    -0.014000     0.447806     0.786154     0.008995
     0.046000     0.014000     0.444378     0.786154     0.009528
     0.046000     0.014000     0.446092     0.786154     0.008584
     0.046000     0.014000     0.447806     0.786154     0.009271
     0.046000     0.018000     0.444378     0.786154     0.008499
     0.046000     0.018000     0.446092     0.786154     0.004423
     0.046000     0.018000     0.447806     0.786154     0.001133
     0.046000     0.018000     0.449520     0.786154     0.001106
     0.046000     0.018000     0.451235     0.786154     0.004366
     0.046000     0.018000     0.452949     0.786154     0.008410
     0.050000    -0.010000     0.437520     0.786154     0.008412
     0.050000    -0.010000     0.439235     0.786154     0.007671
     0.050000    -0.010000     0.440949     0.786154     0.008753
     0.050000    -0.006000     0.434092     0.786154     0.008011
     0.050000    -0.006000     0.435806     0.786154     0.003958
     0.050000    -0.006000     0.437520     0.786154     0.001220
     0.050000    -0.006000     0.439235     0.786154     0.002275
     0.050000    -0.006000     0.440949     0.786154     0.005863
     0.050000    -0.002000     0.434092     0.786154     0.006361
     0.050000    -0.002000     0.435806     0.786154     0.002218
     0.050000    -0.002000     0.437520     0.786154     0.000000
     0.050000    -0.002000     0.439235     0.786154     0.002584
     0.050000    -0.002000     0.440949     0.786154     0.006734
     0.050000     0.002000     0.434092     0.786154     0.006403
     0.050000     0.002000     0.435806     0.786154     0.002261
     0.050000     0.002000     0.437520     0.786154     0.000028
     0.050000     0.002000     0.439235     0.786154     0.002578
     0.050000     0.002000     0.440949     0.786154     0.006718
     0.050000     0.006000     0.434092     0.786154     0.008083
     0.050000     0.006000     0.435806     0.786154     0.004001
     0.050000     0.006000     0.437520     0.786154     0.001186
     0.050000     0.006000     0.439235     0.786154     0.002173
     0.050000     0.006000     0.440949     0.786154     0.005762
     0.050000     0.006000     0.442663     0.786154     0.009962
     0.050000     0.010000     0.437520     0.786154     0.008280
     0.050000     0.010000     0.439235     0.786154     0.007461
     0.050000     0.010000     0.440949     0.786154     0.008506


    -0.050000    -0.010000     0.473520     0.786923     0.008888
    -0.050000    -0.010000     0.475235     0.786923     0.007808
    -0.050000    -0.010000     0.476949     0.786923     0.008583
    -0.050000    -0.006000     0.473520     0.786923     0.006109
    -0.050000    -0.006000     0.475235     0.786923     0.002465
    -0.050000    -0.006000     0.476949     0.786923     0.001363
    -0.050000    -0.006000     0.478663     0.786923     0.004152
    -0.050000    -0.006000     0.480378     0.786923     0.008239
    -0.050000    -0.002000     0.473520     0.786923     0.007032
    -0.050000    -0.002000     0.475235     0.786923     0.002820
    -0.050000    -0.002000     0.476949     0.786923     0.000063
    -0.050000    -0.002000     0.478663     0.786923     0.002306
    -0.050000    -0.002000     0.480378     0.786923     0.006500
    -0.050000     0.002000     0.473520     0.786923     0.007048
    -0.050000     0.002000     0.475235     0.786923     0.002828
    -0.050000     0.002000     0.476949     0.786923     0.000036
    -0.050000     0.002000     0.478663     0.786923     0.002263
    -0.050000     0.002000     0.480378     0.786923     0.006460
    -0.050000     0.006000     0.473520     0.786923     0.006211
    -0.050000     0.006000     0.475235     0.786923     0.002571
    -0.050000     0.006000     0.476949     0.786923     0.001404
    -0.050000     0.006000     0.478663     0.786923     0.004113
    -0.050000     0.006000     0.480378     0.786923     0.008170
    -0.050000     0.010000     0.473520     0.786923     0.009136
    -0.050000     0.010000     0.475235     0.786923     0.008021
    -0.050000     0.010000     0.476949     0.786923     0.008719
    -0.046000    -0.018000     0.461520     0.786923     0.008855
    -0.046000    -0.018000     0.463235     0.786923     0.004856
    -0.046000    -0.018000     0.464949     0.786923     0.001677
    -0.046000    -0.018000     0.466663     0.786923     0.001640
    -0.046000    -0.018000     0.468378     0.786923     0.004801
    -0.046000    -0.018000     0.470092     0.786923     0.008822
    -0.046000    -0.014000     0.466663     0.786923     0.009558
    -0.046000    -0.014000     0.468378     0.786923     0.008841
    -0.046000    -0.014000     0.470092     0.786923     0.009760
    -0.046000     0.014000     0.466663     0.786923     0.009289
    -0.046000     0.014000     0.468378     0.786923     0.008519
    -0.046000     0.014000     0.470092     0.786923     0.009418
    -0.046000     0.018000     0.461520     0.786923     0.009075
    -0.046000     0.018000     0.463235     0.786923     0.005143
    -0.046000     0.018000     0.464949     0.786923     0.002048
    -0.046000     0.018000     0.466663     0.786923     0.001877
    -0.046000     0.018000     0.468378     0.786923     0.004839
    -0.046000     0.018000     0.470092     0.786923     0.008763
    -0.042000    -0.026000     0.451235     0.786923     0.008839
    -0.042000    -0.026000     0.452949     0.786923     0.005363
    -0.042000    -0.026000     0.454663     0.786923     0.003224
    -0.042000    -0.026000     0.456378     0.786923     0.003828
    -0.042000    -0.026000     0.458092     0.786923     0.006665
    -0.042000     0.026000     0.451235     0.786923     0.009123
    -0.042000     0.026000     0.452949     0.786923     0.005765
    -0.042000     0.026000     0.454663     0.786923     0.003724
    -0.042000     0.026000     0.456378     0.786923     0.004223
    -0.042000     0.026000     0.458092     0.786923     0.006878
    -0.038000    -0.030000     0.446092     0.786923     0.008472
    -0.038000    -0.030000     0.447806     0.786923     0.005728
    -0.038000    -0.030000     0.449520     0.786923     0.004809
    -0.038000    -0.030000     0.451235     0.786923     0.006266
    -0.038000    -0.030000     0.452949     0.786923     0.009266
    -0.038000     0.030000     0.446092     0.786923     0.007905
    -0.038000     0.030000     0.447806     0.786923     0.005010
    -0.038000     0.030000     0.449520     0.786923     0.004007
    -0.038000     0.030000     0.451235     0.786923     0.005579
    -0.038000     0.030000     0.452949     0.786923     0.008716
    -0.034000    -0.038000     0.437520     0.786923     0.008690
    -0.034000    -0.038000     0.439235     0.786923     0.007689
    -0.034000    -0.038000     0.440949     0.786923     0.008614
    -0.034000    -0.034000     0.444378     0.786923     0.009918
    -0.034000     0.034000     0.444378     0.786923     0.008904
    -0.034000     0.034000     0.446092     0.786923     0.009450
    -0.034000     0.038000     0.437520     0.786923     0.009771
    -0.034000     0.038000     0.439235     0.786923     0.008854
    -0.034000     0.038000     0.440949     0.786923     0.009661
    -0.030000    -0.038000     0.440949     0.786923     0.009908
    -0.030000     0.038000     0.439235     0.786923     0.009812
    -0.030000     0.038000     0.440949     0.786923     0.008828
    -0.030000     0.038000     0.442663     0.786923     0.009569
    -0.026000    -0.042000     0.435806     0.786923     0.006728
    -0.026000    -0.042000     0.437520     0.786923     0.004283
    -0.026000    -0.042000     0.439235     0.786923     0.004478
    -0.026000    -0.042000     0.440949     0.786923     0.007136
    -0.026000     0.042000     0.435806     0.786923     0.006148
    -0.026000     0.042000     0.437520     0.786923     0.003427
    -0.026000     0.042000     0.439235     0.786923     0.003538
    -0.026000     0.042000     0.440949     0.786923     0.006353
    -0.022000    -0.046000     0.434092     0.786923     0.007177
    -0.022000    -0.046000     0.435806     0.786923     0.005290
    -0.022000    -0.046000     0.437520     0.786923     0.005879
    -0.022000    -0.046000     0.439235     0.786923     0.008545
    -0.022000     0.046000     0.434092     0.786923     0.008256
    -0.022000     0.046000     0.435806     0.786923     0.006425
    -0.022000     0.046000     0.437520     0.786923     0.006757
    -0.022000     0.046000     0.439235     0.786923     0.009053
    -0.018000    -0.046000     0.435806     0.786923     0.009183
    -0.018000    -0.046000     0.437520     0.786923     0.005118
    -0.018000    -0.046000     0.439235     0.786923     0.002229
    -0.018000    -0.046000     0.440949     0.786923     0.002708
    -0.018000    -0.046000     0.442663     0.786923     0.006003
    -0.018000     0.046000     0.435806     0.786923     0.009214
    -0.018000     0.046000     0.437520     0.786923     0.004966
    -0.018000     0.046000     0.439235     0.786923     0.001588
    -0.018000     0.046000     0.440949     0.786923     0.001678
    -0.018000     0.046000     0.442663     0.786923     0.005092
    -0.018000     0.046000     0.444378     0.786923     0.009290
    -0.006000    -0.050000     0.447806     0.786923     0.009303
    -0.006000    -0.050000     0.449520     0.786923     0.008550
    -0.006000    -0.050000     0.451235     0.786923     0.009470
    -0.006000     0.050000     0.449520     0.786923     0.008966
    -0.006000     0.050000     0.451235     0.786923     0.009474
    -0.002000    -0.050000     0.452949     0.786923     0.008183
    -0.002000    -0.050000     0.454663     0.786923     0.007476
    -0.002000    -0.050000     0.456378     0.786923     0.008569
    -0.002000     0.050000     0.452949     0.786923     0.008734
    -0.002000     0.050000     0.454663     0.786923     0.007604
    -0.002000     0.050000     0.456378     0.786923     0.008248
     0.002000    -0.050000     0.458092     0.786923     0.008258
     0.002000    -0.050000     0.459806     0.786923     0.007610
     0.002000    -0.050000     0.461520     0.786923     0.008736
     0.002000     0.050000     0.458092     0.786923     0.008568
     0.002000     0.050000     0.459806     0.786923     0.007470
     0.002000     0.050000     0.461520     0.786923     0.008174
     0.006000    -0.050000     0.463235     0.786923     0.009486
     0.006000    -0.050000     0.464949     0.786923     0.008975
     0.006000     0.050000     0.463235     0.786923     0.009467
     0.006000     0.050000     0.464949     0.786923     0.008544
     0.006000     0.050000     0.466663     0.786923     0.009293
     0.018000    -0.046000     0.470092     0.786923     0.009298
     0.018000    -0.046000     0.471806     0.786923     0.005097
     0.018000    -0.046000     0.473520     0.786923     0.001674
     0.018000    -0.046000     0.475235     0.786923     0.001569
     0.018000    -0.046000     0.476949     0.786923     0.004946
     0.018000    -0.046000     0.478663     0.786923     0.009195
     0.018000     0.046000     0.471806     0.786923     0.006016
     0.018000     0.046000     0.473520     0.786923     0.002718
     0.018000     0.046000     0.475235     0.786923     0.002231
     0.018000     0.046000     0.476949     0.786923     0.005113
     0.018000     0.046000     0.478663     0.786923     0.009176
     0.022000    -0.046000     0.475235     0.786923     0.009070
     0.022000    -0.046000     0.476949     0.786923     0.006772
     0.022000    -0.046000     0.478663     0.786923     0.006433
     0.022000    -0.046000     0.480378     0.786923     0.008257
     0.022000     0.046000     0.475235     0.786923     0.008550
     0.022000     0.046000     0.476949     0.786923     0.005879
     0.022000     0.046000     0.478663     0.786923     0.005284
     0.022000     0.046000     0.480378     0.786923     0.007168
     0.026000    -0.042000     0.473520     0.786923     0.006355
     0.026000    -0.042000     0.475235     0.786923     0.003530
     0.026000    -0.042000     0.476949     0.786923     0.003407
     0.026000    -0.042000     0.478663     0.786923     0.006125
     0.026000     0.042000     0.473520     0.786923     0.007149
     0.026000     0.042000     0.475235     0.786923     0.004486
     0.026000     0.042000     0.476949     0.786923     0.004282
     0.026000     0.042000     0.478663     0.786923     0.006721
     0.030000    -0.038000     0.471806     0.786923     0.009562
     0.030000    -0.038000     0.473520     0.786923     0.008814
     0.030000    -0.038000     0.475235     0.786923     0.009793
     0.030000     0.038000     0.473520     0.786923     0.009911
     0.034000    -0.038000     0.473520     0.786923     0.009675
     0.034000    -0.038000     0.475235     0.786923     0.008865
     0.034000    -0.038000     0.476949     0.786923     0.009776
     0.034000    -0.034000     0.468378     0.786923     0.009446
     0.034000    -0.034000     0.470092     0.786923     0.008894
     0.034000    -0.034000     0.471806     0.786923     0.009998
     0.034000     0.034000     0.470092     0.786923     0.009921
     0.034000     0.038000     0.473520     0.786923     0.008617
     0.034000     0.038000     0.475235     0.786923     0.007684
     0.034000     0.038000     0.476949     0.786923     0.008679
     0.038000    -0.030000     0.461520     0.786923     0.008729
     0.038000    -0.030000     0.463235     0.786923     0.005589
     0.038000    -0.030000     0.464949     0.786923     0.004010
     0.038000    -0.030000     0.466663     0.786923     0.005004
     0.038000    -0.030000     0.468378     0.786923     0.007894
     0.038000     0.030000     0.461520     0.786923     0.009292
     0.038000     0.030000     0.463235     0.786923     0.006288
     0.038000     0.030000     0.464949     0.786923     0.004821
     0.038000     0.030000     0.466663     0.786923     0.005726
     0.038000     0.030000     0.468378     0.786923     0.008461
     0.042000    -0.026000     0.456378     0.786923     0.006901
     0.042000    -0.026000     0.458092     0.786923     0.004245
     0.042000    -0.026000     0.459806     0.786923     0.003739
     0.042000    -0.026000     0.461520     0.786923     0.005770
     0.042000    -0.026000     0.463235     0.786923     0.009121
     0.042000     0.026000     0.456378     0.786923     0.006696
     0.042000     0.026000     0.458092     0.786923     0.003855
     0.042000     0.026000     0.459806     0.786923     0.003236
     0.042000     0.026000     0.461520     0.786923     0.005359
     0.042000     0.026000     0.463235     0.786923     0.008826
     0.046000    -0.018000     0.444378     0.786923     0.008786
     0.046000    -0.018000     0.446092     0.786923     0.004864
     0.046000    -0.018000     0.447806     0.786923     0.001903
     0.046000    -0.018000     0.449520     0.786923     0.002059
     0.046000    -0.018000     0.451235     0.786923     0.005141
     0.046000    -0.018000     0.452949     0.786923     0.009068
     0.046000    -0.014000     0.444378     0.786923     0.009433
     0.046000    -0.014000     0.446092     0.786923     0.008528
     0.046000    -0.014000     0.447806     0.786923     0.009291
     0.046000     0.014000     0.444378     0.786923     0.009780
     0.046000     0.014000     0.446092     0.786923     0.008854
     0.046000     0.014000     0.447806     0.786923     0.009561
     0.046000     0.018000     0.444378     0.786923     0.008852
     0.046000     0.018000     0.446092     0.786923     0.004835
     0.046000     0.018000     0.447806     0.786923     0.001675
     0.046000     0.018000     0.449520     0.786923     0.001690
     0.046000     0.018000     0.451235     0.786923     0.004849
     0.046000     0.018000     0.452949     0.786923     0.008842
     0.050000    -0.010000     0.437520     0.786923     0.008715
     0.050000    -0.010000     0.439235     0.786923     0.008010
     0.050000    -0.010000     0.440949     0.786923     0.009119
     0.050000    -0.006000     0.434092     0.786923     0.008177
     0.050000    -0.006000     0.435806     0.786923     0.004113
     0.050000    -0.006000     0.437520     0.786923     0.001385
     0.050000    -0.006000     0.439235     0.786923     0.002540
     0.050000    -0.006000     0.440949     0.786923     0.006183
     0.050000    -0.002000     0.434092     0.786923     0.006467
     0.050000    -0.002000     0.435806     0.786923     0.002259
     0.050000    -0.002000     0.437520     0.786923     0.000000
     0.050000    -0.002000     0.439235     0.786923     0.002794
     0.050000    -0.002000     0.440949     0.786923     0.007020
     0.050000     0.002000     0.434092     0.786923     0.006507
     0.050000     0.002000     0.435806     0.786923     0.002302
     0.050000     0.002000     0.437520     0.786923     0.000026
     0.050000     0.002000     0.439235     0.786923     0.002785
     0.050000     0.002000     0.440949     0.786923     0.007003
     0.050000     0.006000     0.434092     0.786923     0.008246
     0.050000     0.006000     0.435806     0.786923     0.004151
     0.050000     0.006000     0.437520     0.786923     0.001341
     0.050000     0.006000     0.439235     0.786923     0.002431
     0.050000     0.006000     0.440949     0.786923     0.006078
     0.050000     0.010000     0.437520     0.786923     0.008578
     0.050000     0.010000     0.439235     0.786923     0.007795
     0.050000     0.010000     0.440949     0.786923     0.008869


    -0.050000    -0.010000     0.473520     0.787692     0.009252
    -0.050000    -0.010000     0.475235     0.787692     0.008145
    -0.050000    -0.010000     0.476949     0.787692     0.008882
    -0.050000    -0.006000     0.473520     0.787692     0.006429
    -0.050000    -0.006000     0.475235     0.787692     0.002734
    -0.050000    -0.006000     0.476949     0.787692     0.001530
    -0.050000    -0.006000     0.478663     0.787692     0.004306
    -0.050000    -0.006000     0.480378     0.787692     0.008403
    -0.050000    -0.002000     0.473520     0.787692     0.007321
    -0.050000    -0.002000     0.475235     0.787692     0.003038
    -0.050000    -0.002000     0.476949     0.787692     0.000062
    -0.050000    -0.002000     0.478663     0.787692     0.002347
    -0.050000    -0.002000     0.480378     0.787692     0.006605
    -0.050000     0.002000     0.473520     0.787692     0.007337
    -0.050000     0.002000     0.475235     0.787692     0.003048
    -0.050000     0.002000     0.476949     0.787692     0.000037
    -0.050000     0.002000     0.478663     0.787692     0.002305
    -0.050000     0.002000     0.480378     0.787692     0.006565
    -0.050000     0.006000     0.473520     0.787692     0.006535
    -0.050000     0.006000     0.475235     0.787692     0.002848
    -0.050000     0.006000     0.476949     0.787692     0.001582
    -0.050000     0.006000     0.478663     0.787692     0.004273
    -0.050000     0.006000     0.480378     0.787692     0.008337
    -0.050000     0.010000     0.473520     0.787692     0.009502
    -0.050000     0.010000     0.475235     0.787692     0.008362
    -0.050000     0.010000     0.476949     0.787692     0.009024
    -0.046000    -0.018000     0.461520     0.787692     0.009287
    -0.046000    -0.018000     0.463235     0.787692     0.005341
    -0.046000    -0.018000     0.464949     0.787692     0.002257
    -0.046000    -0.018000     0.466663     0.787692     0.002185
    -0.046000    -0.018000     0.468378     0.787692     0.005219
    -0.046000    -0.018000     0.470092     0.787692     0.009177
    -0.046000    -0.014000     0.466663     0.787692     0.009849
    -0.046000    -0.014000     0.468378     0.787692     0.009112
    -0.046000     0.014000     0.466663     0.787692     0.009587
    -0.046000     0.014000     0.468378     0.787692     0.008796
    -0.046000     0.014000     0.470092     0.787692     0.009675
    -0.046000     0.018000     0.461520     0.787692     0.009510
    -0.046000     0.018000     0.463235     0.787692     0.005631
    -0.046000     0.018000     0.464949     0.787692     0.002623
    -0.046000     0.018000     0.466663     0.787692     0.002426
    -0.046000     0.018000     0.468378     0.787692     0.005266
    -0.046000     0.018000     0.470092     0.787692     0.009126
    -0.042000    -0.026000     0.451235     0.787692     0.009269
    -0.042000    -0.026000     0.452949     0.787692     0.005862
    -0.042000    -0.026000     0.454663     0.787692     0.003803
    -0.042000    -0.026000     0.456378     0.787692     0.004389
    -0.042000    -0.026000     0.458092     0.787692     0.007151
    -0.042000     0.026000     0.451235     0.787692     0.009555
    -0.042000     0.026000     0.452949     0.787692     0.006262
    -0.042000     0.026000     0.454663     0.787692     0.004292
    -0.042000     0.026000     0.456378     0.787692     0.004780
    -0.042000     0.026000     0.458092     0.787692     0.007367
    -0.038000    -0.030000     0.446092     0.787692     0.008774
    -0.038000    -0.030000     0.447806     0.787692     0.006058
    -0.038000    -0.030000     0.449520     0.787692     0.005169
    -0.038000    -0.030000     0.451235     0.787692     0.006634
    -0.038000    -0.030000     0.452949     0.787692     0.009627
    -0.038000     0.030000     0.446092     0.787692     0.008212
    -0.038000     0.030000     0.447806     0.787692     0.005351
    -0.038000     0.030000     0.449520     0.787692     0.004383
    -0.038000     0.030000     0.451235     0.787692     0.005959
    -0.038000     0.030000     0.452949     0.787692     0.009086
    -0.034000    -0.038000     0.437520     0.787692     0.008977
    -0.034000    -0.038000     0.439235     0.787692     0.008014
    -0.034000    -0.038000     0.440949     0.787692     0.008970
    -0.034000     0.034000     0.444378     0.787692     0.009141
    -0.034000     0.034000     0.446092     0.787692     0.009713
    -0.034000     0.038000     0.439235     0.787692     0.009179
    -0.030000     0.038000     0.439235     0.787692     0.009971
    -0.030000     0.038000     0.440949     0.787692     0.009010
    -0.030000     0.038000     0.442663     0.787692     0.009788
    -0.026000    -0.042000     0.435806     0.787692     0.006815
    -0.026000    -0.042000     0.437520     0.787692     0.004363
    -0.026000    -0.042000     0.439235     0.787692     0.004624
    -0.026000    -0.042000     0.440949     0.787692     0.007361
    -0.026000     0.042000     0.435806     0.787692     0.006224
    -0.026000     0.042000     0.437520     0.787692     0.003482
    -0.026000     0.042000     0.439235     0.787692     0.003666
    -0.026000     0.042000     0.440949     0.787692     0.006575
    -0.022000    -0.046000     0.434092     0.787692     0.007346
    -0.022000    -0.046000     0.435806     0.787692     0.005490
    -0.022000    -0.046000     0.437520     0.787692     0.006136
    -0.022000    -0.046000     0.439235     0.787692     0.008848
    -0.022000     0.046000     0.434092     0.787692     0.008439
    -0.022000     0.046000     0.435806     0.787692     0.006638
    -0.022000     0.046000     0.437520     0.787692     0.007020
    -0.022000     0.046000     0.439235     0.787692     0.009357
    -0.018000    -0.046000     0.435806     0.787692     0.009328
    -0.018000    -0.046000     0.437520     0.787692     0.005243
    -0.018000    -0.046000     0.439235     0.787692     0.002342
    -0.018000    -0.046000     0.440949     0.787692     0.002906
    -0.018000    -0.046000     0.442663     0.787692     0.006277
    -0.018000     0.046000     0.435806     0.787692     0.009361
    -0.018000     0.046000     0.437520     0.787692     0.005089
    -0.018000     0.046000     0.439235     0.787692     0.001677
    -0.018000     0.046000     0.440949     0.787692     0.001858
    -0.018000     0.046000     0.442663     0.787692     0.005365
    -0.018000     0.046000     0.444378     0.787692     0.009597
    -0.006000    -0.050000     0.447806     0.787692     0.009753
    -0.006000    -0.050000     0.449520     0.787692     0.009026
    -0.006000    -0.050000     0.451235     0.787692     0.009945
    -0.006000     0.050000     0.449520     0.787692     0.009436
    -0.006000     0.050000     0.451235     0.787692     0.009949
    -0.002000    -0.050000     0.452949     0.787692     0.008677
    -0.002000    -0.050000     0.454663     0.787692     0.007990
    -0.002000    -0.050000     0.456378     0.787692     0.009066
    -0.002000     0.050000     0.452949     0.787692     0.009218
    -0.002000     0.050000     0.454663     0.787692     0.008115
    -0.002000     0.050000     0.456378     0.787692     0.008751
     0.002000    -0.050000     0.458092     0.787692     0.008760
     0.002000    -0.050000     0.459806     0.787692     0.008121
     0.002000    -0.050000     0.461520     0.787692     0.009221
     0.002000     0.050000     0.458092     0.787692     0.009065
     0.002000     0.050000     0.459806     0.787692     0.007984
     0.002000     0.050000     0.461520     0.787692     0.008668
     0.006000    -0.050000     0.463235     0.787692     0.009961
     0.006000    -0.050000     0.464949     0.787692     0.009445
     0.006000     0.050000     0.463235     0.787692     0.009943
     0.006000     0.050000     0.464949     0.787692     0.009020
     0.006000     0.050000     0.466663     0.787692     0.009744
     0.018000    -0.046000     0.470092     0.787692     0.009606
     0.018000    -0.046000     0.471806     0.787692     0.005371
     0.018000    -0.046000     0.473520     0.787692     0.001855
     0.018000    -0.046000     0.475235     0.787692     0.001658
     0.018000    -0.046000     0.476949     0.787692     0.005069
     0.018000    -0.046000     0.478663     0.787692     0.009342
     0.018000     0.046000     0.471806     0.787692     0.006290
     0.018000     0.046000     0.473520     0.787692     0.002917
     0.018000     0.046000     0.475235     0.787692     0.002343
     0.018000     0.046000     0.476949     0.787692     0.005238
     0.018000     0.046000     0.478663     0.787692     0.009321
     0.022000    -0.046000     0.475235     0.787692     0.009374
     0.022000    -0.046000     0.476949     0.787692     0.007035
     0.022000    -0.046000     0.478663     0.787692     0.006647
     0.022000    -0.046000     0.480378     0.787692     0.008440
     0.022000     0.046000     0.475235     0.787692     0.008853
     0.022000     0.046000     0.476949     0.787692     0.006137
     0.022000     0.046000     0.478663     0.787692     0.005484
     0.022000     0.046000     0.480378     0.787692     0.007337
     0.026000    -0.042000     0.473520     0.787692     0.006578
     0.026000    -0.042000     0.475235     0.787692     0.003658
     0.026000    -0.042000     0.476949     0.787692     0.003462
     0.026000    -0.042000     0.478663     0.787692     0.006202
     0.026000     0.042000     0.473520     0.787692     0.007374
     0.026000     0.042000     0.475235     0.787692     0.004632
     0.026000     0.042000     0.476949     0.787692     0.004363
     0.026000     0.042000     0.478663     0.787692     0.006808
     0.030000    -0.038000     0.471806     0.787692     0.009781
     0.030000    -0.038000     0.473520     0.787692     0.008997
     0.030000    -0.038000     0.475235     0.787692     0.009953
     0.034000    -0.038000     0.475235     0.787692     0.009190
     0.034000    -0.034000     0.468378     0.787692     0.009710
     0.034000    -0.034000     0.470092     0.787692     0.009132
     0.034000     0.038000     0.473520     0.787692     0.008973
     0.034000     0.038000     0.475235     0.787692     0.008009
     0.034000     0.038000     0.476949     0.787692     0.008966
     0.038000    -0.030000     0.461520     0.787692     0.009100
     0.038000    -0.030000     0.463235     0.787692     0.005971
     0.038000    -0.030000     0.464949     0.787692     0.004387
     0.038000    -0.030000     0.466663     0.787692     0.005346
     0.038000    -0.030000     0.468378     0.787692     0.008202
     0.038000     0.030000     0.461520     0.787692     0.009654
     0.038000     0.030000     0.463235     0.787692     0.006657
     0.038000     0.030000     0.464949     0.787692     0.005182
     0.038000     0.030000     0.466663     0.787692     0.006057
     0.038000     0.030000     0.468378     0.787692     0.008764
     0.042000    -0.026000     0.456378     0.787692     0.007390
     0.042000    -0.026000     0.458092     0.787692     0.004802
     0.042000    -0.026000     0.459806     0.787692     0.004308
     0.042000    -0.026000     0.461520     0.787692     0.006267
     0.042000    -0.026000     0.463235     0.787692     0.009554
     0.042000     0.026000     0.456378     0.787692     0.007182
     0.042000     0.026000     0.458092     0.787692     0.004417
     0.042000     0.026000     0.459806     0.787692     0.003817
     0.042000     0.026000     0.461520     0.787692     0.005859
     0.042000     0.026000     0.463235     0.787692     0.009257
     0.046000    -0.018000     0.444378     0.787692     0.009150
     0.046000    -0.018000     0.446092     0.787692     0.005292
     0.046000    -0.018000     0.447806     0.787692     0.002452
     0.046000    -0.018000     0.449520     0.787692     0.002635
     0.046000    -0.018000     0.451235     0.787692     0.005630
     0.046000    -0.018000     0.452949     0.787692     0.009504
     0.046000    -0.014000     0.444378     0.787692     0.009692
     0.046000    -0.014000     0.446092     0.787692     0.008806
     0.046000    -0.014000     0.447806     0.787692     0.009589
     0.046000     0.014000     0.446092     0.787692     0.009126
     0.046000     0.014000     0.447806     0.787692     0.009853
     0.046000     0.018000     0.444378     0.787692     0.009208
     0.046000     0.018000     0.446092     0.787692     0.005253
     0.046000     0.018000     0.447806     0.787692     0.002220
     0.046000     0.018000     0.449520     0.787692     0.002271
     0.046000     0.018000     0.451235     0.787692     0.005336
     0.046000     0.018000     0.452949     0.787692     0.009274
     0.050000    -0.010000     0.437520     0.787692     0.009020
     0.050000    -0.010000     0.439235     0.787692     0.008352
     0.050000    -0.010000     0.440949     0.787692     0.009487
     0.050000    -0.006000     0.434092     0.787692     0.008345
     0.050000    -0.006000     0.435806     0.787692     0.004273
     0.050000    -0.006000     0.437520     0.787692     0.001564
     0.050000    -0.006000     0.439235     0.787692     0.002818
     0.050000    -0.006000     0.440949     0.787692     0.006509
     0.050000    -0.002000     0.434092     0.787692     0.006573
     0.050000    -0.002000     0.435806     0.787692     0.002303
     0.050000    -0.002000     0.437520     0.787692     0.000000
     0.050000    -0.002000     0.439235     0.787692     0.003015
     0.050000    -0.002000     0.440949     0.787692     0.007310
     0.050000     0.002000     0.434092     0.787692     0.006613
     0.050000     0.002000     0.435806     0.787692     0.002345
     0.050000     0.002000     0.437520     0.787692     0.000024
     0.050000     0.002000     0.439235     0.787692     0.003004
     0.050000     0.002000     0.440949     0.787692     0.007292
     0.050000     0.006000     0.434092     0.787692     0.008410
     0.050000     0.006000     0.435806     0.787692     0.004306
     0.050000     0.006000     0.437520     0.787692     0.001510
     0.050000     0.006000     0.439235     0.787692     0.002701
     0.050000     0.006000     0.440949     0.787692     0.006400
     0.050000     0.010000     0.437520     0.787692     0.008878
     0.050000     0.010000     0.439235     0.787692     0.008132
     0.050000     0.010000     0.440949     0.787692     0.009233


    -0.050000    -0.010000     0.473520     0.788462     0.009615
    -0.050000    -0.010000     0.475235     0.788462     0.008482
    -0.050000    -0.010000     0.476949     0.788462     0.009182
    -0.050000    -0.006000     0.473520     0.788462     0.006753
    -0.050000    -0.006000     0.475235     0.788462     0.003014
    -0.050000    -0.006000     0.476949     0.788462     0.001711
    -0.050000    -0.006000     0.478663     0.788462     0.004464
    -0.050000    -0.006000     0.480378     0.788462     0.008566
    -0.050000    -0.002000     0.473520     0.788462     0.007610
    -0.050000    -0.002000     0.475235     0.788462     0.003264
    -0.050000    -0.002000     0.476949     0.788462     0.000060
    -0.050000    -0.002000     0.478663     0.788462     0.002389
    -0.050000    -0.002000     0.480378     0.788462     0.006708
    -0.050000     0.002000     0.473520     0.788462     0.007629
    -0.050000     0.002000     0.475235     0.788462     0.003277
    -0.050000     0.002000     0.476949     0.788462     0.000038
    -0.050000     0.002000     0.478663     0.788462     0.002348
    -0.050000     0.002000     0.480378     0.788462     0.006669
    -0.050000     0.006000     0.473520     0.788462     0.006862
    -0.050000     0.006000     0.475235     0.788462     0.003135
    -0.050000     0.006000     0.476949     0.788462     0.001774
    -0.050000     0.006000     0.478663     0.788462     0.004436
    -0.050000     0.006000     0.480378     0.788462     0.008503
    -0.050000     0.010000     0.473520     0.788462     0.009869
    -0.050000     0.010000     0.475235     0.788462     0.008704
    -0.050000     0.010000     0.476949     0.788462     0.009329
    -0.046000    -0.018000     0.461520     0.788462     0.009717
    -0.046000    -0.018000     0.463235     0.788462     0.005825
    -0.046000    -0.018000     0.464949     0.788462     0.002833
    -0.046000    -0.018000     0.466663     0.788462     0.002729
    -0.046000    -0.018000     0.468378     0.788462     0.005638
    -0.046000    -0.018000     0.470092     0.788462     0.009532
    -0.046000    -0.014000     0.468378     0.788462     0.009384
    -0.046000     0.014000     0.466663     0.788462     0.009884
    -0.046000     0.014000     0.468378     0.788462     0.009075
    -0.046000     0.014000     0.470092     0.788462     0.009933
    -0.046000     0.018000     0.461520     0.788462     0.009943
    -0.046000     0.018000     0.463235     0.788462     0.006117
    -0.046000     0.018000     0.464949     0.788462     0.003193
    -0.046000     0.018000     0.466663     0.788462     0.002974
    -0.046000     0.018000     0.468378     0.788462     0.005696
    -0.046000     0.018000     0.470092     0.788462     0.009489
    -0.042000    -0.026000     0.451235     0.788462     0.009698
    -0.042000    -0.026000     0.452949     0.788462     0.006359
    -0.042000    -0.026000     0.454663     0.788462     0.004377
    -0.042000    -0.026000     0.456378     0.788462     0.004946
    -0.042000    -0.026000     0.458092     0.788462     0.007635
    -0.042000     0.026000     0.451235     0.788462     0.009985
    -0.042000     0.026000     0.452949     0.788462     0.006757
    -0.042000     0.026000     0.454663     0.788462     0.004856
    -0.042000     0.026000     0.456378     0.788462     0.005332
    -0.042000     0.026000     0.458092     0.788462     0.007854
    -0.038000    -0.030000     0.446092     0.788462     0.009077
    -0.038000    -0.030000     0.447806     0.788462     0.006392
    -0.038000    -0.030000     0.449520     0.788462     0.005534
    -0.038000    -0.030000     0.451235     0.788462     0.007004
    -0.038000    -0.030000     0.452949     0.788462     0.009988
    -0.038000     0.030000     0.446092     0.788462     0.008520
    -0.038000     0.030000     0.447806     0.788462     0.005695
    -0.038000     0.030000     0.449520     0.788462     0.004765
    -0.038000     0.030000     0.451235     0.788462     0.006343
    -0.038000     0.030000     0.452949     0.788462     0.009456
    -0.034000    -0.038000     0.437520     0.788462     0.009265
    -0.034000    -0.038000     0.439235     0.788462     0.008339
    -0.034000    -0.038000     0.440949     0.788462     0.009325
    -0.034000     0.034000     0.444378     0.788462     0.009379
    -0.034000     0.034000     0.446092     0.788462     0.009977
    -0.034000     0.038000     0.439235     0.788462     0.009503
    -0.030000     0.038000     0.440949     0.788462     0.009192
    -0.026000    -0.042000     0.435806     0.788462     0.006900
    -0.026000    -0.042000     0.437520     0.788462     0.004444
    -0.026000    -0.042000     0.439235     0.788462     0.004773
    -0.026000    -0.042000     0.440949     0.788462     0.007588
    -0.026000     0.042000     0.435806     0.788462     0.006299
    -0.026000     0.042000     0.437520     0.788462     0.003537
    -0.026000     0.042000     0.439235     0.788462     0.003798
    -0.026000     0.042000     0.440949     0.788462     0.006800
    -0.022000    -0.046000     0.434092     0.788462     0.007516
    -0.022000    -0.046000     0.435806     0.788462     0.005693
    -0.022000    -0.046000     0.437520     0.788462     0.006397
    -0.022000    -0.046000     0.439235     0.788462     0.009152
    -0.022000     0.046000     0.434092     0.788462     0.008622
    -0.022000     0.046000     0.435806     0.788462     0.006853
    -0.022000     0.046000     0.437520     0.788462     0.007284
    -0.022000     0.046000     0.439235     0.788462     0.009661
    -0.018000    -0.046000     0.435806     0.788462     0.009472
    -0.018000    -0.046000     0.437520     0.788462     0.005370
    -0.018000    -0.046000     0.439235     0.788462     0.002461
    -0.018000    -0.046000     0.440949     0.788462     0.003114
    -0.018000    -0.046000     0.442663     0.788462     0.006554
    -0.018000     0.046000     0.435806     0.788462     0.009507
    -0.018000     0.046000     0.437520     0.788462     0.005215
    -0.018000     0.046000     0.439235     0.788462     0.001774
    -0.018000     0.046000     0.440949     0.788462     0.002051
    -0.018000     0.046000     0.442663     0.788462     0.005643
    -0.018000     0.046000     0.444378     0.788462     0.009905
    -0.006000    -0.050000     0.449520     0.788462     0.009499
    -0.006000     0.050000     0.449520     0.788462     0.009904
    -0.002000    -0.050000     0.452949     0.788462     0.009167
    -0.002000    -0.050000     0.454663     0.788462     0.008500
    -0.002000    -0.050000     0.456378     0.788462     0.009560
    -0.002000     0.050000     0.452949     0.788462     0.009700
    -0.002000     0.050000     0.454663     0.788462     0.008622
    -0.002000     0.050000     0.456378     0.788462     0.009250
     0.002000    -0.050000     0.458092     0.788462     0.009259
     0.002000    -0.050000     0.459806     0.788462     0.008628
     0.002000    -0.050000     0.461520     0.788462     0.009702
     0.002000     0.050000     0.458092     0.788462     0.009558
     0.002000     0.050000     0.459806     0.788462     0.008494
     0.002000     0.050000     0.461520     0.788462     0.009159
     0.006000    -0.050000     0.464949     0.788462     0.009912
     0.006000     0.050000     0.464949     0.788462     0.009493
     0.018000    -0.046000     0.470092     0.788462     0.009914
     0.018000    -0.046000     0.471806     0.788462     0.005649
     0.018000    -0.046000     0.473520     0.788462     0.002049
     0.018000    -0.046000     0.475235     0.788462     0.001754
     0.018000    -0.046000     0.476949     0.788462     0.005195
     0.018000    -0.046000     0.478663     0.788462     0.009487
     0.018000     0.046000     0.471806     0.788462     0.006567
     0.018000     0.046000     0.473520     0.788462     0.003125
     0.018000     0.046000     0.475235     0.788462     0.002462
     0.018000     0.046000     0.476949     0.788462     0.005364
     0.018000     0.046000     0.478663     0.788462     0.009465
     0.022000    -0.046000     0.475235     0.788462     0.009678
     0.022000    -0.046000     0.476949     0.788462     0.007300
     0.022000    -0.046000     0.478663     0.788462     0.006862
     0.022000    -0.046000     0.480378     0.788462     0.008623
     0.022000     0.046000     0.475235     0.788462     0.009157
     0.022000     0.046000     0.476949     0.788462     0.006398
     0.022000     0.046000     0.478663     0.788462     0.005687
     0.022000     0.046000     0.480378     0.788462     0.007507
     0.026000    -0.042000     0.473520     0.788462     0.006803
     0.026000    -0.042000     0.475235     0.788462     0.003791
     0.026000    -0.042000     0.476949     0.788462     0.003517
     0.026000    -0.042000     0.478663     0.788462     0.006276
     0.026000     0.042000     0.473520     0.788462     0.007602
     0.026000     0.042000     0.475235     0.788462     0.004782
     0.026000     0.042000     0.476949     0.788462     0.004444
     0.026000     0.042000     0.478663     0.788462     0.006893
     0.030000    -0.038000     0.471806     0.788462     0.010000
     0.030000    -0.038000     0.473520     0.788462     0.009179
     0.034000    -0.038000     0.475235     0.788462     0.009515
     0.034000    -0.034000     0.468378     0.788462     0.009974
     0.034000    -0.034000     0.470092     0.788462     0.009370
     0.034000     0.038000     0.473520     0.788462     0.009328
     0.034000     0.038000     0.475235     0.788462     0.008335
     0.034000     0.038000     0.476949     0.788462     0.009254
     0.038000    -0.030000     0.461520     0.788462     0.009470
     0.038000    -0.030000     0.463235     0.788462     0.006355
     0.038000    -0.030000     0.464949     0.788462     0.004770
     0.038000    -0.030000     0.466663     0.788462     0.005691
     0.038000    -0.030000     0.468378     0.788462     0.008511
     0.038000     0.030000     0.463235     0.788462     0.007027
     0.038000     0.030000     0.464949     0.788462     0.005547
     0.038000     0.030000     0.466663     0.788462     0.006391
     0.038000     0.030000     0.468378     0.788462     0.009067
     0.042000    -0.026000     0.456378     0.788462     0.007877
     0.042000    -0.026000     0.458092     0.788462     0.005355
     0.042000    -0.026000     0.459806     0.788462     0.004871
     0.042000    -0.026000     0.461520     0.788462     0.006762
     0.042000    -0.026000     0.463235     0.788462     0.009985
     0.042000     0.026000     0.456378     0.788462     0.007666
     0.042000     0.026000     0.458092     0.788462     0.004974
     0.042000     0.026000     0.459806     0.788462     0.004391
     0.042000     0.026000     0.461520     0.788462     0.006357
     0.042000     0.026000     0.463235     0.788462     0.009687
     0.046000    -0.018000     0.444378     0.788462     0.009513
     0.046000    -0.018000     0.446092     0.788462     0.005722
     0.046000    -0.018000     0.447806     0.788462     0.003000
     0.046000    -0.018000     0.449520     0.788462     0.003206
     0.046000    -0.018000     0.451235     0.788462     0.006117
     0.046000    -0.018000     0.452949     0.788462     0.009938
     0.046000    -0.014000     0.444378     0.788462     0.009950
     0.046000    -0.014000     0.446092     0.788462     0.009085
     0.046000    -0.014000     0.447806     0.788462     0.009887
     0.046000     0.014000     0.446092     0.788462     0.009399
     0.046000     0.018000     0.444378     0.788462     0.009563
     0.046000     0.018000     0.446092     0.788462     0.005673
     0.046000     0.018000     0.447806     0.788462     0.002764
     0.046000     0.018000     0.449520     0.788462     0.002848
     0.046000     0.018000     0.451235     0.788462     0.005822
     0.046000     0.018000     0.452949     0.788462     0.009705
     0.050000    -0.010000     0.437520     0.788462     0.009326
     0.050000    -0.010000     0.439235     0.788462     0.008694
     0.050000    -0.010000     0.440949     0.788462     0.009854
     0.050000    -0.006000     0.434092     0.788462     0.008512
     0.050000    -0.006000     0.435806     0.788462     0.004438
     0.050000    -0.006000     0.437520     0.788462     0.001757
     0.050000    -0.006000     0.439235     0.788462     0.003107
     0.050000    -0.006000     0.440949     0.788462     0.006836
     0.050000    -0.002000     0.434092     0.788462     0.006678
     0.050000    -0.002000     0.435806     0.788462     0.002347
     0.050000    -0.002000     0.437520     0.788462     0.000000
     0.050000    -0.002000     0.439235     0.788462     0.003245
     0.050000    -0.002000     0.440949     0.788462     0.007602
     0.050000     0.002000     0.434092     0.788462     0.006717
     0.050000     0.002000     0.435806     0.788462     0.002388
     0.050000     0.002000     0.437520     0.788462     0.000021
     0.050000     0.002000     0.439235     0.788462     0.003231
     0.050000     0.002000     0.440949     0.788462     0.007583
     0.050000     0.006000     0.434092     0.788462     0.008574
     0.050000     0.006000     0.435806     0.788462     0.004465
     0.050000     0.006000     0.437520     0.788462     0.001692
     0.050000     0.006000     0.439235     0.788462     0.002983
     0.050000     0.006000     0.440949     0.788462     0.006724
     0.050000     0.010000     0.437520     0.788462     0.009178
     0.050000     0.010000     0.439235     0.788462     0.008470
     0.050000     0.010000     0.440949     0.788462     0.009597


    -0.050000    -0.010000     0.473520     0.789231     0.009974
    -0.050000    -0.010000     0.475235     0.789231     0.008816
    -0.050000    -0.010000     0.476949     0.789231     0.009479
    -0.050000    -0.006000     0.473520     0.789231     0.007075
    -0.050000    -0.006000     0.475235     0.789231     0.003301
    -0.050000    -0.006000     0.476949     0.789231     0.001903
    -0.050000    -0.006000     0.478663     0.789231     0.004623
    -0.050000    -0.006000     0.480378     0.789231     0.008726
    -0.050000    -0.002000     0.473520     0.789231     0.007899
    -0.050000    -0.002000     0.475235     0.789231     0.003496
    -0.050000    -0.002000     0.476949     0.789231     0.000057
    -0.050000    -0.002000     0.478663     0.789231     0.002429
    -0.050000    -0.002000     0.480378     0.789231     0.006808
    -0.050000     0.002000     0.473520     0.789231     0.007918
    -0.050000     0.002000     0.475235     0.789231     0.003512
    -0.050000     0.002000     0.476949     0.789231     0.000039
    -0.050000     0.002000     0.478663     0.789231     0.002388
    -0.050000     0.002000     0.480378     0.789231     0.006770
    -0.050000     0.006000     0.473520     0.789231     0.007187
    -0.050000     0.006000     0.475235     0.789231     0.003428
    -0.050000     0.006000     0.476949     0.789231     0.001976
    -0.050000     0.006000     0.478663     0.789231     0.004601
    -0.050000     0.006000     0.480378     0.789231     0.008666
    -0.050000     0.010000     0.475235     0.789231     0.009043
    -0.050000     0.010000     0.476949     0.789231     0.009631
    -0.046000    -0.018000     0.463235     0.789231     0.006306
    -0.046000    -0.018000     0.464949     0.789231     0.003400
    -0.046000    -0.018000     0.466663     0.789231     0.003267
    -0.046000    -0.018000     0.468378     0.789231     0.006056
    -0.046000    -0.018000     0.470092     0.789231     0.009883
    -0.046000    -0.014000     0.468378     0.789231     0.009654
    -0.046000     0.014000     0.468378     0.789231     0.009350
    -0.046000     0.018000     0.463235     0.789231     0.006599
    -0.046000     0.018000     0.464949     0.789231     0.003755
    -0.046000     0.018000     0.466663     0.789231     0.003515
    -0.046000     0.018000     0.468378     0.789231     0.006123
    -0.046000     0.018000     0.470092     0.789231     0.009848
    -0.042000    -0.026000     0.452949     0.789231     0.006850
    -0.042000    -0.026000     0.454663     0.789231     0.004942
    -0.042000    -0.026000     0.456378     0.789231     0.005495
    -0.042000    -0.026000     0.458092     0.789231     0.008113
    -0.042000     0.026000     0.452949     0.789231     0.007246
    -0.042000     0.026000     0.454663     0.789231     0.005411
    -0.042000     0.026000     0.456378     0.789231     0.005876
    -0.042000     0.026000     0.458092     0.789231     0.008335
    -0.038000    -0.030000     0.446092     0.789231     0.009376
    -0.038000    -0.030000     0.447806     0.789231     0.006725
    -0.038000    -0.030000     0.449520     0.789231     0.005898
    -0.038000    -0.030000     0.451235     0.789231     0.007372
    -0.038000     0.030000     0.446092     0.789231     0.008826
    -0.038000     0.030000     0.447806     0.789231     0.006041
    -0.038000     0.030000     0.449520     0.789231     0.005148
    -0.038000     0.030000     0.451235     0.789231     0.006725
    -0.038000     0.030000     0.452949     0.789231     0.009822
    -0.034000    -0.038000     0.437520     0.789231     0.009549
    -0.034000    -0.038000     0.439235     0.789231     0.008663
    -0.034000    -0.038000     0.440949     0.789231     0.009676
    -0.034000     0.034000     0.444378     0.789231     0.009614
    -0.034000     0.038000     0.439235     0.789231     0.009824
    -0.030000     0.038000     0.440949     0.789231     0.009370
    -0.026000    -0.042000     0.435806     0.789231     0.006981
    -0.026000    -0.042000     0.437520     0.789231     0.004523
    -0.026000    -0.042000     0.439235     0.789231     0.004922
    -0.026000    -0.042000     0.440949     0.789231     0.007813
    -0.026000     0.042000     0.435806     0.789231     0.006369
    -0.026000     0.042000     0.437520     0.789231     0.003590
    -0.026000     0.042000     0.439235     0.789231     0.003932
    -0.026000     0.042000     0.440949     0.789231     0.007024
    -0.022000    -0.046000     0.434092     0.789231     0.007683
    -0.022000    -0.046000     0.435806     0.789231     0.005895
    -0.022000    -0.046000     0.437520     0.789231     0.006657
    -0.022000    -0.046000     0.439235     0.789231     0.009452
    -0.022000     0.046000     0.434092     0.789231     0.008802
    -0.022000     0.046000     0.435806     0.789231     0.007066
    -0.022000     0.046000     0.437520     0.789231     0.007547
    -0.022000     0.046000     0.439235     0.789231     0.009961
    -0.018000    -0.046000     0.435806     0.789231     0.009611
    -0.018000    -0.046000     0.437520     0.789231     0.005495
    -0.018000    -0.046000     0.439235     0.789231     0.002584
    -0.018000    -0.046000     0.440949     0.789231     0.003328
    -0.018000    -0.046000     0.442663     0.789231     0.006831
    -0.018000     0.046000     0.435806     0.789231     0.009648
    -0.018000     0.046000     0.437520     0.789231     0.005339
    -0.018000     0.046000     0.439235     0.789231     0.001875
    -0.018000     0.046000     0.440949     0.789231     0.002254
    -0.018000     0.046000     0.442663     0.789231     0.005922
    -0.006000    -0.050000     0.449520     0.789231     0.009966
    -0.002000    -0.050000     0.452949     0.789231     0.009651
    -0.002000    -0.050000     0.454663     0.789231     0.009002
    -0.002000     0.050000     0.454663     0.789231     0.009122
    -0.002000     0.050000     0.456378     0.789231     0.009742
     0.002000    -0.050000     0.458092     0.789231     0.009751
     0.002000    -0.050000     0.459806     0.789231     0.009129
     0.002000     0.050000     0.459806     0.789231     0.008997
     0.002000     0.050000     0.461520     0.789231     0.009642
     0.006000     0.050000     0.464949     0.789231     0.009961
     0.018000    -0.046000     0.471806     0.789231     0.005928
     0.018000    -0.046000     0.473520     0.789231     0.002252
     0.018000    -0.046000     0.475235     0.789231     0.001856
     0.018000    -0.046000     0.476949     0.789231     0.005319
     0.018000    -0.046000     0.478663     0.789231     0.009628
     0.018000     0.046000     0.471806     0.789231     0.006844
     0.018000     0.046000     0.473520     0.789231     0.003339
     0.018000     0.046000     0.475235     0.789231     0.002586
     0.018000     0.046000     0.476949     0.789231     0.005489
     0.018000     0.046000     0.478663     0.789231     0.009603
     0.022000    -0.046000     0.475235     0.789231     0.009979
     0.022000    -0.046000     0.476949     0.789231     0.007563
     0.022000    -0.046000     0.478663     0.789231     0.007076
     0.022000    -0.046000     0.480378     0.789231     0.008803
     0.022000     0.046000     0.475235     0.789231     0.009457
     0.022000     0.046000     0.476949     0.789231     0.006658
     0.022000     0.046000     0.478663     0.789231     0.005890
     0.022000     0.046000     0.480378     0.789231     0.007673
     0.026000    -0.042000     0.473520     0.789231     0.007027
     0.026000    -0.042000     0.475235     0.789231     0.003925
     0.026000    -0.042000     0.476949     0.789231     0.003570
     0.026000    -0.042000     0.478663     0.789231     0.006346
     0.026000     0.042000     0.473520     0.789231     0.007827
     0.026000     0.042000     0.475235     0.789231     0.004932
     0.026000     0.042000     0.476949     0.789231     0.004523
     0.026000     0.042000     0.478663     0.789231     0.006974
     0.030000    -0.038000     0.473520     0.789231     0.009357
     0.034000    -0.038000     0.475235     0.789231     0.009836
     0.034000    -0.034000     0.470092     0.789231     0.009605
     0.034000     0.038000     0.473520     0.789231     0.009680
     0.034000     0.038000     0.475235     0.789231     0.008659
     0.034000     0.038000     0.476949     0.789231     0.009538
     0.038000    -0.030000     0.461520     0.789231     0.009837
     0.038000    -0.030000     0.463235     0.789231     0.006738
     0.038000    -0.030000     0.464949     0.789231     0.005153
     0.038000    -0.030000     0.466663     0.789231     0.006038
     0.038000    -0.030000     0.468378     0.789231     0.008817
     0.038000     0.030000     0.463235     0.789231     0.007396
     0.038000     0.030000     0.464949     0.789231     0.005912
     0.038000     0.030000     0.466663     0.789231     0.006725
     0.038000     0.030000     0.468378     0.789231     0.009367
     0.042000    -0.026000     0.456378     0.789231     0.008359
     0.042000    -0.026000     0.458092     0.789231     0.005899
     0.042000    -0.026000     0.459806     0.789231     0.005427
     0.042000    -0.026000     0.461520     0.789231     0.007252
     0.042000     0.026000     0.456378     0.789231     0.008145
     0.042000     0.026000     0.458092     0.789231     0.005523
     0.042000     0.026000     0.459806     0.789231     0.004956
     0.042000     0.026000     0.461520     0.789231     0.006849
     0.046000    -0.018000     0.444378     0.789231     0.009872
     0.046000    -0.018000     0.446092     0.789231     0.006150
     0.046000    -0.018000     0.447806     0.789231     0.003542
     0.046000    -0.018000     0.449520     0.789231     0.003769
     0.046000    -0.018000     0.451235     0.789231     0.006600
     0.046000    -0.014000     0.446092     0.789231     0.009362
     0.046000     0.014000     0.446092     0.789231     0.009669
     0.046000     0.018000     0.444378     0.789231     0.009915
     0.046000     0.018000     0.446092     0.789231     0.006092
     0.046000     0.018000     0.447806     0.789231     0.003302
     0.046000     0.018000     0.449520     0.789231     0.003415
     0.046000     0.018000     0.451235     0.789231     0.006303
     0.050000    -0.010000     0.437520     0.789231     0.009628
     0.050000    -0.010000     0.439235     0.789231     0.009034
     0.050000    -0.006000     0.434092     0.789231     0.008675
     0.050000    -0.006000     0.435806     0.789231     0.004604
     0.050000    -0.006000     0.437520     0.789231     0.001961
     0.050000    -0.006000     0.439235     0.789231     0.003402
     0.050000    -0.006000     0.440949     0.789231     0.007163
     0.050000    -0.002000     0.434092     0.789231     0.006780
     0.050000    -0.002000     0.435806     0.789231     0.002389
     0.050000    -0.002000     0.437520     0.789231     0.000000
     0.050000    -0.002000     0.439235     0.789231     0.003481
     0.050000    -0.002000     0.440949     0.789231     0.007892
     0.050000     0.002000     0.434092     0.789231     0.006818
     0.050000     0.002000     0.435806     0.789231     0.002429
     0.050000     0.002000     0.437520     0.789231     0.000017
     0.050000     0.002000     0.439235     0.789231     0.003465
     0.050000     0.002000     0.440949     0.789231     0.007872
     0.050000     0.006000     0.434092     0.789231     0.008735
     0.050000     0.006000     0.435806     0.789231     0.004626
     0.050000     0.006000     0.437520     0.789231     0.001885
     0.050000     0.006000     0.439235     0.789231     0.003272
     0.050000     0.006000     0.440949     0.789231     0.007047
     0.050000     0.010000     0.437520     0.789231     0.009476
     0.050000     0.010000     0.439235     0.789231     0.008806
     0.050000     0.010000     0.440949     0.789231     0.009957


    -0.050000    -0.010000     0.475235     0.790000     0.009143
    -0.050000    -0.010000     0.476949     0.790000     0.009767
    -0.050000    -0.006000     0.473520     0.790000     0.007391
    -0.050000    -0.006000     0.475235     0.790000     0.003590
    -0.050000    -0.006000     0.476949     0.790000     0.002102
    -0.050000    -0.006000     0.478663     0.790000     0.004779
    -0.050000    -0.006000     0.480378     0.790000     0.008876
    -0.050000    -0.002000     0.473520     0.790000     0.008180
    -0.050000    -0.002000     0.475235     0.790000     0.003730
    -0.050000    -0.002000     0.476949     0.790000     0.000054
    -0.050000    -0.002000     0.478663     0.790000     0.002463
    -0.050000    -0.002000     0.480378     0.790000     0.006899
    -0.050000     0.002000     0.473520     0.790000     0.008201
    -0.050000     0.002000     0.475235     0.790000     0.003748
    -0.050000     0.002000     0.476949     0.790000     0.000040
    -0.050000     0.002000     0.478663     0.790000     0.002424
    -0.050000     0.002000     0.480378     0.790000     0.006862
    -0.050000     0.006000     0.473520     0.790000     0.007507
    -0.050000     0.006000     0.475235     0.790000     0.003723
    -0.050000     0.006000     0.476949     0.790000     0.002187
    -0.050000     0.006000     0.478663     0.790000     0.004763
    -0.050000     0.006000     0.480378     0.790000     0.008821
    -0.050000     0.010000     0.475235     0.790000     0.009373
    -0.050000     0.010000     0.476949     0.790000     0.009924
    -0.046000    -0.018000     0.463235     0.790000     0.006776
    -0.046000    -0.018000     0.464949     0.790000     0.003952
    -0.046000    -0.018000     0.466663     0.790000     0.003794
    -0.046000    -0.018000     0.468378     0.790000     0.006467
    -0.046000    -0.014000     0.468378     0.790000     0.009915
    -0.046000     0.014000     0.468378     0.790000     0.009618
    -0.046000     0.018000     0.463235     0.790000     0.007071
    -0.046000     0.018000     0.464949     0.790000     0.004303
    -0.046000     0.018000     0.466663     0.790000     0.004045
    -0.046000     0.018000     0.468378     0.790000     0.006543
    -0.042000    -0.026000     0.452949     0.790000     0.007331
    -0.042000    -0.026000     0.454663     0.790000     0.005491
    -0.042000    -0.026000     0.456378     0.790000     0.006030
    -0.042000    -0.026000     0.458092     0.790000     0.008580
    -0.042000     0.026000     0.452949     0.790000     0.007723
    -0.042000     0.026000     0.454663     0.790000     0.005951
    -0.042000     0.026000     0.456378     0.790000     0.006407
    -0.042000     0.026000     0.458092     0.790000     0.008805
    -0.038000    -0.030000     0.446092     0.790000     0.009668
    -0.038000    -0.030000     0.447806     0.790000     0.007053
    -0.038000    -0.030000     0.449520     0.790000     0.006258
    -0.038000    -0.030000     0.451235     0.790000     0.007733
    -0.038000     0.030000     0.446092     0.790000     0.009124
    -0.038000     0.030000     0.447806     0.790000     0.006381
    -0.038000     0.030000     0.449520     0.790000     0.005526
    -0.038000     0.030000     0.451235     0.790000     0.007101
    -0.034000    -0.038000     0.437520     0.790000     0.009825
    -0.034000    -0.038000     0.439235     0.790000     0.008978
    -0.034000     0.034000     0.444378     0.790000     0.009840
    -0.030000     0.038000     0.440949     0.790000     0.009539
    -0.026000    -0.042000     0.435806     0.790000     0.007052
    -0.026000    -0.042000     0.437520     0.790000     0.004596
    -0.026000    -0.042000     0.439235     0.790000     0.005068
    -0.026000    -0.042000     0.440949     0.790000     0.008032
    -0.026000     0.042000     0.435806     0.790000     0.006430
    -0.026000     0.042000     0.437520     0.790000     0.003635
    -0.026000     0.042000     0.439235     0.790000     0.004063
    -0.026000     0.042000     0.440949     0.790000     0.007241
    -0.022000    -0.046000     0.434092     0.790000     0.007842
    -0.022000    -0.046000     0.435806     0.790000     0.006094
    -0.022000    -0.046000     0.437520     0.790000     0.006912
    -0.022000    -0.046000     0.439235     0.790000     0.009744
    -0.022000     0.046000     0.434092     0.790000     0.008973
    -0.022000     0.046000     0.435806     0.790000     0.007273
    -0.022000     0.046000     0.437520     0.790000     0.007804
    -0.018000    -0.046000     0.435806     0.790000     0.009741
    -0.018000    -0.046000     0.437520     0.790000     0.005614
    -0.018000    -0.046000     0.439235     0.790000     0.002709
    -0.018000    -0.046000     0.440949     0.790000     0.003544
    -0.018000    -0.046000     0.442663     0.790000     0.007103
    -0.018000     0.046000     0.435806     0.790000     0.009779
    -0.018000     0.046000     0.437520     0.790000     0.005457
    -0.018000     0.046000     0.439235     0.790000     0.001980
    -0.018000     0.046000     0.440949     0.790000     0.002463
    -0.018000     0.046000     0.442663     0.790000     0.006196
    -0.002000    -0.050000     0.454663     0.790000     0.009493
    -0.002000     0.050000     0.454663     0.790000     0.009610
     0.002000    -0.050000     0.459806     0.790000     0.009616
     0.002000     0.050000     0.459806     0.790000     0.009487
     0.018000    -0.046000     0.471806     0.790000     0.006203
     0.018000    -0.046000     0.473520     0.790000     0.002462
     0.018000    -0.046000     0.475235     0.790000     0.001961
     0.018000    -0.046000     0.476949     0.790000     0.005437
     0.018000    -0.046000     0.478663     0.790000     0.009760
     0.018000     0.046000     0.471806     0.790000     0.007116
     0.018000     0.046000     0.473520     0.790000     0.003555
     0.018000     0.046000     0.475235     0.790000     0.002711
     0.018000     0.046000     0.476949     0.790000     0.005608
     0.018000     0.046000     0.478663     0.790000     0.009733
     0.022000    -0.046000     0.476949     0.790000     0.007820
     0.022000    -0.046000     0.478663     0.790000     0.007283
     0.022000    -0.046000     0.480378     0.790000     0.008974
     0.022000     0.046000     0.475235     0.790000     0.009750
     0.022000     0.046000     0.476949     0.790000     0.006913
     0.022000     0.046000     0.478663     0.790000     0.006088
     0.022000     0.046000     0.480378     0.790000     0.007832
     0.026000    -0.042000     0.473520     0.790000     0.007245
     0.026000    -0.042000     0.475235     0.790000     0.004057
     0.026000    -0.042000     0.476949     0.790000     0.003616
     0.026000    -0.042000     0.478663     0.790000     0.006407
     0.026000     0.042000     0.473520     0.790000     0.008046
     0.026000     0.042000     0.475235     0.790000     0.005078
     0.026000     0.042000     0.476949     0.790000     0.004596
     0.026000     0.042000     0.478663     0.790000     0.007045
     0.030000    -0.038000     0.473520     0.790000     0.009527
     0.034000    -0.034000     0.470092     0.790000     0.009833
     0.034000     0.038000     0.475235     0.790000     0.008975
     0.034000     0.038000     0.476949     0.790000     0.009815
     0.038000    -0.030000     0.463235     0.790000     0.007114
     0.038000    -0.030000     0.464949     0.790000     0.005532
     0.038000    -0.030000     0.466663     0.790000     0.006379
     0.038000    -0.030000     0.468378     0.790000     0.009116
     0.038000     0.030000     0.463235     0.790000     0.007758
     0.038000     0.030000     0.464949     0.790000     0.006273
     0.038000     0.030000     0.466663     0.790000     0.007054
     0.038000     0.030000     0.468378     0.790000     0.009659
     0.042000    -0.026000     0.456378     0.790000     0.008828
     0.042000    -0.026000     0.458092     0.790000     0.006430
     0.042000    -0.026000     0.459806     0.790000     0.005967
     0.042000    -0.026000     0.461520     0.790000     0.007730
     0.042000     0.026000     0.456378     0.790000     0.008612
     0.042000     0.026000     0.458092     0.790000     0.006058
     0.042000     0.026000     0.459806     0.790000     0.005506
     0.042000     0.026000     0.461520     0.790000     0.007331
     0.046000    -0.018000     0.446092     0.790000     0.006570
     0.046000    -0.018000     0.447806     0.790000     0.004071
     0.046000    -0.018000     0.449520     0.790000     0.004317
     0.046000    -0.018000     0.451235     0.790000     0.007073
     0.046000    -0.014000     0.446092     0.790000     0.009630
     0.046000     0.014000     0.446092     0.790000     0.009930
     0.046000     0.018000     0.446092     0.790000     0.006503
     0.046000     0.018000     0.447806     0.790000     0.003829
     0.046000     0.018000     0.449520     0.790000     0.003968
     0.046000     0.018000     0.451235     0.790000     0.006774
     0.050000    -0.010000     0.437520     0.790000     0.009922
     0.050000    -0.010000     0.439235     0.790000     0.009365
     0.050000    -0.006000     0.434092     0.790000     0.008830
     0.050000    -0.006000     0.435806     0.790000     0.004767
     0.050000    -0.006000     0.437520     0.790000     0.002173
     0.050000    -0.006000     0.439235     0.790000     0.003699
     0.050000    -0.006000     0.440949     0.790000     0.007483
     0.050000    -0.002000     0.434092     0.790000     0.006873
     0.050000    -0.002000     0.435806     0.790000     0.002427
     0.050000    -0.002000     0.437520     0.790000     0.000000
     0.050000    -0.002000     0.439235     0.790000     0.003718
     0.050000    -0.002000     0.440949     0.790000     0.008176
     0.050000     0.002000     0.434092     0.790000     0.006910
     0.050000     0.002000     0.435806     0.790000     0.002466
     0.050000     0.002000     0.437520     0.790000     0.000013
     0.050000     0.002000     0.439235     0.790000     0.003700
     0.050000     0.002000     0.440949     0.790000     0.008154
     0.050000     0.006000     0.434092     0.790000     0.008887
     0.050000     0.006000     0.435806     0.790000     0.004783
     0.050000     0.006000     0.437520     0.790000     0.002087
     0.050000     0.006000     0.439235     0.790000     0.003562
     0.050000     0.006000     0.440949     0.790000     0.007365
     0.050000     0.010000     0.437520     0.790000     0.009765
     0.050000     0.010000     0.439235     0.790000     0.009133


